case,order,secondary_nm,primary_nm,time_h,permeability_fluorescence,committed_fraction,membrane_compromised_cumulative,atp_proxy,caspase_proxy,ldh_proxy,surface_complex_copies,internalized_complex_copies,payload_copies,delivered_payload_cumulative,core_committed,rim_committed
reference,simultaneous,0.1,0.01,24.0,1e-08,3e-08,1e-08,0.99936886,2e-08,1e-08,31.60471962,23.67622596,1.93767448,2.74330968,0.0,4e-08
reference,simultaneous,0.1,0.01,48.0,1.018e-05,2.006e-05,9.67e-06,0.99605456,1.039e-05,8.44e-06,39.04907651,37.56821468,5.5229183,11.64600284,0.0,2.848e-05
reference,simultaneous,0.1,0.01,72.0,0.00021388,0.00031155,0.00020323,0.99195044,0.00010832,0.00015891,39.50451078,40.20176867,7.32852737,22.56584305,3e-08,0.00044209
reference,simultaneous,0.1,0.026101572156825372,24.0,1.4e-07,5.1e-07,1.3e-07,0.99839941,3.8e-07,1.2e-07,79.96517285,60.01564496,4.9242848,6.97712453,0.0,7.3e-07
reference,simultaneous,0.1,0.026101572156825372,48.0,0.00015832,0.00030995,0.00015043,0.99008708,0.00015952,0.00013118,98.65143053,94.9406499,13.97251306,29.49669873,1e-08,0.00044007
reference,simultaneous,0.1,0.026101572156825372,72.0,0.00314091,0.00453265,0.00298453,0.97802177,0.00154811,0.00232343,99.7854006,101.55190849,18.51921193,57.08500174,4.1e-07,0.00643075
reference,simultaneous,0.1,0.06812920690579614,24.0,2e-06,7.39e-06,1.9e-06,0.99611462,5.49e-06,1.8e-06,192.72764372,145.33927942,12.00398206,17.04247712,0.0,1.049e-05
reference,simultaneous,0.1,0.06812920690579614,48.0,0.00201949,0.00388519,0.00191876,0.97562329,0.00196642,0.00166772,236.81705967,228.10564765,33.66688331,71.28166258,1.3e-07,0.00551569
reference,simultaneous,0.1,0.06812920690579614,72.0,0.03418279,0.04790316,0.03248285,0.92729914,0.01542031,0.02494744,239.42391309,243.69839833,44.48631636,137.51443504,5.89e-06,0.06792999
reference,simultaneous,0.1,0.1778279410038923,24.0,2.198e-05,7.978e-05,2.088e-05,0.99147207,5.89e-05,1.975e-05,413.53417428,315.49330503,26.48064195,37.78229892,0.0,0.00011334
reference,simultaneous,0.1,0.1778279410038923,48.0,0.01652784,0.03046408,0.01570403,0.94064022,0.01476005,0.01353728,503.04886876,485.65162993,72.19538337,153.97480676,1.3e-06,0.04323647
reference,simultaneous,0.1,0.1778279410038923,72.0,0.18515569,0.23900347,0.17598766,0.76468778,0.06301581,0.12948368,507.77631839,517.08745119,94.65158488,294.68567238,6.071e-05,0.33825148
reference,simultaneous,0.1,0.464158883361278,24.0,0.00013851,0.00048595,0.00013159,0.9845791,0.00035436,0.00012417,705.83368877,550.51401435,47.70478859,68.76453911,0.0,0.00069032
reference,simultaneous,0.1,0.464158883361278,48.0,0.0631324,0.10785545,0.05999048,0.87611733,0.04786497,0.05089292,839.56008539,815.23585609,123.05666726,266.40100568,7.32e-06,0.15296072
reference,simultaneous,0.1,0.464158883361278,72.0,0.39541677,0.46170247,0.3761225,0.56670619,0.08557998,0.2564006,841.95279273,859.05112855,158.41992924,501.14886595,0.00035086,0.64883275
reference,simultaneous,0.1,1.2115276586285888,24.0,0.00039773,0.00133944,0.00037787,0.9785402,0.00096157,0.00035555,892.6145467,717.88370006,64.90839079,94.90552303,1e-08,0.0019026
reference,simultaneous,0.1,1.2115276586285888,48.0,0.11061046,0.1771333,0.10512817,0.82218642,0.07200512,0.0877263,1000.94569846,988.58032352,154.02032312,341.78540466,2.442e-05,0.25070685
reference,simultaneous,0.1,1.2115276586285888,72.0,0.49192965,0.55063616,0.46883578,0.47770154,0.08180038,0.30269742,978.45198021,1005.95848976,189.67455488,620.83019667,0.00133067,0.75988108
reference,simultaneous,0.1,3.1622776601683795,24.0,0.00054639,0.00176664,0.00051914,0.97647843,0.0012475,0.00048704,803.05122725,694.12598232,67.44171549,100.5310219,2e-08,0.00250781
reference,simultaneous,0.1,3.1622776601683795,48.0,0.10581789,0.16596697,0.10071428,0.82668286,0.06525269,0.08329044,790.58492358,807.96985401,135.31003969,316.51837859,0.00015784,0.23196594
reference,simultaneous,0.1,3.1622776601683795,72.0,0.46734628,0.53659356,0.44858845,0.49189179,0.08800511,0.29184365,746.44354665,775.55781278,152.41655409,536.79361301,0.01130147,0.69736257
reference,simultaneous,0.1,8.25404185268019,24.0,0.00029923,0.00090742,0.00028474,0.98061564,0.00062268,0.00026571,477.21230956,452.37451554,49.4121717,76.36449461,5.8e-07,0.00127152
reference,simultaneous,0.1,8.25404185268019,48.0,0.04247906,0.06856816,0.04083375,0.90050737,0.02773441,0.03376877,413.84090891,439.2093465,80.43054066,202.90780256,0.00454786,0.08883442
reference,simultaneous,0.1,8.25404185268019,72.0,0.2422708,0.29941275,0.23590594,0.70002142,0.06350682,0.1616629,377.3955107,396.36566301,81.84133161,318.34154001,0.08679164,0.35442428
reference,simultaneous,0.1,21.544346900318843,24.0,5.596e-05,0.00016457,5.384e-05,0.9885319,0.00011073,5.003e-05,207.560981,212.19482898,25.93426148,41.67113558,1.424e-05,0.00021259
reference,simultaneous,0.1,21.544346900318843,48.0,0.0066987,0.011047,0.00654243,0.96067864,0.00450458,0.00540609,174.42339046,187.36874288,36.23130042,97.49731482,0.00422702,0.01289649
reference,simultaneous,0.1,21.544346900318843,72.0,0.0431503,0.05569309,0.04249371,0.91501276,0.01319937,0.02976562,158.54653193,166.69527071,35.10900598,146.28136307,0.03273182,0.06164388
reference,simultaneous,0.1,56.23413251903491,24.0,5.66e-06,1.655e-05,5.53e-06,0.99462504,1.102e-05,5.13e-06,83.24378129,87.55076515,11.31131887,18.62208228,6.2e-06,1.933e-05
reference,simultaneous,0.1,56.23413251903491,48.0,0.00060713,0.00100697,0.00059954,0.98463815,0.00040743,0.00049414,69.19875449,74.65202039,14.78779797,41.14779646,0.00066048,0.00109444
reference,simultaneous,0.1,56.23413251903491,72.0,0.00390973,0.00510038,0.00387862,0.9765091,0.00122176,0.00271894,62.91538493,66.14761693,14.04222839,60.5283107,0.00397921,0.00538205
reference,simultaneous,0.1,146.77992676220705,24.0,4.2e-07,1.22e-06,4.1e-07,0.99775136,8.1e-07,3.8e-07,32.408582,34.50208729,4.57237929,7.61560542,7.4e-07,1.34e-06
reference,simultaneous,0.1,146.77992676220705,48.0,4.204e-05,6.979e-05,4.174e-05,0.99390991,2.806e-05,3.434e-05,26.86422936,29.02154475,5.80817447,16.41411213,5.569e-05,7.321e-05
reference,simultaneous,0.1,146.77992676220705,72.0,0.00026705,0.00034916,0.00026585,0.991709,8.331e-05,0.00018603,24.43521491,25.68799624,5.4700959,23.94214505,0.00030512,0.00035988
reference,simultaneous,0.1,383.1186849557293,24.0,3e-08,8e-08,3e-08,0.9991074,5e-08,2e-08,12.48995535,13.36041435,1.78915153,2.99428931,5e-08,8e-08
reference,simultaneous,0.1,383.1186849557293,48.0,2.57e-06,4.27e-06,2.56e-06,0.99761747,1.71e-06,2.1e-06,10.34447375,11.18057355,2.24672988,6.38986731,3.65e-06,4.43e-06
reference,simultaneous,0.1,383.1186849557293,72.0,1.623e-05,2.123e-05,1.618e-05,0.99683095,5.05e-06,1.131e-05,9.41112287,9.89310657,2.10917662,9.28926218,1.93e-05,2.171e-05
reference,simultaneous,0.1,1000.0,24.0,0.0,0.0,0.0,0.99965354,0.0,0.0,4.79571548,5.13908037,0.69082001,1.15809094,0.0,0.0
reference,simultaneous,0.1,1000.0,48.0,1.5e-07,2.5e-07,1.5e-07,0.99907878,1e-07,1.2e-07,3.97081691,4.29248766,0.86386346,2.46256806,2.1e-07,2.6e-07
reference,simultaneous,0.1,1000.0,72.0,9.4e-07,1.23e-06,9.4e-07,0.99877953,2.9e-07,6.6e-07,3.61289028,3.79782484,0.81002802,3.57561572,1.13e-06,1.26e-06
reference,simultaneous,3.0,0.01,24.0,1.05e-06,3.55e-06,1e-06,0.99709857,2.56e-06,9.4e-07,108.02303992,86.59180175,7.96386052,11.76587117,0.0,5.05e-06
reference,simultaneous,3.0,0.01,48.0,0.00055833,0.00103884,0.00053044,0.98548896,0.0005084,0.0004569,129.53653334,125.34787392,19.09442385,42.23307744,1e-08,0.00147558
reference,simultaneous,3.0,0.01,72.0,0.00848502,0.01189935,0.00806175,0.96680849,0.00383761,0.00616686,132.24303773,134.1431358,24.58151055,78.59347459,3.1e-07,0.0168947
reference,simultaneous,3.0,0.026101572156825372,24.0,1.777e-05,5.988e-05,1.688e-05,0.9925728,4.3e-05,1.588e-05,281.7062054,225.85083542,20.77378358,30.69172485,0.0,8.508e-05
reference,simultaneous,3.0,0.026101572156825372,48.0,0.00815764,0.01479245,0.00775033,0.95886554,0.00704212,0.00664109,337.6190694,326.7572219,49.78745711,110.13383457,1.4e-07,0.02100915
reference,simultaneous,3.0,0.026101572156825372,72.0,0.09616983,0.12794673,0.09137802,0.85788678,0.03656871,0.06805722,344.54662829,349.53778603,64.06805468,204.8967035,5.5e-06,0.18156486
reference,simultaneous,3.0,0.06812920690579614,24.0,0.00028026,0.00092727,0.00026625,0.98141058,0.00066101,0.00025014,733.56606233,588.35275859,54.13204441,79.97861219,0.0,0.00131743
reference,simultaneous,3.0,0.06812920690579614,48.0,0.08109895,0.13367221,0.07705386,0.8572958,0.05661835,0.06470249,877.84451702,849.98593612,129.59440358,286.76872063,2.59e-06,0.18975575
reference,simultaneous,3.0,0.06812920690579614,72.0,0.4300553,0.49127261,0.4088199,0.53905853,0.08245271,0.2719737,894.97931687,908.22594665,166.58177185,533.12397471,9.781e-05,0.69409979
reference,simultaneous,3.0,0.1778279410038923,24.0,0.00367065,0.01153207,0.00348724,0.95462843,0.00804483,0.00326564,1902.54169925,1527.57175839,140.65228121,207.82718655,3e-08,0.01638298
reference,simultaneous,3.0,0.1778279410038923,48.0,0.32054488,0.42800433,0.30467624,0.6162934,0.12332809,0.23954937,2267.36981253,2198.14272816,335.73486709,743.59361193,4.737e-05,0.60506378
reference,simultaneous,3.0,0.1778279410038923,72.0,0.67957381,0.69789063,0.64900863,0.31584365,0.048882,0.34824482,2305.37383617,2341.50474906,430.24748191,1379.62920274,0.00173947,0.94292351
reference,simultaneous,3.0,0.464158883361278,24.0,0.03021083,0.08201017,0.02870255,0.89094847,0.05330763,0.02661701,4875.47191159,3926.73081784,362.32193457,535.48276692,4.9e-07,0.11645855
reference,simultaneous,3.0,0.464158883361278,48.0,0.54247933,0.62406473,0.51740764,0.41379594,0.10665709,0.36703798,5739.50295612,5585.02994656,857.50009113,1904.23222412,0.00090565,0.84887316
reference,simultaneous,3.0,0.464158883361278,72.0,0.82975504,0.85637489,0.80756187,0.164775,0.04881303,0.37631268,5788.28091567,5894.23148029,1088.99637294,3512.19834762,0.03010933,0.98512895
reference,simultaneous,3.0,1.2115276586285888,24.0,0.11112699,0.23744073,0.1056091,0.77818642,0.13183162,0.09584098,11941.93476365,9719.69353469,902.85733332,1335.17160479,1.033e-05,0.33604241
reference,simultaneous,3.0,1.2115276586285888,48.0,0.69944949,0.78281089,0.67698975,0.26220032,0.10582114,0.44501514,13444.96411095,13262.97216745,2075.04208326,4650.67604384,0.01904899,0.92800878
reference,simultaneous,3.0,1.2115276586285888,72.0,0.93553983,0.95337825,0.92492529,0.06034641,0.02845296,0.38008037,13180.29426285,13541.46211476,2551.40101582,8401.309617,0.35405978,0.99366192
reference,simultaneous,3.0,3.1622776601683795,24.0,0.19619248,0.35854562,0.18682988,0.6775005,0.17171574,0.16583295,21554.96315129,18500.86780783,1781.00571153,2648.30090038,0.00022662,0.49443685
reference,simultaneous,3.0,3.1622776601683795,48.0,0.81463753,0.89097427,0.80085551,0.15098144,0.09011876,0.50105559,20894.25139709,21448.65666409,3602.37431112,8409.53045822,0.28948035,0.95228934
reference,simultaneous,3.0,3.1622776601683795,72.0,0.97684292,0.98838871,0.97400305,0.01910722,0.01438567,0.35495488,19626.73863383,20424.20917213,4031.27707226,14229.70910644,0.88743938,0.99590542
reference,simultaneous,3.0,8.25404185268019,24.0,0.21336504,0.39466014,0.20480236,0.65007066,0.18985778,0.18140921,14659.92807986,13857.22607353,1509.57260925,2329.87116229,0.0058087,0.50153765
reference,simultaneous,3.0,8.25404185268019,48.0,0.85470895,0.92818229,0.84832875,0.1114133,0.07985354,0.52273275,12607.08133896,13430.71669351,2464.49187493,6210.52138625,0.7424731,0.95131163
reference,simultaneous,3.0,8.25404185268019,72.0,0.985058,0.99354534,0.98425717,0.01141816,0.00928817,0.34014427,11418.47693808,12018.47442572,2493.53753884,9724.37411442,0.97565265,0.99569958
reference,simultaneous,3.0,21.544346900318843,24.0,0.15351827,0.31809494,0.14943276,0.71291694,0.16866219,0.13422209,6266.28737847,6428.42407587,787.7705415,1266.18348531,0.09472965,0.36886108
reference,simultaneous,3.0,21.544346900318843,48.0,0.82390705,0.91152782,0.82089447,0.13512127,0.09063336,0.52379359,5248.19594046,5643.66226335,1094.52743316,2951.68836096,0.84339455,0.92372073
reference,simultaneous,3.0,21.544346900318843,72.0,0.98015795,0.99124831,0.97975104,0.01509972,0.01149728,0.35556108,4766.90096645,5013.23152841,1057.45410373,4419.73399484,0.98402941,0.99252541
reference,simultaneous,3.0,56.23413251903491,24.0,0.05189695,0.12758766,0.05095376,0.84694099,0.07663391,0.0465514,2499.7367733,2631.93128466,340.58283744,560.99424254,0.06570199,0.1424476
reference,simultaneous,3.0,56.23413251903491,48.0,0.66371457,0.79539668,0.66146633,0.27281603,0.13393035,0.46505261,2076.94131993,2241.04947936,444.3182079,1237.56725518,0.73764295,0.80762472
reference,simultaneous,3.0,56.23413251903491,72.0,0.94529052,0.97175708,0.94478703,0.04359917,0.02697005,0.41030104,1888.18076385,1985.25541968,421.58816561,1819.27921081,0.96224823,0.97375125
reference,simultaneous,3.0,146.77992676220705,24.0,0.00730194,0.02004196,0.00720939,0.93713271,0.01283258,0.00664379,972.42116066,1035.56386803,137.32060773,228.77153137,0.0129321,0.02175596
reference,simultaneous,3.0,146.77992676220705,48.0,0.29455713,0.4159732,0.29331477,0.62111926,0.12265843,0.2278438,805.98693096,870.74943977,174.31222232,492.79262471,0.3711345,0.4262491
reference,simultaneous,3.0,146.77992676220705,72.0,0.72827443,0.80453745,0.72732706,0.23408055,0.07721038,0.41143617,733.10014981,770.69089,164.12922517,718.65281755,0.77998315,0.81012139
reference,simultaneous,3.0,383.1186849557293,24.0,0.00059856,0.00170561,0.00059248,0.97462278,0.00111312,0.00054752,374.71233147,400.86919031,53.69430492,89.87061797,0.00122576,0.00182471
reference,simultaneous,3.0,383.1186849557293,48.0,0.04401683,0.0698325,0.04381421,0.89881912,0.0260183,0.03549389,310.33807373,335.42572011,67.40976725,191.74469439,0.06111399,0.0719617
reference,simultaneous,3.0,383.1186849557293,72.0,0.20666187,0.25609593,0.20616193,0.73450198,0.049934,0.13706854,282.33625464,296.79638564,63.27793381,278.72792122,0.23953354,0.26014115
reference,simultaneous,3.0,1000.0,24.0,3.899e-05,0.00011251,3.861e-05,0.98987865,7.389e-05,3.572e-05,143.87294855,154.17973015,20.72740716,34.74879134,8.297e-05,0.00012002
reference,simultaneous,3.0,1000.0,48.0,0.00341916,0.0055975,0.00340314,0.97091988,0.00219435,0.00278408,119.12479224,128.77550119,25.91695484,73.88392634,0.00488625,0.00577581
reference,simultaneous,3.0,1000.0,72.0,0.01984666,0.02562184,0.01979109,0.94762823,0.00583075,0.01366474,108.38686166,113.93496452,24.30115861,107.27547592,0.02367257,0.02611034
reference,simultaneous,100.0,0.01,24.0,1.18e-06,4.01e-06,1.12e-06,0.99698405,2.89e-06,1.06e-06,114.03440912,90.92917718,8.31087754,12.26514925,0.0,5.7e-06
reference,simultaneous,100.0,0.01,48.0,0.00064292,0.00119881,0.0006108,0.984734,0.00058801,0.0005264,137.78111375,133.04532534,20.17708496,44.47209027,1e-08,0.00170293
reference,simultaneous,100.0,0.01,72.0,0.00987677,0.01386378,0.00938392,0.96421948,0.00447986,0.00718335,141.19563196,143.0453849,26.13340438,83.16485978,2.7e-07,0.01968603
reference,simultaneous,100.0,0.026101572156825372,24.0,2.003e-05,6.752e-05,1.902e-05,0.99228242,4.849e-05,1.789e-05,297.49107139,237.2481851,21.68696249,32.00635527,0.0,9.594e-05
reference,simultaneous,100.0,0.026101572156825372,48.0,0.00929975,0.01686699,0.00883531,0.9563494,0.00803168,0.00757211,359.25406657,346.96013185,52.63035233,116.01634615,1.2e-07,0.02395751
reference,simultaneous,100.0,0.026101572156825372,72.0,0.10834725,0.14354902,0.10294672,0.84499422,0.0406023,0.07653297,368.03069463,372.89268625,68.14056203,216.89935665,4.8e-06,0.20373281
reference,simultaneous,100.0,0.06812920690579614,24.0,0.00031547,0.00104316,0.0002997,0.98068889,0.00074346,0.00028154,775.42198902,618.62739208,56.56706697,83.48944364,0.0,0.00148215
reference,simultaneous,100.0,0.06812920690579614,48.0,0.08945351,0.14643959,0.08499033,0.8478049,0.06144926,0.07126722,935.11390371,903.48992079,137.13242971,302.38873406,2.1e-06,0.20790455
reference,simultaneous,100.0,0.06812920690579614,72.0,0.45054544,0.50992298,0.42828789,0.52101478,0.08163508,0.28225957,957.08117701,970.00653903,177.36271388,564.94198758,8.542e-05,0.72054737
reference,simultaneous,100.0,0.1778279410038923,24.0,0.00411581,0.01287963,0.00391013,0.95276941,0.0089695,0.00366053,2016.45930561,1610.34789312,147.37602001,217.55864124,2e-08,0.01829853
reference,simultaneous,100.0,0.1778279410038923,48.0,0.33475525,0.44209325,0.31817073,0.60345178,0.12392252,0.24901218,2422.52758937,2343.282981,356.24834522,786.25923598,3.841e-05,0.62516773
reference,simultaneous,100.0,0.1778279410038923,72.0,0.68567038,0.70179347,0.6548224,0.31087172,0.04697107,0.34706061,2473.16774909,2508.58008253,459.4605745,1466.16122699,0.00151881,0.94796024
reference,simultaneous,100.0,0.464158883361278,24.0,0.03347902,0.08964123,0.03180705,0.88573873,0.05783418,0.02946298,5208.70658627,4171.77694219,382.72192974,565.2771804,3.2e-07,0.1273121
reference,simultaneous,100.0,0.464158883361278,48.0,0.55075663,0.62919804,0.52521627,0.4073493,0.10398178,0.37006187,6187.71547106,6005.79504777,917.47742145,2030.17969004,0.00073144,0.85690234
reference,simultaneous,100.0,0.464158883361278,72.0,0.83133727,0.85737774,0.80906374,0.16354263,0.048314,0.37371371,6269.12585071,6374.28987944,1173.41096365,3764.70575774,0.02635935,0.98611718
reference,simultaneous,100.0,1.2115276586285888,24.0,0.12267444,0.25473606,0.11657626,0.76576704,0.1381598,0.10542357,13153.54843181,10638.77661088,983.76112145,1455.42827648,6.9e-06,0.36071459
reference,simultaneous,100.0,1.2115276586285888,48.0,0.70507066,0.78546488,0.68222723,0.25825335,0.10323765,0.44432068,15007.31857443,14748.40641836,2292.22431463,5118.01611783,0.01537561,0.93252305
reference,simultaneous,100.0,1.2115276586285888,72.0,0.93568517,0.95264302,0.92480071,0.06063547,0.02784231,0.37622519,14802.77406425,15178.78566488,2845.44862653,9307.39814981,0.32298858,0.99410126
reference,simultaneous,100.0,3.1622776601683795,24.0,0.23735106,0.40569961,0.22609729,0.63727059,0.17960232,0.19817296,29617.77101928,25172.88076179,2416.72354384,3602.09674349,0.00021764,0.55646309
reference,simultaneous,100.0,3.1622776601683795,48.0,0.83233915,0.90107781,0.8187169,0.13713472,0.08236091,0.49933463,28960.61202189,29686.92027923,4956.85647632,11531.37938453,0.28142934,0.95971518
reference,simultaneous,100.0,3.1622776601683795,72.0,0.97903713,0.98935212,0.97622769,0.01745634,0.01312443,0.34408179,27223.44555651,28316.7975931,5577.50298513,19595.25378381,0.88519549,0.99658278
reference,simultaneous,100.0,8.25404185268019,24.0,0.35492751,0.56240409,0.34302453,0.5079376,0.21937957,0.29354039,45141.04527668,42637.07790529,4658.80568064,7189.07376616,0.02323595,0.66905482
reference,simultaneous,100.0,8.25404185268019,48.0,0.90648952,0.95691415,0.90187366,0.07035,0.05504049,0.51003746,39199.43259622,41835.35796973,7646.13518591,19221.27133512,0.82633456,0.9712161
reference,simultaneous,100.0,8.25404185268019,72.0,0.99121759,0.99634757,0.99071894,0.00661445,0.00562863,0.30390435,34850.8431467,36889.92854658,7711.52457841,30096.15413159,0.98497745,0.99757348
reference,simultaneous,100.0,21.544346900318843,24.0,0.46077033,0.68351949,0.45408162,0.40402844,0.22943787,0.38054005,48561.9209216,51396.92457635,6425.83966784,10351.57898904,0.42699674,0.72360839
reference,simultaneous,100.0,21.544346900318843,48.0,0.93510175,0.97251372,0.93384959,0.04714534,0.03866414,0.49365825,39489.41414906,42856.35232375,8529.27641239,23424.26939244,0.94764234,0.97623468
reference,simultaneous,100.0,21.544346900318843,72.0,0.99415855,0.99768528,0.99403891,0.00424542,0.00364636,0.27782479,35647.260265,37573.5416251,8029.41364527,34484.55874498,0.99558652,0.99799901
reference,simultaneous,100.0,56.23413251903491,24.0,0.51546783,0.73234053,0.51287397,0.35653293,0.21946656,0.42260611,47988.13250804,51918.39772278,6996.77042329,11672.63457656,0.65535016,0.74585909
reference,simultaneous,100.0,56.23413251903491,48.0,0.94444938,0.97701805,0.94404721,0.03985799,0.03297084,0.48123925,39447.50717839,42754.25698931,8662.66968653,24740.90603309,0.97010345,0.97822258
reference,simultaneous,100.0,56.23413251903491,72.0,0.99504288,0.99806545,0.99500539,0.00355694,0.00306006,0.26599638,35790.11290613,37660.97488646,8065.15721864,35799.62462064,0.99748308,0.99816688
reference,simultaneous,100.0,146.77992676220705,24.0,0.4913681,0.71359595,0.49024566,0.37647565,0.22335029,0.40673251,32522.38062317,35070.78817444,4762.10740958,8007.06780029,0.68065425,0.71967311
reference,simultaneous,100.0,146.77992676220705,48.0,0.93996458,0.97502478,0.93978301,0.04305665,0.03524176,0.48598923,26860.54039426,29068.56735977,5880.7803354,16866.44330875,0.97199265,0.9755824
reference,simultaneous,100.0,146.77992676220705,72.0,0.99457475,0.99787776,0.99455755,0.00388992,0.00332021,0.27071235,24417.6527143,25676.21996058,5488.55452317,24396.66148028,0.99761949,0.99792527
reference,simultaneous,100.0,383.1186849557293,24.0,0.35547362,0.58691242,0.35450794,0.4995411,0.23240448,0.30499263,12505.42245715,13428.66578122,1813.28618915,3045.64536543,0.55427078,0.593821
reference,simultaneous,100.0,383.1186849557293,48.0,0.90962675,0.96030485,0.90940116,0.06600167,0.05090369,0.51012736,10348.27682924,11189.97026813,2256.18326888,6449.1507886,0.95662872,0.96108006
reference,simultaneous,100.0,383.1186849557293,72.0,0.99124702,0.99645489,0.99122339,0.00638051,0.00523151,0.29955528,9413.44213623,9896.13808965,2112.21917031,9349.97600329,0.99612207,0.99652514
reference,simultaneous,100.0,1000.0,24.0,0.16976609,0.34642551,0.16896618,0.69463996,0.17745933,0.15088679,4797.37899905,5147.80612033,694.11939736,1165.24043769,0.30914701,0.35510989
reference,simultaneous,100.0,1000.0,48.0,0.8279154,0.91385998,0.8274695,0.13144131,0.08639047,0.52089836,3971.13187056,4293.49927356,865.09916361,2470.68635853,0.90569633,0.91573214
reference,simultaneous,100.0,1000.0,72.0,0.97987899,0.9910613,0.97981818,0.01523649,0.01124312,0.3501532,3613.0550869,3798.06654282,810.39954674,3583.87070604,0.99016744,0.99126636
reference,primary_first,0.1,0.01,24.0,0.0,0.0,0.0,0.99963623,0.0,0.0,30.17164261,20.57734356,1.40169938,1.85131752,0.0,1e-08
reference,primary_first,0.1,0.01,48.0,5.39e-06,1.14e-05,5.13e-06,0.99657969,6.27e-06,4.54e-06,38.93347827,37.09963392,5.21157166,10.34876103,0.0,1.618e-05
reference,primary_first,0.1,0.01,72.0,0.00016098,0.00024203,0.00015296,0.99240647,8.907e-05,0.00012175,39.48010882,40.14146055,7.2276681,21.21478446,2e-08,0.00034336
reference,primary_first,0.1,0.026101572156825372,24.0,2e-08,7e-08,2e-08,0.99907806,6e-08,1e-08,76.34064294,52.14813215,3.5581392,4.70106358,0.0,1e-07
reference,primary_first,0.1,0.026101572156825372,48.0,8.414e-05,0.00017673,7.995e-05,0.99143287,9.678e-05,7.08e-05,98.35740808,93.74790068,13.18046306,26.19154599,1e-08,0.00025086
reference,primary_first,0.1,0.026101572156825372,72.0,0.0023747,0.00353885,0.00225655,0.97968059,0.0012823,0.00178948,99.74006729,101.41056819,18.26359747,53.64429053,4.1e-07,0.00501962
reference,primary_first,0.1,0.06812920690579614,24.0,2.3e-07,1.05e-06,2.2e-07,0.99776628,8.3e-07,2.1e-07,184.00709538,126.22275543,8.64988626,11.43854919,0.0,1.49e-06
reference,primary_first,0.1,0.06812920690579614,48.0,0.00108029,0.00223536,0.00102645,0.97935167,0.00120891,0.00090685,236.09855743,225.18720175,31.73197371,63.1756523,1.1e-07,0.00317272
reference,primary_first,0.1,0.06812920690579614,72.0,0.0262564,0.03807995,0.0249516,0.93628227,0.01312834,0.01957045,239.41344556,243.42536722,43.86758148,129.08521435,5.71e-06,0.05398657
reference,primary_first,0.1,0.1778279410038923,24.0,2.46e-06,1.109e-05,2.34e-06,0.99512653,8.75e-06,2.24e-06,394.81637407,273.69004201,18.96350719,25.13448753,0.0,1.575e-05
reference,primary_first,0.1,0.1778279410038923,48.0,0.00899474,0.01797212,0.00854671,0.95274662,0.00942541,0.00750874,501.40080288,479.09547818,67.8993992,135.82972609,1.06e-06,0.02550131
reference,primary_first,0.1,0.1778279410038923,72.0,0.14925489,0.2005612,0.14186914,0.7978855,0.05869206,0.10755905,508.21659005,516.80123063,93.29952218,275.84964831,5.758e-05,0.28379556
reference,primary_first,0.1,0.464158883361278,24.0,1.442e-05,6.372e-05,1.37e-05,0.99134937,5.002e-05,1.312e-05,671.4402204,475.06727766,33.67389195,44.85224955,0.0,9.051e-05
reference,primary_first,0.1,0.464158883361278,48.0,0.03518033,0.06620438,0.03343034,0.90817275,0.03277404,0.02907482,835.71374412,801.98356114,114.98579452,232.23974898,5.43e-06,0.0938802
reference,primary_first,0.1,0.464158883361278,72.0,0.33706452,0.41077205,0.32060391,0.61682115,0.09016814,0.2290451,843.8088207,859.040839,155.86615954,465.61553769,0.00031532,0.57758965
reference,primary_first,0.1,1.2115276586285888,24.0,3.545e-05,0.00015288,3.368e-05,0.98851994,0.0001192,3.221e-05,836.15836714,605.98139653,44.18719439,59.25083602,0.0,0.00021714
reference,primary_first,0.1,1.2115276586285888,48.0,0.05975502,0.10729931,0.05679312,0.8755232,0.0505062,0.04894949,992.81089745,965.43506644,141.53554007,290.01316206,1.507e-05,0.15190025
reference,primary_first,0.1,1.2115276586285888,72.0,0.42155664,0.49361624,0.40163843,0.53735108,0.09197782,0.27640908,981.38573722,1005.33947361,185.51144618,566.4757896,0.00108635,0.68342906
reference,primary_first,0.1,3.1622776601683795,24.0,3.573e-05,0.0001505,3.395e-05,0.98849896,0.00011655,3.243e-05,738.55529437,562.95742246,42.84851007,57.93886277,0.0,0.00021356
reference,primary_first,0.1,3.1622776601683795,48.0,0.04723194,0.08443607,0.04496342,0.89009555,0.03947265,0.03864307,781.30737876,781.80546152,120.78014595,255.34734701,8.711e-05,0.11791442
reference,primary_first,0.1,3.1622776601683795,72.0,0.36311498,0.44242608,0.34840319,0.58333431,0.09402289,0.2445067,748.54832244,773.92780552,147.52470803,472.58421491,0.00875647,0.57799564
reference,primary_first,0.1,8.25404185268019,24.0,9.81e-06,4.046e-05,9.36e-06,0.9919338,3.11e-05,8.93e-06,437.05694815,352.92765118,28.31607413,38.70843832,1e-07,5.546e-05
reference,primary_first,0.1,8.25404185268019,48.0,0.01220971,0.02291016,0.01179618,0.9421464,0.01111397,0.01018663,409.29121465,423.25538135,69.44501964,152.29044753,0.00252738,0.0287334
reference,primary_first,0.1,8.25404185268019,72.0,0.13763867,0.18487698,0.13446597,0.80035559,0.05041101,0.09934772,378.50229967,395.52893222,78.38330568,265.97881155,0.06404922,0.21471007
reference,primary_first,0.1,21.544346900318843,24.0,1.19e-06,4.92e-06,1.15e-06,0.9958094,3.77e-06,1.1e-06,194.30626867,165.03418053,13.94172729,19.26789051,1.28e-06,6.22e-06
reference,primary_first,0.1,21.544346900318843,48.0,0.00144364,0.00277488,0.00141444,0.97533385,0.00136044,0.00122313,173.4075999,181.84069716,30.89325929,69.60564972,0.00149894,0.00319212
reference,primary_first,0.1,21.544346900318843,72.0,0.01884647,0.02645414,0.01859791,0.94411647,0.00785624,0.01398028,158.88824905,166.4933556,33.55486323,117.83624891,0.01844481,0.02899343
reference,primary_first,0.1,56.23413251903491,24.0,1.1e-07,4.4e-07,1e-07,0.99809816,3.4e-07,1e-07,79.81438465,70.24649706,6.13679053,8.53708553,2.1e-07,5.2e-07
reference,primary_first,0.1,56.23413251903491,48.0,0.00012166,0.00023508,0.00012024,0.98965688,0.00011484,0.00010388,68.95627593,72.95452728,12.70604417,29.17928433,0.00017137,0.00025484
reference,primary_first,0.1,56.23413251903491,72.0,0.00158951,0.00225156,0.00157814,0.98184138,0.00067343,0.00118725,62.97161501,66.05919665,13.45410374,48.39087916,0.00187705,0.00236698
reference,primary_first,0.1,146.77992676220705,24.0,1e-08,3e-08,1e-08,0.99920252,2e-08,1e-08,31.4067468,28.23254901,2.52298149,3.52663242,2e-08,4e-08
reference,primary_first,0.1,146.77992676220705,48.0,8.34e-06,1.612e-05,8.28e-06,0.995817,7.84e-06,7.15e-06,26.78805436,28.45086035,5.02079381,11.6625474,1.368e-05,1.688e-05
reference,primary_first,0.1,146.77992676220705,72.0,0.00010696,0.00015176,0.00010654,0.99315191,4.522e-05,8.004e-05,24.44072393,25.64828719,5.24973688,19.13277683,0.00013838,0.00015594
reference,primary_first,0.1,383.1186849557293,24.0,0.0,0.0,0.0,0.9996807,0.0,0.0,12.16518356,11.05460328,0.99999656,1.40139857,0.0,0.0
reference,primary_first,0.1,383.1186849557293,48.0,5.1e-07,9.9e-07,5.1e-07,0.99835327,4.8e-07,4.4e-07,10.31838339,10.97847645,1.95017051,4.55684681,9e-07,1.02e-06
reference,primary_first,0.1,383.1186849557293,72.0,6.51e-06,9.24e-06,6.5e-06,0.99734554,2.74e-06,4.87e-06,9.41069687,9.87723898,2.02656811,7.43557937,8.75e-06,9.39e-06
reference,primary_first,0.1,1000.0,24.0,0.0,0.0,0.0,0.99987503,0.0,0.0,4.68273821,4.27849645,0.38946461,0.54650639,0.0,0.0
reference,primary_first,0.1,1000.0,48.0,3e-08,6e-08,3e-08,0.99936095,3e-08,3e-08,3.96148214,4.21854469,0.75182984,1.76203351,5e-08,6e-08
reference,primary_first,0.1,1000.0,72.0,3.8e-07,5.4e-07,3.8e-07,0.99897432,1.6e-07,2.8e-07,3.6123624,3.79174547,0.77890154,2.86749624,5.2e-07,5.4e-07
reference,primary_first,3.0,0.01,24.0,3.7e-07,1.47e-06,3.5e-07,0.99765655,1.12e-06,3.3e-07,112.83721555,90.26751556,7.58792943,10.56359806,0.0,2.09e-06
reference,primary_first,3.0,0.01,48.0,0.0004884,0.00093858,0.00046403,0.98567637,0.00047456,0.00040344,130.74310663,127.46007083,19.45789813,41.93935214,2e-08,0.00133284
reference,primary_first,3.0,0.01,72.0,0.00836541,0.01181949,0.0079484,0.96672908,0.00387109,0.00611971,132.20291096,134.49117658,24.81001902,78.60767522,4.8e-07,0.0167771
reference,primary_first,3.0,0.026101572156825372,24.0,6.26e-06,2.488e-05,5.95e-06,0.99399918,1.893e-05,5.66e-06,294.22013595,235.35650664,19.77690556,27.52825198,0.0,3.534e-05
reference,primary_first,3.0,0.026101572156825372,48.0,0.00713276,0.01336665,0.00677693,0.96006918,0.00658973,0.00586489,340.74324433,332.23474201,50.72462829,109.32615959,2.9e-07,0.01897838
reference,primary_first,3.0,0.026101572156825372,72.0,0.09452669,0.12669529,0.08982186,0.8589318,0.03687343,0.06740772,344.43294267,350.43153303,64.65832787,204.88606172,8.47e-06,0.17971775
reference,primary_first,3.0,0.06812920690579614,24.0,9.876e-05,0.0003869,9.383e-05,0.98502905,0.00029308,8.926e-05,765.87293846,612.55176979,51.42241036,71.54722562,0.0,0.00054955
reference,primary_first,3.0,0.06812920690579614,48.0,0.07141256,0.12199633,0.0678556,0.86600511,0.05414073,0.05769564,885.82575078,864.03722157,131.96091573,284.37828619,5.14e-06,0.17308742
reference,primary_first,3.0,0.06812920690579614,72.0,0.42277787,0.48668465,0.40197979,0.54419604,0.08470486,0.27108086,894.62105544,910.45758098,168.07995796,532.76773885,0.00015016,0.68655443
reference,primary_first,3.0,0.1778279410038923,24.0,0.00130175,0.00490759,0.00123677,0.96440672,0.00367082,0.00117452,1984.35855494,1586.41811347,132.82667793,184.60561746,5e-08,0.00696951
reference,primary_first,3.0,0.1778279410038923,48.0,0.29056687,0.40350435,0.27625333,0.63964996,0.12725101,0.22201512,2286.98692623,2233.09185457,341.35247006,735.37931503,9.289e-05,0.56915437
reference,primary_first,3.0,0.1778279410038923,72.0,0.67635613,0.7007707,0.64670995,0.31589176,0.05406075,0.35826698,2304.01081053,2346.62268411,433.85970033,1376.40069771,0.00263834,0.93736046
reference,primary_first,3.0,0.464158883361278,24.0,0.01119202,0.03813548,0.01063415,0.92119157,0.02750133,0.01005045,5070.39800419,4048.17299652,336.41566078,466.13543922,9e-07,0.05412063
reference,primary_first,3.0,0.464158883361278,48.0,0.50840409,0.60842498,0.48555714,0.43632711,0.12286783,0.35869688,5781.85541782,5663.56530959,868.04697424,1868.41938556,0.00171973,0.81762851
reference,primary_first,3.0,0.464158883361278,72.0,0.8352988,0.86575528,0.8146909,0.15729383,0.05106438,0.39740532,5781.72445448,5902.52250708,1096.24538948,3487.04160206,0.04378303,0.98198937
reference,primary_first,3.0,1.2115276586285888,24.0,0.04358116,0.12546603,0.04142429,0.85275837,0.08404174,0.0387897,12291.361242,9760.30301987,792.12661413,1088.12084146,1.45e-05,0.17736744
reference,primary_first,3.0,1.2115276586285888,48.0,0.66559247,0.77078811,0.64561518,0.28340264,0.12517293,0.45091185,13489.87234032,13367.28752786,2068.96310631,4443.85030012,0.03203616,0.90101892
reference,primary_first,3.0,1.2115276586285888,72.0,0.9355144,0.95622376,0.92604458,0.05869071,0.03017918,0.40323617,13147.48805482,13530.25557339,2553.59485226,8204.85791825,0.43099729,0.99126162
reference,primary_first,3.0,3.1622776601683795,24.0,0.06733467,0.17895508,0.06407571,0.81031196,0.11487937,0.05967668,20869.6908012,16289.11261949,1263.04939163,1713.12676769,8.771e-05,0.24965671
reference,primary_first,3.0,3.1622776601683795,48.0,0.75397725,0.85923214,0.74104298,0.19515181,0.11818916,0.50606409,20829.42888766,21163.89522999,3358.78699394,7209.23632784,0.29769961,0.92061388
reference,primary_first,3.0,3.1622776601683795,72.0,0.97014883,0.98573005,0.96741576,0.02381445,0.01831429,0.39128818,19637.76265406,20405.3723714,3957.8661808,12998.88290024,0.89312558,0.99315358
reference,primary_first,3.0,8.25404185268019,24.0,0.04448378,0.1327018,0.04269198,0.83716035,0.09000982,0.04003014,13447.78688791,10868.49646731,873.50673383,1194.62881318,0.00146275,0.1719395
reference,primary_first,3.0,8.25404185268019,48.0,0.75678668,0.87512214,0.75114669,0.18452704,0.12397544,0.52294204,12460.29606403,12938.98105838,2132.15991995,4683.03477976,0.6909693,0.89813729
reference,primary_first,3.0,8.25404185268019,72.0,0.97347116,0.98862435,0.9726648,0.01985716,0.01595955,0.3949647,11445.69476639,11985.80684341,2387.69077863,8141.74461637,0.97010454,0.99086251
reference,primary_first,3.0,21.544346900318843,24.0,0.01299405,0.04586435,0.01262099,0.90172703,0.03324336,0.01193762,5866.59164013,4995.69605262,423.04590823,584.95824537,0.01727347,0.05550425
reference,primary_first,3.0,21.544346900318843,48.0,0.64352734,0.79770831,0.64059283,0.27815531,0.15711548,0.47474801,5217.05470842,5476.11528164,932.39980228,2103.99551509,0.74066282,0.81405215
reference,primary_first,3.0,21.544346900318843,72.0,0.95343872,0.97882801,0.95290614,0.03530228,0.02592186,0.43168995,4776.67821261,5006.5307222,1010.19811014,3555.15972223,0.97189417,0.98078944
reference,primary_first,3.0,56.23413251903491,24.0,0.0019168,0.00745471,0.00187583,0.95073017,0.00557888,0.00178194,2397.21683753,2111.68001743,184.66058548,256.94969049,0.00380529,0.00861967
reference,primary_first,3.0,56.23413251903491,48.0,0.38522797,0.5556874,0.3832384,0.51564806,0.172449,0.30686277,2069.66024411,2190.10762705,381.6674909,876.94202951,0.50170402,0.57142087
reference,primary_first,3.0,56.23413251903491,72.0,0.8672035,0.92649039,0.86640339,0.10671313,0.060087,0.47270724,1889.83895952,1982.57346824,403.89114313,1453.57998883,0.91337735,0.93026368
reference,primary_first,3.0,146.77992676220705,24.0,0.0001776,0.00071964,0.00017502,0.97775897,0.00054462,0.00016652,942.4302239,847.40833211,75.75403887,105.89888267,0.00047985,0.00079543
reference,primary_first,3.0,146.77992676220705,48.0,0.09899404,0.17120773,0.09849455,0.81733222,0.07271318,0.08300938,803.70594977,853.63811624,150.6700591,350.04137356,0.15272035,0.17687712
reference,primary_first,3.0,146.77992676220705,72.0,0.52120511,0.62739163,0.52030816,0.41781081,0.10708347,0.34640074,733.2640439,769.49941121,157.51363643,574.16843057,0.60645493,0.63378839
reference,primary_first,3.0,383.1186849557293,24.0,1.264e-05,5.211e-05,1.251e-05,0.99071933,3.959e-05,1.191e-05,364.98017989,331.69361911,30.00894841,42.05612464,3.981e-05,5.591e-05
reference,primary_first,3.0,383.1186849557293,48.0,0.01034446,0.01935255,0.0103049,0.94650352,0.00904765,0.00882534,309.55648066,329.36535614,58.51082192,136.72722297,0.01768368,0.01986387
reference,primary_first,3.0,383.1186849557293,72.0,0.10100262,0.13679153,0.10080971,0.84041941,0.03598182,0.07353975,282.32347105,296.32065642,60.79927392,223.09089857,0.13103295,0.13857068
reference,primary_first,3.0,1000.0,24.0,7.9e-07,3.29e-06,7.9e-07,0.99629853,2.5e-06,7.5e-07,140.48551461,128.36325917,11.68535945,16.3974393,2.68e-06,3.47e-06
reference,primary_first,3.0,1000.0,48.0,0.00072919,0.00139269,0.00072711,0.98103877,0.00066559,0.0006252,118.84494801,126.55774488,22.55573116,52.86434211,0.0013003,0.00142013
reference,primary_first,3.0,1000.0,72.0,0.00845073,0.01183825,0.00843794,0.96337444,0.00340031,0.00627842,108.37103749,113.75265173,23.36733866,86.02841015,0.01142501,0.01196243
reference,primary_first,100.0,0.01,24.0,6.5e-07,2.49e-06,6.2e-07,0.99726269,1.88e-06,5.9e-07,120.00959537,97.22138393,8.47485006,11.97821232,0.0,3.54e-06
reference,primary_first,100.0,0.01,48.0,0.00065019,0.00123238,0.00061774,0.98437284,0.00061465,0.00053524,139.26110117,135.74721506,20.84678916,45.46845684,2e-08,0.00175021
reference,primary_first,100.0,0.01,72.0,0.01041548,0.01461594,0.00989609,0.96318895,0.00471985,0.00758589,141.15687876,143.48623701,26.47430769,84.54997714,4.6e-07,0.02074918
reference,primary_first,100.0,0.026101572156825372,24.0,1.102e-05,4.2e-05,1.047e-05,0.992995,3.153e-05,9.94e-06,313.05312369,253.64159205,22.11216475,31.25341268,0.0,5.967e-05
reference,primary_first,100.0,0.026101572156825372,48.0,0.00934248,0.01721553,0.00887629,0.95552165,0.00833924,0.00764971,363.0928148,353.9840073,54.37304591,118.60435582,2.9e-07,0.02444543
reference,primary_first,100.0,0.026101572156825372,72.0,0.11266129,0.14906101,0.10705185,0.8402439,0.04200916,0.07967043,367.91845099,374.02755728,69.02591204,220.49588391,8.1e-06,0.21147017
reference,primary_first,100.0,0.06812920690579614,24.0,0.00017392,0.00065108,0.00016524,0.98252072,0.00048584,0.00015675,815.80548363,661.20976361,57.65765815,81.49666537,0.0,0.00092483
reference,primary_first,100.0,0.06812920690579614,48.0,0.08842526,0.14686046,0.0840199,0.8472879,0.06284056,0.07091075,944.96597197,921.62658834,141.64430307,309.05663213,5.11e-06,0.20837978
reference,primary_first,100.0,0.06812920690579614,72.0,0.45587926,0.51550474,0.43345882,0.51545755,0.08204591,0.28620432,956.71142038,972.85925693,179.64276498,574.1995291,0.00014358,0.72704973
reference,primary_first,100.0,0.1778279410038923,24.0,0.00229094,0.00816283,0.00217657,0.95807343,0.00598625,0.00205962,2120.21169244,1720.04572069,150.08871771,212.16606652,7e-08,0.01159287
reference,primary_first,100.0,0.1778279410038923,48.0,0.32563949,0.4370547,0.30960819,0.60853474,0.12744651,0.24505858,2447.05614562,2389.23308511,367.76621163,803.05235128,9.264e-05,0.61619602
reference,primary_first,100.0,0.1778279410038923,72.0,0.69083565,0.71084604,0.66081154,0.30379929,0.0500345,0.35537147,2471.65833551,2515.2506555,465.19401771,1489.41117571,0.00252299,0.94729866
reference,primary_first,100.0,0.464158883361278,24.0,0.01949542,0.06063246,0.01852381,0.90368337,0.04210865,0.0174005,5467.31478877,4447.54384005,388.8358687,549.82478885,1.33e-06,0.08603921
reference,primary_first,100.0,0.464158883361278,48.0,0.53987049,0.63143872,0.51588003,0.41067487,0.11555869,0.37245846,6242.83748538,6115.3588017,945.62885245,2069.52988173,0.00173045,0.84379852
reference,primary_first,100.0,0.464158883361278,72.0,0.84538821,0.87328246,0.82519098,0.14853475,0.04809148,0.39077716,6261.12952086,6385.90165489,1186.75195292,3818.64572438,0.0419932,0.98488386
reference,primary_first,100.0,1.2115276586285888,24.0,0.07787965,0.19166514,0.07404242,0.80728118,0.11762273,0.06842193,13726.37904562,11272.42646688,992.03155228,1404.19950449,2.907e-05,0.27023428
reference,primary_first,100.0,1.2115276586285888,48.0,0.70387888,0.79791325,0.68399475,0.25241722,0.1139185,0.46213029,15077.44370356,14947.39823307,2349.79059915,5183.88761415,0.03376723,0.92033833
reference,primary_first,100.0,1.2115276586285888,72.0,0.94237524,0.95962073,0.93316683,0.05333132,0.0264539,0.38783159,14752.50855737,15164.13778101,2867.01997713,9392.8768937,0.42473084,0.9930378
reference,primary_first,100.0,3.1622776601683795,24.0,0.16176659,0.33275541,0.15461568,0.69606158,0.17813972,0.14005559,30112.38888155,25946.90723473,2360.87624302,3359.54696818,0.00098062,0.44241766
reference,primary_first,100.0,3.1622776601683795,48.0,0.82656126,0.90531533,0.8160264,0.13708076,0.08928893,0.51836489,28842.95896468,29686.33251417,4978.03507541,11378.19010939,0.41794902,0.94810932
reference,primary_first,100.0,3.1622776601683795,72.0,0.98026144,0.99066554,0.97829064,0.01580696,0.0123749,0.35559617,27087.27604313,28184.81541163,5567.14222682,19416.71699359,0.92023774,0.99559526
reference,primary_first,100.0,8.25404185268019,24.0,0.24304362,0.47003152,0.23771677,0.5925253,0.23231474,0.21294132,45257.74926732,41731.73058117,4060.37969772,5860.3062432,0.07905187,0.52144032
reference,primary_first,100.0,8.25404185268019,48.0,0.88791124,0.950143,0.88549782,0.08192976,0.06464518,0.53093071,38701.34279369,41332.39427558,7420.04115119,17745.650494,0.87395558,0.95715931
reference,primary_first,100.0,8.25404185268019,72.0,0.98951746,0.99578233,0.9892581,0.0076554,0.00652423,0.32336966,34594.55641556,36551.10718551,7592.06467966,28498.53723956,0.98919687,0.99638312
reference,primary_first,100.0,21.544346900318843,24.0,0.27405546,0.52093919,0.27338389,0.55384533,0.2475553,0.24383038,47885.22697021,47199.52856787,4836.87580467,7038.99854481,0.48910657,0.52566517
reference,primary_first,100.0,21.544346900318843,48.0,0.89978091,0.95719648,0.89963276,0.07163729,0.05756372,0.5278407,39250.41938307,42302.91653473,7930.81575809,19642.48496614,0.95416727,0.95763834
reference,primary_first,100.0,21.544346900318843,72.0,0.99077029,0.99638923,0.99075612,0.00658527,0.00563311,0.31386441,35540.73296818,37409.11871175,7840.02456275,30618.36907522,0.99613669,0.99642595
reference,primary_first,100.0,56.23413251903491,24.0,0.26536656,0.51056184,0.26420242,0.56229416,0.24635943,0.23618815,47768.67389283,46616.99069843,4708.58741062,6820.7463868,0.46785139,0.52005539
reference,primary_first,100.0,56.23413251903491,48.0,0.89762634,0.95613249,0.89734332,0.07328272,0.05878916,0.52915351,39368.99932456,42339.32946577,7880.30515898,19372.65357366,0.95183945,0.95708106
reference,primary_first,100.0,56.23413251903491,72.0,0.99055701,0.99629895,0.99052922,0.00674696,0.00576973,0.31580104,35755.96596082,37593.8775754,7848.00666584,30382.23277689,0.99593649,0.99637907
reference,primary_first,100.0,146.77992676220705,24.0,0.1673366,0.38110795,0.16625606,0.66291949,0.21485189,0.15204914,31747.11723519,28992.33274194,2642.39239826,3712.54340889,0.34131943,0.39342082
reference,primary_first,100.0,146.77992676220705,48.0,0.86596489,0.94062976,0.86556005,0.09659349,0.07506971,0.54004281,26804.31728097,28559.23219407,5093.69653194,11947.15240189,0.9356672,0.94215309
reference,primary_first,100.0,146.77992676220705,72.0,0.9872211,0.99492738,0.98717881,0.00917075,0.00774857,0.33906968,24422.01454099,25641.72011886,5271.18151226,19426.556444,0.99449926,0.99505887
reference,primary_first,100.0,383.1186849557293,24.0,0.06537075,0.18970368,0.06497078,0.79700598,0.1247329,0.06066441,12198.19150382,11128.89709268,1012.07632503,1420.3421769,0.16751993,0.1963845
reference,primary_first,100.0,383.1186849557293,48.0,0.79363522,0.9005499,0.79325718,0.15252393,0.10729272,0.53562043,10323.9160784,10992.26654296,1957.68833209,4585.86173623,0.89514276,0.90215853
reference,primary_first,100.0,383.1186849557293,72.0,0.97818229,0.99095735,0.97813622,0.01592801,0.01282114,0.37744249,9413.03937384,9880.78224817,2029.35699099,7466.56289472,0.99045092,0.99110816
reference,primary_first,100.0,1000.0,24.0,0.01248034,0.04467113,0.01240215,0.90265494,0.03226897,0.01172366,4686.86965872,4288.70503011,391.20402183,549.25497008,0.03845204,0.04649693
reference,primary_first,100.0,1000.0,48.0,0.62776208,0.78520672,0.62732451,0.29177474,0.15788221,0.46594983,3962.05537183,4220.22144836,752.85088714,1766.11140924,0.77687046,0.78761532
reference,primary_first,100.0,1000.0,72.0,0.94852114,0.9761245,0.94844142,0.03915723,0.02768308,0.43373252,3612.54374058,3792.07636019,779.25536103,2871.79394089,0.9750937,0.97642291
reference,secondary_first,0.1,0.01,24.0,0.0,0.0,0.0,0.99975837,0.0,0.0,26.93596672,16.912451,1.03336813,1.32886944,0.0,0.0
reference,secondary_first,0.1,0.01,48.0,3.09e-06,6.82e-06,2.93e-06,0.99705934,3.88e-06,2.62e-06,38.19677508,35.64125665,4.76857614,9.10511956,0.0,9.68e-06
reference,secondary_first,0.1,0.01,72.0,0.00012006,0.00018543,0.00011407,0.99294026,7.135e-05,9.194e-05,39.68367458,40.05263625,7.03793429,19.78378085,1e-08,0.00026316
reference,secondary_first,0.1,0.026101572156825372,24.0,0.0,2e-08,0.0,0.99938406,2e-08,0.0,68.25842366,42.97084902,2.63319362,3.38818629,0.0,3e-08
reference,secondary_first,0.1,0.026101572156825372,48.0,4.869e-05,0.00010691,4.626e-05,0.99262495,6.065e-05,4.13e-05,96.51011071,90.0987659,12.07151135,23.07466702,0.0,0.00015182
reference,secondary_first,0.1,0.026101572156825372,72.0,0.00178858,0.00273799,0.00169949,0.98137857,0.00103851,0.0013652,100.23946424,101.17995244,17.78789208,50.05729507,2e-07,0.00388535
reference,secondary_first,0.1,0.06812920690579614,24.0,6e-08,3e-07,6e-08,0.99848614,2.4e-07,6e-08,165.17269623,104.68938779,6.46321327,8.3290193,0.0,4.3e-07
reference,secondary_first,0.1,0.06812920690579614,48.0,0.00064317,0.00139131,0.00061108,0.98228688,0.00078024,0.00054434,231.75659218,216.65063625,29.13301237,55.84667275,3e-08,0.0019756
reference,secondary_first,0.1,0.06812920690579614,72.0,0.02031976,0.03029903,0.01930837,0.94389859,0.01099066,0.01535878,240.52425089,242.83856647,42.74883301,120.64918894,2.78e-06,0.04298057
reference,secondary_first,0.1,0.1778279410038923,24.0,7.3e-07,3.54e-06,6.9e-07,0.99658753,2.85e-06,6.6e-07,357.80672253,230.5676753,14.49637923,18.75135292,0.0,5.03e-06
reference,secondary_first,0.1,0.1778279410038923,48.0,0.00570645,0.01192818,0.00542179,0.96012541,0.00650638,0.00480476,492.79274982,462.24582527,62.72105764,121.08343308,3.1e-07,0.01693483
reference,secondary_first,0.1,0.1778279410038923,72.0,0.12343929,0.17094885,0.11731268,0.82316211,0.05363617,0.0905699,510.1963736,515.48129098,91.06458826,258.89643796,2.86e-05,0.24218264
reference,secondary_first,0.1,0.464158883361278,24.0,5.27e-06,2.492e-05,5.01e-06,0.99354884,1.991e-05,4.81e-06,621.21794692,413.47097882,26.97770415,35.17382185,0.0,3.54e-05
reference,secondary_first,0.1,0.464158883361278,48.0,0.02498272,0.04913645,0.02373744,0.92235986,0.02539901,0.02083306,825.03384408,779.87435856,107.78258456,211.07207396,1.74e-06,0.06973498
reference,secondary_first,0.1,0.464158883361278,72.0,0.30243024,0.3779449,0.2875538,0.64814144,0.0903911,0.20997518,846.74021268,857.76368756,152.89695051,441.66200117,0.00016409,0.53309515
reference,secondary_first,0.1,1.2115276586285888,24.0,1.796e-05,8.161e-05,1.707e-05,0.99057334,6.454e-05,1.636e-05,805.15006121,558.16377983,38.26310103,50.46446059,0.0,0.00011595
reference,secondary_first,0.1,1.2115276586285888,48.0,0.04920131,0.0912345,0.04675393,0.88837196,0.04448056,0.04059549,994.58976424,958.64139384,137.00586405,274.30900587,5.59e-06,0.12935152
reference,secondary_first,0.1,1.2115276586285888,72.0,0.40030333,0.4744253,0.3810758,0.55687771,0.0933495,0.2663437,987.91238734,1010.63046572,184.70758041,551.03025143,0.00060573,0.66149744
reference,secondary_first,0.1,3.1622776601683795,24.0,2.914e-05,0.00012727,2.769e-05,0.98916487,9.958e-05,2.65e-05,775.88847723,577.21289396,42.12373168,56.27735414,0.0,0.00018078
reference,secondary_first,0.1,3.1622776601683795,48.0,0.0496322,0.08905927,0.0472002,0.88775144,0.04185907,0.04065143,800.28848369,805.91963769,124.51776426,260.78747492,3.178e-05,0.1253908
reference,secondary_first,0.1,3.1622776601683795,72.0,0.37417119,0.45116376,0.35808844,0.57518298,0.09307532,0.25009945,757.12941233,786.01895619,150.91461153,482.93572133,0.00497513,0.60091046
reference,secondary_first,0.1,8.25404185268019,24.0,2.103e-05,8.571e-05,1.999e-05,0.99033768,6.572e-05,1.906e-05,491.26053541,411.64789418,33.9452347,46.51319696,1e-08,0.0001212
reference,secondary_first,0.1,8.25404185268019,48.0,0.01987252,0.03571046,0.01904325,0.92987168,0.01666721,0.01631784,427.01959523,451.47430423,76.9935233,172.47005609,0.00119475,0.04735315
reference,secondary_first,0.1,8.25404185268019,72.0,0.18071275,0.23413787,0.17542343,0.75848828,0.05871444,0.12681384,384.4253811,405.35101069,82.60062446,291.01569926,0.05287032,0.28298432
reference,secondary_first,0.1,21.544346900318843,24.0,4.91e-06,1.896e-05,4.7e-06,0.99378559,1.425e-05,4.47e-06,221.49907941,208.19671512,19.44881237,27.45355449,5.3e-07,2.538e-05
reference,secondary_first,0.1,21.544346900318843,48.0,0.00318632,0.00578402,0.00310245,0.96842531,0.00268156,0.00264989,180.63516475,194.6526553,35.5649966,84.7995482,0.00179639,0.00688922
reference,secondary_first,0.1,21.544346900318843,72.0,0.03123195,0.04209553,0.03070444,0.92798685,0.01139109,0.02248809,161.45678294,170.68079096,35.72898241,135.14259115,0.02286137,0.04709872
reference,secondary_first,0.1,56.23413251903491,24.0,5.9e-07,2.23e-06,5.7e-07,0.99689306,1.66e-06,5.4e-07,89.71613168,88.77065331,8.96031498,12.94418502,5.3e-07,2.71e-06
reference,secondary_first,0.1,56.23413251903491,48.0,0.00030414,0.00055222,0.00029968,0.98672042,0.00025254,0.00025505,71.7325289,77.89533692,14.72369993,36.40986511,0.00032567,0.00060865
reference,secondary_first,0.1,56.23413251903491,72.0,0.0028886,0.00392359,0.00286241,0.97816972,0.00106118,0.00209196,64.04916831,67.74170086,14.3523226,56.44436341,0.00292215,0.0041692
reference,secondary_first,0.1,146.77992676220705,24.0,6e-08,2.1e-07,5e-08,0.99860121,1.5e-07,5e-08,35.09695776,35.92404746,3.82412865,5.61663126,9e-08,2.3e-07
reference,secondary_first,0.1,146.77992676220705,48.0,2.338e-05,4.211e-05,2.316e-05,0.99452172,1.895e-05,1.963e-05,27.85783083,30.36829662,5.86661623,14.88151904,2.992e-05,4.475e-05
reference,secondary_first,0.1,146.77992676220705,72.0,0.0002095,0.00028371,0.00020831,0.99194207,7.54e-05,0.00015137,24.87207536,26.31039511,5.61461779,22.67182871,0.00023311,0.00029455
reference,secondary_first,0.1,383.1186849557293,24.0,1e-08,2e-08,1e-08,0.99936436,1e-08,1e-08,13.60345385,14.48864231,1.64350182,2.46077613,1e-08,2e-08
reference,secondary_first,0.1,383.1186849557293,48.0,1.8e-06,3.19e-06,1.79e-06,0.99772757,1.4e-06,1.51e-06,10.73289264,11.74893061,2.32964847,6.09604449,2.22e-06,3.35e-06
reference,secondary_first,0.1,383.1186849557293,72.0,1.466e-05,1.964e-05,1.459e-05,0.99681256,5.05e-06,1.049e-05,9.57922797,10.13636004,2.18196648,9.10143568,1.583e-05,2.026e-05
reference,secondary_first,0.1,1000.0,24.0,0.0,0.0,0.0,0.99968006,0.0,0.0,5.28391641,6.05532037,0.76405526,1.17841853,0.0,0.0
reference,secondary_first,0.1,1000.0,48.0,1.7e-07,2.9e-07,1.7e-07,0.9990069,1.2e-07,1.4e-07,4.12490781,4.55158627,0.94845386,2.62460669,1.9e-07,3e-07
reference,secondary_first,0.1,1000.0,72.0,1.16e-06,1.53e-06,1.16e-06,0.99868925,3.7e-07,8.2e-07,3.67775458,3.89456707,0.85288016,3.78252944,1.14e-06,1.56e-06
reference,secondary_first,3.0,0.01,24.0,5e-08,2.1e-07,5e-08,0.99871705,1.7e-07,4e-08,96.18029033,67.604868,4.79796254,6.39602455,0.0,3.1e-07
reference,secondary_first,3.0,0.01,48.0,0.00019296,0.00039929,0.00018332,0.98895451,0.00021596,0.00016187,126.73250883,119.70926803,16.82657448,33.73157746,0.0,0.0005672
reference,secondary_first,3.0,0.01,72.0,0.0050646,0.00750286,0.00481187,0.97246946,0.00269099,0.00380315,132.45116971,133.38131916,23.67589064,69.32072884,1.5e-07,0.01065382
reference,secondary_first,3.0,0.026101572156825372,24.0,8.3e-07,3.71e-06,7.9e-07,0.99668849,2.92e-06,7.6e-07,250.86345923,176.35134292,12.51634214,16.68509197,0.0,5.28e-06
reference,secondary_first,3.0,0.026101572156825372,48.0,0.00295343,0.00599008,0.00280592,0.97068091,0.00318416,0.00246973,330.35165878,312.09908157,43.87903499,87.97072261,4e-08,0.00850855
reference,secondary_first,3.0,0.026101572156825372,72.0,0.06176049,0.08737131,0.05868111,0.89275,0.0286902,0.04552137,345.11406352,347.58340186,61.71366139,180.73364013,2.67e-06,0.12401961
reference,secondary_first,3.0,0.06812920690579614,24.0,1.39e-05,6.131e-05,1.321e-05,0.99159304,4.81e-05,1.264e-05,653.53600855,459.55968758,32.62056076,43.48476145,0.0,8.711e-05
reference,secondary_first,3.0,0.06812920690579614,48.0,0.03443349,0.06512633,0.03271463,0.91018445,0.0324117,0.0284786,859.23194891,812.1373416,114.24852187,229.10678554,6.8e-07,0.09248456
reference,secondary_first,3.0,0.06812920690579614,72.0,0.33846725,0.41244017,0.32168522,0.61798669,0.09075495,0.23026128,896.62781649,903.36057857,160.50154396,470.33263504,4.772e-05,0.58384216
reference,secondary_first,3.0,0.1778279410038923,24.0,0.00021026,0.0009042,0.00019975,0.97941993,0.00070445,0.00019103,1696.98646794,1194.26782916,84.79757351,113.03515004,0.0,0.00128471
reference,secondary_first,3.0,0.1778279410038923,48.0,0.19195426,0.29901022,0.18240341,0.73157969,0.1166068,0.15269822,2221.31559817,2102.26251526,296.2158146,594.40658075,1.245e-05,0.42386633
reference,secondary_first,3.0,0.1778279410038923,72.0,0.62210316,0.65723418,0.59293957,0.36416493,0.06429461,0.35571304,2310.86414384,2330.47854364,414.83785415,1217.69683294,0.0008564,0.90421899
reference,secondary_first,3.0,0.464158883361278,24.0,0.00250574,0.01009121,0.00238053,0.9527221,0.00771069,0.00227037,4363.65620124,3077.8878825,218.71390702,291.5124697,2e-08,0.01433649
reference,secondary_first,3.0,0.464158883361278,48.0,0.4178287,0.5305837,0.39762464,0.51679364,0.13295905,0.30857744,5638.32779054,5356.60500999,758.34592231,1524.66270121,0.00023996,0.73938357
reference,secondary_first,3.0,0.464158883361278,72.0,0.77882867,0.81264306,0.75377393,0.21115616,0.05886913,0.39171763,5811.46190876,5877.99101129,1052.22793853,3104.19322206,0.01536465,0.97320641
reference,secondary_first,3.0,1.2115276586285888,24.0,0.01747249,0.06032284,0.01660022,0.90143202,0.04372262,0.01572235,10816.16738042,7682.91084657,547.0464554,728.82615698,3.1e-07,0.08565728
reference,secondary_first,3.0,1.2115276586285888,48.0,0.58252464,0.68855155,0.55953456,0.36081809,0.12901699,0.40439333,13340.15064786,12852.42183934,1850.45908896,3744.83453462,0.00526053,0.86924968
reference,secondary_first,3.0,1.2115276586285888,72.0,0.90390517,0.93173879,0.89047353,0.08792762,0.04126526,0.41743766,13304.10564623,13596.13375957,2483.95953106,7460.99225082,0.22314797,0.98834116
reference,secondary_first,3.0,3.1622776601683795,24.0,0.04957554,0.14265804,0.04711384,0.83953951,0.0955442,0.04416302,20719.80897019,15244.41612498,1102.84874871,1471.08338666,5.28e-06,0.20190271
reference,secondary_first,3.0,3.1622776601683795,48.0,0.70962251,0.82019177,0.6927756,0.23590506,0.12741617,0.48186499,21215.17685113,21460.78500366,3316.28387692,6923.80265179,0.11484319,0.91230838
reference,secondary_first,3.0,3.1622776601683795,72.0,0.95980444,0.97918261,0.9552192,0.03310543,0.0239634,0.4043882,19922.53643638,20725.02774125,3997.50509638,12806.28391445,0.80673455,0.99243885
reference,secondary_first,3.0,8.25404185268019,24.0,0.05692963,0.15747325,0.05420578,0.82407462,0.10326747,0.05062162,15026.561872,12581.09455986,1033.96892211,1414.5657649,8.997e-05,0.21808377
reference,secondary_first,3.0,8.25404185268019,48.0,0.75795463,0.87122174,0.74863121,0.18678348,0.12259053,0.51663328,13047.30348042,13837.63677464,2359.30518225,5275.65115479,0.56021172,0.91143555
reference,secondary_first,3.0,8.25404185268019,72.0,0.97320848,0.98821767,0.97180555,0.02046588,0.01641213,0.39324591,11644.65588358,12310.85805986,2520.46840113,8892.10224207,0.95568415,0.99213925
reference,secondary_first,3.0,21.544346900318843,24.0,0.03265991,0.09978891,0.0314239,0.86125411,0.06836501,0.02947793,6702.2763706,6321.26891092,591.02056814,834.0972193,0.00715327,0.12699437
reference,secondary_first,3.0,21.544346900318843,48.0,0.71534357,0.84634054,0.71094484,0.22041282,0.1353957,0.50536209,5437.22455535,5867.56220385,1075.34742815,2567.99673278,0.73237312,0.86686512
reference,secondary_first,3.0,21.544346900318843,72.0,0.96550854,0.98453638,0.96481159,0.02625088,0.01972479,0.40796057,4854.92293506,5134.14966736,1076.62662593,4083.61505837,0.9717122,0.98679354
reference,secondary_first,3.0,56.23413251903491,24.0,0.00816004,0.0278492,0.00795017,0.92203311,0.01989904,0.0074952,2694.93504431,2670.24703418,269.87336193,389.94760926,0.00856665,0.03285241
reference,secondary_first,3.0,56.23413251903491,48.0,0.52288819,0.68673466,0.52009673,0.39176705,0.16663794,0.3972578,2153.08574296,2338.68835376,442.46078637,1094.965441,0.60188436,0.70436663
reference,secondary_first,3.0,56.23413251903491,72.0,0.91421009,0.95482335,0.91341979,0.06844678,0.04140356,0.45169686,1922.2302305,2033.14886345,430.92826544,1696.34315204,0.93889336,0.95806342
reference,secondary_first,3.0,146.77992676220705,24.0,0.0011153,0.00397651,0.0010952,0.96217147,0.00288132,0.00103409,1053.10504168,1078.27685252,114.82773713,168.66631593,0.00181999,0.00446994
reference,secondary_first,3.0,146.77992676220705,48.0,0.19851096,0.3083194,0.19727521,0.71208958,0.11104419,0.16081941,835.79982768,911.16327302,176.05761424,446.68657106,0.25262271,0.31964567
reference,secondary_first,3.0,146.77992676220705,72.0,0.66278121,0.75385969,0.66148891,0.29097625,0.09237077,0.40468646,746.2078733,789.36593757,168.46371133,680.41674036,0.71472366,0.76158103
reference,secondary_first,3.0,383.1186849557293,24.0,0.00013297,0.00047073,0.00013099,0.98193791,0.00033975,0.00012356,408.10711265,434.66087227,49.30486655,73.82267624,0.00021502,0.0005175
reference,secondary_first,3.0,383.1186849557293,48.0,0.03165098,0.05353699,0.03142632,0.91276383,0.02211066,0.02617762,321.98979564,352.47102375,69.88983696,182.88148957,0.03923921,0.05589156
reference,secondary_first,3.0,383.1186849557293,72.0,0.18871014,0.23907185,0.18799322,0.75091613,0.05107863,0.12933234,287.37944182,304.09358597,65.4595283,273.04404788,0.20483281,0.24451946
reference,secondary_first,3.0,1000.0,24.0,2.039e-05,6.974e-05,2.018e-05,0.99067576,4.956e-05,1.899e-05,158.5121337,181.62509797,22.91325467,35.33809837,2.941e-05,7.36e-05
reference,secondary_first,3.0,1000.0,48.0,0.00384083,0.00646736,0.00381886,0.96867989,0.00264849,0.00316896,123.74689635,136.54448051,28.4500015,78.72010167,0.00419823,0.0066592
reference,secondary_first,3.0,1000.0,72.0,0.02398343,0.03097516,0.02389396,0.94152209,0.0070812,0.01661815,110.33274704,116.83687316,25.58538255,113.45748443,0.02375691,0.03156114
reference,secondary_first,100.0,0.01,24.0,5e-08,2.4e-07,5e-08,0.99866943,1.9e-07,5e-08,101.12271757,70.5674714,4.98036176,6.63892722,0.0,3.4e-07
reference,secondary_first,100.0,0.01,48.0,0.00022106,0.00045854,0.00021002,0.98842181,0.00024852,0.00018552,134.62087173,126.83969687,17.74070675,35.45340956,0.0,0.00065141
reference,secondary_first,100.0,0.01,72.0,0.00588461,0.0087287,0.00559088,0.97054404,0.00313782,0.00442204,141.30487926,142.09944973,25.13977188,73.27862148,1.3e-07,0.01239576
reference,secondary_first,100.0,0.026101572156825372,24.0,9.4e-07,4.18e-06,8.9e-07,0.99656546,3.29e-06,8.6e-07,263.84688289,184.14400578,12.99723413,17.32581266,0.0,5.94e-06
reference,secondary_first,100.0,0.026101572156825372,48.0,0.00336119,0.00682429,0.00319328,0.96915105,0.003631,0.00281138,351.05433088,330.81667818,46.28002601,92.49573331,3e-08,0.00969418
reference,secondary_first,100.0,0.026101572156825372,72.0,0.06993509,0.09863123,0.06644699,0.88338665,0.03218424,0.05149643,368.34071505,370.45740476,65.55565736,191.12673461,2.3e-06,0.1400197
reference,secondary_first,100.0,0.06812920690579614,24.0,1.572e-05,6.912e-05,1.494e-05,0.99127916,5.418e-05,1.43e-05,687.99930654,480.31516879,33.90905942,45.20365372,0.0,9.822e-05
reference,secondary_first,100.0,0.06812920690579614,48.0,0.03835641,0.07224295,0.03644125,0.90465124,0.0358017,0.03170477,914.05033179,861.7279294,120.61923995,241.13103938,5.3e-07,0.10260057
reference,secondary_first,100.0,0.06812920690579614,72.0,0.35880342,0.43291239,0.3410046,0.59955022,0.09190778,0.2424615,958.06281321,963.8839937,170.67542567,497.89239539,4.111e-05,0.61292117
reference,secondary_first,100.0,0.1778279410038923,24.0,0.00023895,0.00102279,0.00022701,0.97862911,0.00079578,0.00021704,1791.04074843,1251.41244468,88.39895197,117.8542547,0.0,0.00145327
reference,secondary_first,100.0,0.1778279410038923,48.0,0.20388824,0.31393931,0.19373826,0.71980987,0.12020105,0.16172791,2369.95621322,2236.93242454,313.58409261,627.31331094,9.79e-06,0.44512665
reference,secondary_first,100.0,0.1778279410038923,72.0,0.63052745,0.66277055,0.60094199,0.35730436,0.06182857,0.35671244,2476.95838269,2494.26367345,442.42897753,1292.70951862,0.00073734,0.91194981
reference,secondary_first,100.0,0.464158883361278,24.0,0.00288666,0.01150516,0.00274239,0.95061959,0.00876277,0.002614,4640.77117819,3250.07051787,229.96219979,306.66644064,1e-08,0.01634637
reference,secondary_first,100.0,0.464158883361278,48.0,0.42855106,0.53886615,0.40778088,0.50792638,0.13108527,0.31482072,6068.73303696,5748.18415626,809.37067499,1622.28107889,0.0001878,0.75166583
reference,secondary_first,100.0,0.464158883361278,72.0,0.78112367,0.81391226,0.75591922,0.20943164,0.05799304,0.38934425,6288.31166035,6349.52613127,1132.14327855,3323.57120024,0.01323515,0.97490918
reference,secondary_first,100.0,1.2115276586285888,24.0,0.02098255,0.0702594,0.01993463,0.89440975,0.05032477,0.01884704,11843.84161322,8357.02119448,594.37063976,793.24585594,1.9e-07,0.09978426
reference,secondary_first,100.0,1.2115276586285888,48.0,0.59127572,0.69325858,0.56774743,0.35444225,0.12551115,0.40687805,14854.19792789,14248.9744721,2037.73596255,4111.69247996,0.00409757,0.87704188
reference,secondary_first,100.0,1.2115276586285888,72.0,0.90473525,0.93146308,0.89106892,0.08764539,0.04039417,0.41366783,14925.06940285,15217.21233189,2764.70547235,8253.6513851,0.19801463,0.98912756
reference,secondary_first,100.0,3.1622776601683795,24.0,0.07280021,0.18951105,0.069186,0.80697112,0.12032505,0.06437421,28141.36154554,20576.39214334,1496.76061229,2003.98208899,5.19e-06,0.26808847
reference,secondary_first,100.0,3.1622776601683795,48.0,0.73581837,0.83733648,0.71898509,0.2149074,0.11835139,0.48912616,29405.50834458,29659.20751604,4549.49017883,9472.75860664,0.10988841,0.9255628
reference,secondary_first,100.0,3.1622776601683795,72.0,0.96361223,0.98090685,0.95907894,0.0302329,0.02182791,0.39329048,27624.67792933,28725.37895317,5525.99483619,17618.42999797,0.80283725,0.99366503
reference,secondary_first,100.0,8.25404185268019,24.0,0.14426662,0.31406389,0.13773183,0.70700996,0.17633206,0.12579453,45916.51579322,38805.46442919,3183.87607503,4348.04754652,0.00050433,0.41927618
reference,secondary_first,100.0,8.25404185268019,48.0,0.83762777,0.92064435,0.83033862,0.12244074,0.09030573,0.53281691,40732.52228948,43079.57216158,7297.45684045,16277.295021,0.6880903,0.94663979
reference,secondary_first,100.0,8.25404185268019,72.0,0.9839222,0.9932236,0.9830245,0.01210171,0.0101991,0.35547817,35664.34255867,37941.2380512,7809.7332691,27503.84312376,0.97216174,0.99549668
reference,secondary_first,100.0,21.544346900318843,24.0,0.22172187,0.44577844,0.21588411,0.60943269,0.22989432,0.1946358,53212.2465179,51392.03832114,4807.67326829,6770.79589289,0.11075318,0.50591626
reference,secondary_first,100.0,21.544346900318843,48.0,0.88443441,0.94902757,0.88229152,0.08402889,0.06673605,0.5349688,41043.85092949,44852.9161428,8436.05940937,20386.80879896,0.90306069,0.95591398
reference,secondary_first,100.0,21.544346900318843,72.0,0.98924709,0.99570323,0.98902836,0.00781306,0.00667486,0.32716657,36340.1602743,38547.93525517,8205.90164142,31848.09911048,0.99180619,0.99628585
reference,secondary_first,100.0,56.23413251903491,24.0,0.27558573,0.5207044,0.27275732,0.55308639,0.24794708,0.24332861,52066.2752552,53271.14026412,5529.27412794,8018.51777851,0.39525195,0.54319622
reference,secondary_first,100.0,56.23413251903491,48.0,0.90056848,0.95737063,0.89986749,0.07140783,0.05750313,0.52808669,40932.22101258,44720.96714777,8634.89339028,21713.9725253,0.94454622,0.9596075
reference,secondary_first,100.0,56.23413251903491,72.0,0.99086742,0.99640975,0.99079857,0.00655199,0.00561118,0.31385574,36447.15293687,38591.75620397,8250.97135452,33160.84589875,0.99532722,0.99659849
reference,secondary_first,100.0,146.77992676220705,24.0,0.2623962,0.5051759,0.26098918,0.56726649,0.24418671,0.23327706,35224.97794646,36453.30955062,3927.98913331,5783.19351597,0.44481577,0.516643
reference,secondary_first,100.0,146.77992676220705,48.0,0.89591325,0.95512723,0.89554989,0.07477517,0.05957735,0.52915109,27856.02978324,30415.52356373,5916.78331454,15106.20357265,0.9487608,0.95632145
reference,secondary_first,100.0,146.77992676220705,72.0,0.99032235,0.9961853,0.99028602,0.00694136,0.00589927,0.31679511,24855.81702774,26300.02838138,5627.6589593,22899.02578044,0.99564107,0.99628739
reference,secondary_first,100.0,383.1186849557293,24.0,0.17358625,0.38087062,0.17243158,0.66623343,0.20843904,0.15672788,13604.25043726,14476.13193248,1639.79781255,2454.10668611,0.30791236,0.39268822
reference,secondary_first,100.0,383.1186849557293,48.0,0.86049321,0.9365304,0.85999841,0.10214794,0.076532,0.53594264,10735.47643773,11750.47788475,2328.49984919,6088.58592705,0.92558252,0.9382362
reference,secondary_first,100.0,383.1186849557293,72.0,0.9861093,0.99433434,0.98605392,0.01013075,0.00828042,0.34004232,9581.57025567,10138.7834585,2182.02513348,9094.59472706,0.99333196,0.99449035
reference,secondary_first,100.0,1000.0,24.0,0.09483483,0.23750527,0.09421151,0.76944152,0.14329376,0.08669256,5276.7277017,6011.11666026,753.11268633,1159.570417,0.15888943,0.24460121
reference,secondary_first,100.0,1000.0,48.0,0.79503662,0.89668556,0.79439571,0.15607055,0.10228984,0.52606892,4124.43723779,4547.59931055,943.77916757,2601.08508768,0.87058586,0.89880428
reference,secondary_first,100.0,1000.0,72.0,0.97613085,0.98945443,0.97603838,0.0180318,0.01341605,0.37129647,3677.86468869,3894.35945525,851.55552313,3758.61744352,0.98654379,0.98968847
reference,precomplexed,0.1,0.01,24.0,2e-08,8e-08,2e-08,0.99916227,6e-08,2e-08,32.50122006,25.71091264,2.31787788,3.40377483,0.0,1.2e-07
reference,precomplexed,0.1,0.01,48.0,1.515e-05,2.867e-05,1.439e-05,0.99568364,1.427e-05,1.245e-05,39.10549589,37.84709699,5.73004184,12.56511987,0.0,4.071e-05
reference,precomplexed,0.1,0.01,72.0,0.00025859,0.00036901,0.00024571,0.99163071,0.0001233,0.00018971,39.52913202,40.24152778,7.39381395,23.51639905,2e-08,0.00052371
reference,precomplexed,0.1,0.026101572156825372,24.0,3.9e-07,1.33e-06,3.7e-07,0.99789212,9.6e-07,3.5e-07,82.16075549,65.01543583,5.86331554,8.61106799,0.0,1.89e-06
reference,precomplexed,0.1,0.026101572156825372,48.0,0.00023243,0.00043705,0.00022083,0.98915226,0.00021622,0.00019069,98.79065659,95.62911134,14.483046,31.76672142,1e-08,0.00062063
reference,precomplexed,0.1,0.026101572156825372,72.0,0.00376286,0.00532142,0.00357542,0.97682211,0.001746,0.00274824,99.83303889,101.64056941,18.67941563,59.43153869,4e-07,0.00755122
reference,precomplexed,0.1,0.06812920690579614,24.0,5.27e-06,1.801e-05,5.01e-06,0.99498127,1.3e-05,4.72e-06,197.562832,156.46698661,14.12432376,20.74910619,0.0,2.558e-05
reference,precomplexed,0.1,0.06812920690579614,48.0,0.00286299,0.00529815,0.00272013,0.97308471,0.00257802,0.00234134,237.12955553,229.65326564,34.81231349,76.40585129,1.3e-07,0.00752286
reference,precomplexed,0.1,0.06812920690579614,72.0,0.03993139,0.05485162,0.03794446,0.92104632,0.01690716,0.02875231,239.45928015,243.84581769,44.84167048,142.80459766,5.75e-06,0.07779837
reference,precomplexed,0.1,0.1778279410038923,24.0,4.967e-05,0.00016792,4.719e-05,0.98944782,0.00012073,4.439e-05,421.67994093,334.74578636,30.29760671,44.54117286,0.0,0.00023856
reference,precomplexed,0.1,0.1778279410038923,48.0,0.02168066,0.03855459,0.02059956,0.93347123,0.01795503,0.01758964,503.61612519,488.40817668,74.22263884,163.196883,1.33e-06,0.05472718
reference,precomplexed,0.1,0.1778279410038923,72.0,0.20443983,0.25897129,0.19431164,0.74714834,0.06465965,0.1407132,507.57281528,517.1600724,95.26630319,304.1822612,6.014e-05,0.3665738
reference,precomplexed,0.1,0.464158883361278,24.0,0.00023848,0.0007938,0.00022657,0.98224821,0.00056723,0.00021294,714.45448726,570.72595166,52.00542964,76.59476074,0.0,0.00112771
reference,precomplexed,0.1,0.464158883361278,48.0,0.07384286,0.12276273,0.07016676,0.86472262,0.05259597,0.0590484,840.36862155,818.51069851,125.31272603,276.90497186,7.52e-06,0.1741198
reference,precomplexed,0.1,0.464158883361278,72.0,0.41269537,0.47618008,0.39255414,0.55205775,0.08362594,0.26354216,841.35163882,858.91201886,159.09910498,511.96365015,0.00035337,0.66918198
reference,precomplexed,0.1,1.2115276586285888,24.0,0.00051963,0.00170156,0.00049367,0.97699794,0.00120789,0.00046348,898.63077441,730.42399785,67.64552027,100.02791196,1e-08,0.00241709
reference,precomplexed,0.1,1.2115276586285888,48.0,0.11873418,0.18744896,0.11284806,0.81416206,0.07460089,0.09372248,1001.73234031,991.03696783,155.50340647,348.67978432,2.508e-05,0.26532168
reference,precomplexed,0.1,1.2115276586285888,72.0,0.50054344,0.55728975,0.4770506,0.47050799,0.08023915,0.3052114,978.01147712,1005.9103613,190.14355609,627.97910306,0.00134798,0.76891909
reference,precomplexed,0.1,3.1622776601683795,24.0,0.00061012,0.00195052,0.00057968,0.97579188,0.00137084,0.00054332,805.55595074,699.45111773,68.62558045,102.77709115,2e-08,0.00276899
reference,precomplexed,0.1,3.1622776601683795,48.0,0.10939562,0.17055907,0.10411655,0.82308744,0.06644251,0.08592537,790.90930275,808.9768397,135.93867012,319.5056917,0.00015997,0.23842707
reference,precomplexed,0.1,3.1622776601683795,72.0,0.47203859,0.54059317,0.45308417,0.48785335,0.087509,0.29359675,746.31302095,775.5759265,152.61722072,539.88997261,0.01137811,0.70258164
reference,precomplexed,0.1,8.25404185268019,24.0,0.00031364,0.00094708,0.00029843,0.98038791,0.00064865,0.00027838,477.73134232,453.77809696,49.77270334,77.07219195,5.8e-07,0.00132772
reference,precomplexed,0.1,8.25404185268019,48.0,0.0432765,0.06968376,0.0415941,0.89957403,0.02808965,0.03436939,413.88974294,439.41478555,80.59819106,203.79302278,0.00456682,0.09037299
reference,precomplexed,0.1,8.25404185268019,72.0,0.24430669,0.30151227,0.23785875,0.69814064,0.06365352,0.1627651,377.37103724,396.36659651,81.89122657,319.24730955,0.08700421,0.35719927
reference,precomplexed,0.1,21.544346900318843,24.0,5.706e-05,0.00016748,5.488e-05,0.98848083,0.0001126,5.1e-05,207.61351924,212.41427641,26.00518113,41.81864938,1.425e-05,0.00021674
reference,precomplexed,0.1,21.544346900318843,48.0,0.00675619,0.01113006,0.00659715,0.96056976,0.00453292,0.00544962,174.42622359,187.39161748,36.25941951,97.66947106,0.0042308,0.01301292
reference,precomplexed,0.1,21.544346900318843,72.0,0.04335577,0.05592425,0.04268965,0.91479201,0.0132346,0.0298885,158.54403655,166.6949992,35.11680191,146.45557913,0.03275165,0.0619644
reference,precomplexed,0.1,56.23413251903491,24.0,5.69e-06,1.663e-05,5.56e-06,0.9946195,1.107e-05,5.15e-06,83.24617341,87.5667971,11.3179476,18.63696453,6.18e-06,1.945e-05
reference,precomplexed,0.1,56.23413251903491,48.0,0.00060848,0.00100883,0.00060077,0.98463095,0.00040806,0.00049512,69.19885402,74.65340091,14.79014625,41.16434907,0.00065985,0.00109779
reference,precomplexed,0.1,56.23413251903491,72.0,0.00391472,0.0051058,0.00388316,0.97650083,0.00122264,0.00272181,62.91528584,66.14762994,14.04286192,60.544987,0.00397698,0.00539204
reference,precomplexed,0.1,146.77992676220705,24.0,4.2e-07,1.22e-06,4.1e-07,0.99775305,8.1e-07,3.8e-07,32.40761384,34.49616107,4.57020888,7.61101038,7.3e-07,1.34e-06
reference,precomplexed,0.1,146.77992676220705,48.0,4.198e-05,6.97e-05,4.168e-05,0.99391198,2.803e-05,3.429e-05,26.86415688,29.02099756,5.80737057,16.40888909,5.561e-05,7.316e-05
reference,precomplexed,0.1,146.77992676220705,72.0,0.00026683,0.00034888,0.00026562,0.99171059,8.326e-05,0.00018588,24.4352221,25.68795986,5.46987257,23.93686682,0.00030485,0.00035972
reference,precomplexed,0.1,383.1186849557293,24.0,3e-08,8e-08,3e-08,0.999109,5e-08,2e-08,12.48930271,13.35575188,1.78724078,2.99007607,5e-08,8e-08
reference,precomplexed,0.1,383.1186849557293,48.0,2.56e-06,4.26e-06,2.55e-06,0.99761931,1.71e-06,2.1e-06,10.34442229,11.1801664,2.24605177,6.38516894,3.64e-06,4.41e-06
reference,precomplexed,0.1,383.1186849557293,72.0,1.62e-05,2.119e-05,1.614e-05,0.99683222,5.05e-06,1.129e-05,9.41112308,9.89307563,2.10899016,9.28452239,1.929e-05,2.166e-05
reference,precomplexed,0.1,1000.0,24.0,0.0,0.0,0.0,0.99965428,0.0,0.0,4.79544609,5.13702005,0.68994476,1.15613672,0.0,0.0
reference,precomplexed,0.1,1000.0,48.0,1.5e-07,2.5e-07,1.5e-07,0.99907963,1e-07,1.2e-07,3.97079476,4.29231091,0.86355685,2.46040098,2.1e-07,2.6e-07
reference,precomplexed,0.1,1000.0,72.0,9.4e-07,1.23e-06,9.3e-07,0.9987801,2.9e-07,6.5e-07,3.61288923,3.79781052,0.80994394,3.57343055,1.13e-06,1.25e-06
reference,precomplexed,3.0,0.01,24.0,9.8e-07,3.33e-06,9.3e-07,0.99716152,2.4e-06,8.7e-07,107.38989773,85.65465167,7.82454318,11.5423937,0.0,4.73e-06
reference,precomplexed,3.0,0.01,48.0,0.00053764,0.00100331,0.00051079,0.98564822,0.00049251,0.00044029,129.38936022,125.05162536,18.98342406,41.84915428,1e-08,0.00142513
reference,precomplexed,3.0,0.01,72.0,0.00830878,0.01167545,0.00789427,0.96708823,0.00378118,0.00604624,132.26200604,134.10911314,24.53647698,78.1697683,2.9e-07,0.01657717
reference,precomplexed,3.0,0.026101572156825372,24.0,1.661e-05,5.611e-05,1.578e-05,0.99273131,4.033e-05,1.485e-05,280.05606388,223.40726611,20.41080866,30.10983384,0.0,7.973e-05
reference,precomplexed,3.0,0.026101572156825372,48.0,0.00787337,0.01432256,0.00748023,0.95943562,0.00684233,0.00641472,337.23738885,325.98663864,49.49830075,109.13389643,1.3e-07,0.02034235
reference,precomplexed,3.0,0.026101572156825372,72.0,0.09450648,0.12602016,0.08979705,0.85955788,0.03622311,0.0669868,344.59743205,349.45071418,63.95097671,203.79355304,5.17e-06,0.17883803
reference,precomplexed,3.0,0.06812920690579614,24.0,0.0002629,0.00087188,0.00024976,0.98179645,0.00062212,0.00023467,729.27620055,581.9928928,53.18927399,78.4697151,0.0,0.00123877
reference,precomplexed,3.0,0.06812920690579614,48.0,0.07886892,0.1305446,0.07493447,0.8597373,0.05561012,0.06299668,876.86545087,847.99333017,128.84366838,284.17388729,2.3e-06,0.18532702
reference,precomplexed,3.0,0.06812920690579614,72.0,0.426428,0.48821826,0.40536178,0.54221608,0.08285649,0.27046199,895.12091281,908.01074453,166.27943726,530.264123,9.196e-05,0.6899259
reference,precomplexed,3.0,0.1778279410038923,24.0,0.0034715,0.0109399,0.00329803,0.95555395,0.00764187,0.00308894,1891.47279127,1511.11074937,138.22593383,203.96128381,2e-08,0.01554231
reference,precomplexed,3.0,0.1778279410038923,48.0,0.31606864,0.42378151,0.30041062,0.620362,0.12337089,0.23667321,2264.938712,2193.07849952,333.80498165,736.93211483,4.204e-05,0.59930169
reference,precomplexed,3.0,0.1778279410038923,72.0,0.67732642,0.69591162,0.64673803,0.3179367,0.04917359,0.348265,2305.80754938,2341.0297975,429.48203148,1372.3076835,0.00163688,0.94180643
reference,precomplexed,3.0,0.464158883361278,24.0,0.02913313,0.07943107,0.02767832,0.89295512,0.05175275,0.02567378,4847.67615543,3885.00635591,356.27717945,525.98320474,3.6e-07,0.11280774
reference,precomplexed,3.0,0.464158883361278,48.0,0.5389783,0.62075146,0.51393318,0.41709808,0.10681828,0.3652759,5734.14139172,5572.91784794,852.71050183,1887.76361547,0.00080487,0.84654741
reference,precomplexed,3.0,0.464158883361278,72.0,0.82688909,0.85361667,0.80441902,0.16756576,0.04919765,0.3757498,5789.89472375,5893.65979221,1087.18841649,3494.25768158,0.02844284,0.98487946
reference,precomplexed,3.0,1.2115276586285888,24.0,0.11038044,0.23588704,0.10489347,0.77972932,0.13099357,0.09517777,11881.94995798,9626.38048126,890.2967419,1316.57649778,7.67e-06,0.33404889
reference,precomplexed,3.0,1.2115276586285888,48.0,0.69578544,0.77865742,0.67298893,0.26592348,0.10566848,0.44239894,13439.84415716,13242.21921808,2065.23894508,4617.52823762,0.01708077,0.9275586
reference,precomplexed,3.0,1.2115276586285888,72.0,0.93399607,0.9521335,0.92314494,0.0618166,0.02898856,0.38046812,13187.78131156,13545.21387462,2548.47145906,8366.55695029,0.34175482,0.99362037
reference,precomplexed,3.0,3.1622776601683795,24.0,0.20126965,0.3634164,0.19162444,0.67362124,0.17179195,0.1697127,21563.80862074,18508.04738332,1788.95077785,2668.50792595,0.00019301,0.50224304
reference,precomplexed,3.0,3.1622776601683795,48.0,0.81455532,0.89023579,0.80049444,0.15144494,0.08974134,0.49943961,20906.22416981,21461.76539275,3606.21448883,8432.98410889,0.27855679,0.95312828
reference,precomplexed,3.0,3.1622776601683795,72.0,0.9766413,0.98822207,0.97371941,0.01932875,0.01450266,0.35429366,19634.84557347,20433.7718847,4033.88576222,14256.32298582,0.88406346,0.99597796
reference,precomplexed,3.0,8.25404185268019,24.0,0.2170944,0.39867446,0.20834222,0.64674358,0.19033225,0.18429824,14686.54019897,13916.48409701,1523.40796554,2356.40401473,0.00572584,0.50728715
reference,precomplexed,3.0,8.25404185268019,48.0,0.85574422,0.92865636,0.84930587,0.11069177,0.07935049,0.52224097,12611.97547146,13442.81610076,2471.7075461,6245.3636862,0.74198758,0.95200048
reference,precomplexed,3.0,8.25404185268019,72.0,0.98516822,0.99358824,0.98436101,0.01134267,0.00922723,0.33935313,11418.74182676,12020.31263578,2496.03844066,9760.80073775,0.97560648,0.99576156
reference,precomplexed,3.0,21.544346900318843,24.0,0.15499462,0.32009724,0.15083261,0.71143941,0.16926463,0.13541629,6268.80122279,6437.43925171,790.48317068,1271.72113629,0.09467653,0.37173838
reference,precomplexed,3.0,21.544346900318843,48.0,0.82462783,0.91190713,0.82157948,0.13459204,0.09032765,0.52373777,5248.47888242,5644.80161842,1095.66122062,2958.28762194,0.84340961,0.92425567
reference,precomplexed,3.0,21.544346900318843,72.0,0.98025004,0.99128746,0.97983868,0.01503404,0.01144878,0.35515105,4766.87795805,5013.32914155,1057.79050426,4426.46018189,0.9840321,0.99258028
reference,precomplexed,3.0,56.23413251903491,24.0,0.05211181,0.12797744,0.05115191,0.84667942,0.07682553,0.04672785,2499.86872075,2632.6246386,340.84807412,561.57643102,0.06560229,0.14312217
reference,precomplexed,3.0,56.23413251903491,48.0,0.66408165,0.79563523,0.66179821,0.27253825,0.13383701,0.46517482,2076.95623382,2241.1218021,444.41643094,1238.2253435,0.73751009,0.80807923
reference,precomplexed,3.0,56.23413251903491,72.0,0.94536704,0.97179416,0.94485588,0.04354433,0.02693828,0.41018491,1888.18113564,1985.26248416,421.61604128,1819.94526831,0.96222565,0.97382291
reference,precomplexed,3.0,146.77992676220705,24.0,0.0072887,0.02000593,0.00719528,0.93717771,0.01281064,0.0066309,972.3962667,1035.40678434,137.26258773,228.64896817,0.01289864,0.02174004
reference,precomplexed,3.0,146.77992676220705,48.0,0.29436278,0.41573578,0.29310661,0.62131937,0.12262917,0.2276981,805.98549535,870.73559344,174.2908738,492.65353365,0.37085604,0.42615297
reference,precomplexed,3.0,146.77992676220705,72.0,0.72812327,0.80440624,0.72716476,0.23422294,0.07724148,0.41140798,733.10057487,770.6902487,164.12336042,718.51239572,0.77981864,0.81007002
reference,precomplexed,3.0,383.1186849557293,24.0,0.00059476,0.00169573,0.00058874,0.97466717,0.00110699,0.00054409,374.69314702,400.73138875,53.63778989,89.74599113,0.0012226,0.00181395
reference,precomplexed,3.0,383.1186849557293,48.0,0.04389112,0.06965608,0.04368983,0.89897241,0.02596625,0.03539769,310.33658923,335.41372918,67.38971915,191.60574047,0.0610461,0.07177458
reference,precomplexed,3.0,383.1186849557293,72.0,0.20635367,0.25576273,0.20585653,0.73480143,0.0499062,0.13689732,282.33627633,296.79549348,63.27242573,278.58775195,0.23939695,0.25979143
reference,precomplexed,3.0,1000.0,24.0,3.867e-05,0.00011168,3.83e-05,0.98990004,7.337e-05,3.543e-05,143.86484735,154.11827343,20.70123547,34.6903687,8.28e-05,0.00011904
reference,precomplexed,3.0,1000.0,48.0,0.00340579,0.00557793,0.00339005,0.97095466,0.00218787,0.00277376,119.12413415,128.77022819,25.90779132,73.8191508,0.00488141,0.00575318
reference,precomplexed,3.0,1000.0,72.0,0.01980044,0.02556838,0.01974583,0.94768546,0.00582255,0.01363651,108.38683102,113.93453802,24.29864625,107.21016092,0.02365872,0.02604886
reference,precomplexed,100.0,0.01,24.0,1.17e-06,3.99e-06,1.12e-06,0.99698862,2.87e-06,1.05e-06,114.00915406,90.88821043,8.3031167,12.25096274,0.0,5.67e-06
reference,precomplexed,100.0,0.01,48.0,0.00064155,0.00119651,0.0006095,0.98474279,0.00058701,0.00052531,137.77520342,133.03326611,20.17197485,44.45117195,1e-08,0.00169966
reference,precomplexed,100.0,0.01,72.0,0.00986627,0.0138506,0.00937393,0.96423488,0.00447667,0.00717624,141.19635437,143.04397876,26.13142353,83.14232386,2.7e-07,0.01966733
reference,precomplexed,100.0,0.026101572156825372,24.0,1.991e-05,6.718e-05,1.892e-05,0.99229396,4.826e-05,1.779e-05,297.42555187,237.14103062,21.66672479,31.96935338,0.0,9.545e-05
reference,precomplexed,100.0,0.026101572156825372,48.0,0.00928099,0.01683683,0.0088175,0.95638297,0.00801933,0.00755731,359.23876227,346.92878576,52.61702501,115.9617849,1.2e-07,0.02391469
reference,precomplexed,100.0,0.026101572156825372,72.0,0.10825202,0.14344134,0.10285622,0.84508736,0.04058512,0.07647312,368.03263064,372.88908623,68.13540999,216.84060446,4.79e-06,0.20358024
reference,precomplexed,100.0,0.06812920690579614,24.0,0.00031376,0.00103806,0.00029808,0.98071751,0.00073998,0.00028003,775.25160217,618.34870015,56.51429298,83.39292809,0.0,0.00147491
reference,precomplexed,100.0,0.06812920690579614,48.0,0.08931031,0.14624733,0.08485425,0.84795432,0.06139308,0.0711595,935.07466113,903.40891183,137.09778805,302.24662722,2.09e-06,0.20763199
reference,precomplexed,100.0,0.06812920690579614,72.0,0.4503538,0.50976886,0.42810533,0.5211783,0.08166352,0.28219001,957.0865716,969.99761722,177.34939668,564.78912422,8.523e-05,0.72033507
reference,precomplexed,100.0,0.1778279410038923,24.0,0.00409527,0.01282312,0.00389061,0.95284346,0.00893251,0.00364244,2016.02090814,1609.6252081,147.23867924,217.30728413,2e-08,0.01821827
reference,precomplexed,100.0,0.1778279410038923,48.0,0.33446649,0.44183795,0.31789586,0.60370324,0.12394209,0.24883616,2422.43024498,2343.0772266,356.15889995,785.89048009,3.824e-05,0.62481476
reference,precomplexed,100.0,0.1778279410038923,72.0,0.68555624,0.70170292,0.65470855,0.31097283,0.04699437,0.34708754,2473.1842854,2508.56021064,459.42671149,1465.76567755,0.00151541,0.94789893
reference,precomplexed,100.0,0.464158883361278,24.0,0.03334664,0.08935962,0.03168127,0.88593638,0.05767835,0.02934869,5207.60876245,4169.92678723,382.36637793,564.62516046,3.2e-07,0.12691259
reference,precomplexed,100.0,0.464158883361278,48.0,0.5505096,0.62900491,0.52497546,0.40755954,0.10402945,0.36996904,6187.5001077,6005.30138486,917.25128466,2029.23323836,0.00072823,0.85672535
reference,precomplexed,100.0,0.464158883361278,72.0,0.8312112,0.85726558,0.80892762,0.16366093,0.04833796,0.37373979,6269.1875498,6374.26386189,1173.32940689,3763.69920009,0.02630483,0.98609904
reference,precomplexed,100.0,1.2115276586285888,24.0,0.12235873,0.25429571,0.11627599,0.76610571,0.13801973,0.10516431,13151.08581415,10634.25215694,982.85724776,1453.75985474,6.81e-06,0.36009982
reference,precomplexed,100.0,1.2115276586285888,48.0,0.70481014,0.78524251,0.68195761,0.25848259,0.1032849,0.44423722,15007.09029746,14747.49553955,2291.69742271,5115.68335013,0.01531395,0.93243409
reference,precomplexed,100.0,1.2115276586285888,72.0,0.93561347,0.95259163,0.92472071,0.06069991,0.02787092,0.37631518,14803.07698081,15178.92809764,2845.29369483,9304.99164576,0.32256847,0.99409337
reference,precomplexed,100.0,3.1622776601683795,24.0,0.23693701,0.40523363,0.22569907,0.63766999,0.17953457,0.19785215,29615.82662138,25164.5475096,2414.63536705,3598.11476558,0.00021505,0.5559342
reference,precomplexed,100.0,3.1622776601683795,48.0,0.83213361,0.9009399,0.81849891,0.13730427,0.08244099,0.49933325,28961.61172574,29687.11760594,4956.05477529,11526.63773539,0.28080712,0.95966148
reference,precomplexed,100.0,3.1622776601683795,72.0,0.97900521,0.98933464,0.97619143,0.01748327,0.01314321,0.34420024,27224.32898555,28317.71230954,5577.42307691,19590.71657246,0.88500805,0.99657822
reference,precomplexed,100.0,8.25404185268019,24.0,0.35440948,0.56186676,0.34250852,0.50840038,0.21935823,0.2931433,45143.00484729,42631.05485633,4655.64514645,7182.19552907,0.02303279,0.66863529
reference,precomplexed,100.0,8.25404185268019,48.0,0.90635823,0.9568467,0.9017347,0.07045057,0.055112,0.51011878,39203.02495293,41838.57221951,7645.53301992,19214.48423581,0.82603907,0.97117764
reference,precomplexed,100.0,8.25404185268019,72.0,0.99120417,0.99634179,0.99070457,0.00662469,0.00563722,0.30402261,34852.66319525,36892.31746047,7711.80896612,30090.20290394,0.98495099,0.99757023
reference,precomplexed,100.0,21.544346900318843,24.0,0.46022589,0.68306317,0.45352845,0.40447247,0.22953472,0.38014727,48571.73684132,51400.89244334,6422.66772975,10343.13285735,0.42611512,0.72325171
reference,precomplexed,100.0,21.544346900318843,48.0,0.93500965,0.97247175,0.93375447,0.04721325,0.03871727,0.49377678,39493.08042692,42861.21941723,8529.33623954,23417.41480488,0.94754858,0.97620291
reference,precomplexed,100.0,21.544346900318843,72.0,0.99414986,0.99768174,0.99402992,0.00425182,0.00365182,0.27793644,35648.89852348,37575.85351975,8029.906224,34478.66535263,0.99557861,0.99799634
reference,precomplexed,100.0,56.23413251903491,24.0,0.5149483,0.73194457,0.51233829,0.35694748,0.21960628,0.4222514,47999.18147126,51927.88421502,6994.52580243,11664.91225581,0.65460966,0.74556915
reference,precomplexed,100.0,56.23413251903491,48.0,0.94437089,0.97698285,0.94396586,0.03991599,0.03301699,0.48136795,39451.85846803,42760.28877244,8663.28430205,24735.48755373,0.97003587,0.97819704
reference,precomplexed,100.0,56.23413251903491,72.0,0.99503559,0.99806249,0.99499783,0.00356233,0.00306466,0.26610519,35792.04105394,37663.72157721,8065.88601291,35795.36899351,0.9974774,0.99816474
reference,precomplexed,100.0,146.77992676220705,24.0,0.49239718,0.714335,0.49120466,0.37570559,0.22313035,0.40738182,32529.05191466,35104.10064266,4774.72063918,8034.49856561,0.68040501,0.72084624
reference,precomplexed,100.0,146.77992676220705,48.0,0.94013186,0.97509368,0.93993892,0.04294448,0.03515476,0.48576852,26861.96908472,29072.72642861,5885.54260489,16897.63830961,0.97196997,0.97569147
reference,precomplexed,100.0,146.77992676220705,72.0,0.99459071,0.99788366,0.99457243,0.00387927,0.00331123,0.27051653,24418.12908029,25677.11141759,5490.00004052,24428.41857263,0.99761755,0.99793459
reference,precomplexed,100.0,383.1186849557293,24.0,0.35525006,0.58667266,0.35426865,0.49975561,0.23240401,0.30480611,12505.28924581,13426.948275,1812.53049131,3043.96625576,0.55398192,0.59372326
reference,precomplexed,100.0,383.1186849557293,48.0,0.90957387,0.9602777,0.90934445,0.06604349,0.05093325,0.5101666,10348.30209715,11189.87545418,2255.92880252,6447.30721918,0.95659541,0.96106914
reference,precomplexed,100.0,383.1186849557293,72.0,0.99124146,0.99645243,0.99121742,0.00638486,0.00523501,0.2996064,9413.46171154,9896.15418256,2112.15493128,9348.12842078,0.99611904,0.99652415
reference,precomplexed,100.0,1000.0,24.0,0.16920773,0.34561888,0.16841499,0.69522551,0.17720389,0.1504162,4797.15851712,5146.04472745,693.36468097,1163.55237624,0.30886424,0.35424631
reference,precomplexed,100.0,1000.0,48.0,0.82761093,0.91368726,0.82716807,0.13167721,0.08651919,0.52090445,3971.11567061,4293.3520394,864.8360544,2468.81743093,0.90563006,0.91554996
reference,precomplexed,100.0,1000.0,72.0,0.97983749,0.99104237,0.97977708,0.0152677,0.01126529,0.35032375,3613.05519843,3798.05583845,810.32776756,3581.98701896,0.99016012,0.99124641
transport,simultaneous,0.1,0.01,24.0,0.0,0.0,0.0,0.99999281,0.0,0.0,0.46296024,0.31995277,0.02384935,0.03291414,0.0,0.0
transport,simultaneous,0.1,0.01,48.0,0.0,0.0,0.0,0.99994351,0.0,0.0,0.69040717,0.63121102,0.08530303,0.17010787,0.0,0.0
transport,simultaneous,0.1,0.01,72.0,0.0,0.0,0.0,0.99986982,0.0,0.0,0.78338479,0.76808522,0.12997504,0.36681619,0.0,0.0
transport,simultaneous,0.1,0.026101572156825372,24.0,0.0,0.0,0.0,0.99998161,0.0,0.0,1.17359457,0.81355123,0.06086236,0.08407401,0.0,0.0
transport,simultaneous,0.1,0.026101572156825372,48.0,0.0,0.0,0.0,0.99985662,0.0,0.0,1.74415515,1.59559161,0.21602594,0.43149305,0.0,0.0
transport,simultaneous,0.1,0.026101572156825372,72.0,2e-08,2e-08,1e-08,0.99967075,1e-08,1e-08,1.97859795,1.94006426,0.32848302,0.92846713,0.0,3e-08
transport,simultaneous,0.1,0.06812920690579614,24.0,0.0,0.0,0.0,0.99995434,0.0,0.0,2.8419232,1.9853902,0.14991087,0.20758374,0.0,0.0
transport,simultaneous,0.1,0.06812920690579614,48.0,1e-08,1e-08,1e-08,0.99965166,1e-08,1e-08,4.18706138,3.83652186,0.52185402,1.04671633,0.0,2e-08
transport,simultaneous,0.1,0.06812920690579614,72.0,2.1e-07,3.3e-07,2e-07,0.99920699,1.3e-07,1.6e-07,4.7463592,4.65482357,0.78933403,2.23993172,0.0,4.7e-07
transport,simultaneous,0.1,0.1778279410038923,24.0,0.0,0.0,0.0,0.9998949,0.0,0.0,6.16333842,4.38495107,0.33858898,0.47165111,0.0,0.0
transport,simultaneous,0.1,0.1778279410038923,48.0,8e-08,1.5e-07,7e-08,0.99923769,8e-08,6e-08,8.90583834,8.19104612,1.12639092,2.28188445,0.0,2.2e-07
transport,simultaneous,0.1,0.1778279410038923,72.0,2.17e-06,3.31e-06,2.07e-06,0.99829827,1.25e-06,1.65e-06,10.07069905,9.88316541,1.68242223,4.82017886,0.0,4.71e-06
transport,simultaneous,0.1,0.464158883361278,24.0,0.0,0.0,0.0,0.99979462,0.0,0.0,10.74254617,7.89073312,0.63640627,0.89770642,0.0,0.0
transport,simultaneous,0.1,0.464158883361278,48.0,4.5e-07,9.1e-07,4.3e-07,0.99864306,4.8e-07,3.8e-07,15.06835051,13.94924567,1.9546048,4.03324164,0.0,1.29e-06
transport,simultaneous,0.1,0.464158883361278,72.0,1.156e-05,1.739e-05,1.098e-05,0.99706893,6.41e-06,8.71e-06,16.93754197,16.65054353,2.8555631,8.32680453,0.0,2.471e-05
transport,simultaneous,0.1,1.2115276586285888,24.0,0.0,0.0,0.0,0.99968895,0.0,0.0,14.32416516,10.82560118,0.91674416,1.31524017,0.0,1e-08
transport,simultaneous,0.1,1.2115276586285888,48.0,1.23e-06,2.42e-06,1.17e-06,0.99814345,1.26e-06,1.02e-06,19.58268544,18.2449161,2.60348945,5.47966435,0.0,3.44e-06
transport,simultaneous,0.1,1.2115276586285888,72.0,2.794e-05,4.153e-05,2.655e-05,0.99611546,1.498e-05,2.092e-05,21.85010149,21.52593238,3.72111856,11.05581754,0.0,5.901e-05
transport,simultaneous,0.1,3.1622776601683795,24.0,0.0,1e-08,0.0,0.99962424,1e-08,0.0,16.04222822,12.29302797,1.07066326,1.5546608,0.0,1e-08
transport,simultaneous,0.1,3.1622776601683795,48.0,1.87e-06,3.65e-06,1.78e-06,0.99788883,1.87e-06,1.55e-06,21.62142059,20.21767063,2.91435668,6.20748824,0.0,5.19e-06
transport,simultaneous,0.1,3.1622776601683795,72.0,3.981e-05,5.874e-05,3.782e-05,0.9956605,2.092e-05,2.969e-05,24.01565856,23.69098186,4.11447078,12.36130546,0.0,8.348e-05
transport,simultaneous,0.1,8.25404185268019,24.0,0.0,1e-08,0.0,0.99959644,1e-08,0.0,16.69840572,12.86394271,1.13307903,1.65423784,0.0,1e-08
transport,simultaneous,0.1,8.25404185268019,48.0,2.19e-06,4.24e-06,2.08e-06,0.9977886,2.16e-06,1.8e-06,22.37523953,20.9538148,3.03290696,6.49246169,0.0,6.02e-06
transport,simultaneous,0.1,8.25404185268019,72.0,4.517e-05,6.646e-05,4.292e-05,0.99548714,2.355e-05,3.363e-05,24.80440931,24.48329434,4.26034937,12.8594751,0.0,9.444e-05
transport,simultaneous,0.1,21.544346900318843,24.0,0.0,1e-08,0.0,0.99958614,1e-08,0.0,16.93418375,13.07043146,1.155842,1.69082625,0.0,2e-08
transport,simultaneous,0.1,21.544346900318843,48.0,2.31e-06,4.46e-06,2.19e-06,0.99775238,2.27e-06,1.9e-06,22.63741523,21.21261817,3.07520116,6.59517339,0.0,6.34e-06
transport,simultaneous,0.1,21.544346900318843,72.0,4.72e-05,6.937e-05,4.484e-05,0.99542563,2.452e-05,3.512e-05,25.07025441,24.75320065,4.31100914,13.03596039,0.0,9.857e-05
transport,simultaneous,0.1,56.23413251903491,24.0,0.0,1e-08,0.0,0.99958263,1e-08,0.0,17.00365565,13.13621832,1.16344794,1.7031581,0.0,2e-08
transport,simultaneous,0.1,56.23413251903491,48.0,2.35e-06,4.54e-06,2.23e-06,0.99774149,2.31e-06,1.94e-06,22.6678272,21.2600235,3.08599883,6.62458268,0.0,6.44e-06
transport,simultaneous,0.1,56.23413251903491,72.0,4.771e-05,7.005e-05,4.533e-05,0.99541294,2.473e-05,3.548e-05,25.01622941,24.7307531,4.31495898,13.06988073,0.0,9.955e-05
transport,simultaneous,0.1,146.77992676220705,24.0,0.0,1e-08,0.0,0.99958241,1e-08,0.0,16.6983486,13.0441788,1.16122843,1.70133842,0.0,2e-08
transport,simultaneous,0.1,146.77992676220705,48.0,2.15e-06,4.04e-06,2.04e-06,0.99787031,1.99e-06,1.76e-06,16.28188573,16.53471459,2.69733415,6.06776083,0.0,5.74e-06
transport,simultaneous,0.1,146.77992676220705,72.0,3.187e-05,4.411e-05,3.028e-05,0.99621854,1.384e-05,2.304e-05,16.17706448,16.5254992,3.15674177,10.65685174,0.0,6.268e-05
transport,simultaneous,0.1,383.1186849557293,24.0,0.0,1e-08,0.0,0.99966153,0.0,0.0,8.28599732,7.57490116,0.82128435,1.26451121,0.0,1e-08
transport,simultaneous,0.1,383.1186849557293,48.0,4.9e-07,8.4e-07,4.7e-07,0.99870919,3.8e-07,4e-07,8.54833764,8.79240648,1.48649895,3.59527942,0.0,1.2e-06
transport,simultaneous,0.1,383.1186849557293,72.0,4.62e-06,6.11e-06,4.41e-06,0.99790115,1.71e-06,3.23e-06,8.1008511,8.37409021,1.65149858,5.97467188,0.0,8.45e-06
transport,simultaneous,0.1,1000.0,24.0,0.0,0.0,0.0,0.99981583,0.0,0.0,3.826382,3.66208204,0.4177575,0.66174212,0.0,0.0
transport,simultaneous,0.1,1000.0,48.0,5e-08,8e-08,5e-08,0.99937887,3e-08,4e-08,3.48861822,3.65387414,0.66325311,1.69682992,0.0,1.1e-07
transport,simultaneous,0.1,1000.0,72.0,3.9e-07,5.1e-07,3.7e-07,0.99906693,1.3e-07,2.7e-07,3.29026515,3.41500198,0.6905517,2.67414756,3e-08,6.6e-07
transport,simultaneous,3.0,0.01,24.0,0.0,0.0,0.0,0.99996194,0.0,0.0,1.61937596,1.24321598,0.10834675,0.15727579,0.0,0.0
transport,simultaneous,3.0,0.01,48.0,0.0,0.0,0.0,0.99978549,0.0,0.0,2.16975448,2.03197921,0.29362172,0.62614423,0.0,1e-08
transport,simultaneous,3.0,0.01,72.0,4e-08,6e-08,4e-08,0.99956069,2e-08,3e-08,2.40354402,2.37297438,0.4129211,1.24343695,0.0,9e-08
transport,simultaneous,3.0,0.026101572156825372,24.0,0.0,0.0,0.0,0.99990074,0.0,0.0,4.22546015,3.24380265,0.28267721,0.41032147,0.0,0.0
transport,simultaneous,3.0,0.026101572156825372,48.0,3e-08,7e-08,3e-08,0.99944102,3e-08,3e-08,5.66178135,5.30222141,0.76615121,1.6337531,0.0,1e-07
transport,simultaneous,3.0,0.026101572156825372,72.0,7.4e-07,1.1e-06,7.1e-07,0.99885616,3.9e-07,5.5e-07,6.2718844,6.19210088,1.07747489,3.24452375,0.0,1.56e-06
transport,simultaneous,3.0,0.06812920690579614,24.0,0.0,0.0,0.0,0.99974149,0.0,0.0,11.01964412,8.45860941,0.73696818,1.06966866,0.0,0.0
transport,simultaneous,3.0,0.06812920690579614,48.0,6.1e-07,1.19e-06,5.8e-07,0.99854695,6.1e-07,5.1e-07,14.76691064,13.82878631,1.99805837,4.26032181,0.0,1.69e-06
transport,simultaneous,3.0,0.06812920690579614,72.0,1.299e-05,1.917e-05,1.234e-05,0.99702706,6.82e-06,9.69e-06,16.35851022,16.15031934,2.81020384,8.46149449,0.0,2.723e-05
transport,simultaneous,3.0,0.1778279410038923,24.0,1e-08,5e-08,1e-08,0.9993291,3e-08,1e-08,28.69536858,22.01964388,1.91747197,2.78254719,0.0,6e-08
transport,simultaneous,3.0,0.1778279410038923,48.0,1.058e-05,2.056e-05,1.005e-05,0.99624276,1.052e-05,8.74e-06,38.46375632,36.01784191,5.20299685,11.09140698,0.0,2.922e-05
transport,simultaneous,3.0,0.1778279410038923,72.0,0.00022032,0.00032397,0.0002093,0.99221966,0.00011466,0.00016403,42.61193306,42.06891561,7.31953732,22.03432933,0.0,0.00046037
transport,simultaneous,3.0,0.464158883361278,24.0,2.2e-07,7.6e-07,2.1e-07,0.99827652,5.6e-07,1.9e-07,74.37574372,57.02342354,4.95829091,7.19135855,0.0,1.09e-06
transport,simultaneous,3.0,0.464158883361278,48.0,0.00017445,0.00033734,0.00016573,0.9903523,0.00017161,0.000144,99.77536557,93.41245528,13.48608978,28.72999889,0.0,0.00047938
transport,simultaneous,3.0,0.464158883361278,72.0,0.00345087,0.00502707,0.00327833,0.97804388,0.00174874,0.00255866,110.55561121,109.1411592,18.98493414,57.11623631,0.0,0.00714374
transport,simultaneous,3.0,1.2115276586285888,24.0,3.32e-06,1.172e-05,3.15e-06,0.99572038,8.57e-06,2.97e-06,189.01326694,144.51507483,12.51239086,18.12139379,0.0,1.666e-05
transport,simultaneous,3.0,1.2115276586285888,48.0,0.00249243,0.00475115,0.00236781,0.97496686,0.00238334,0.00205194,254.3167626,237.92894817,34.28305864,72.88936142,0.0,0.00675164
transport,simultaneous,3.0,1.2115276586285888,72.0,0.04209815,0.05932001,0.03999324,0.9195703,0.01932677,0.0307683,281.9970774,278.33172996,48.37445855,145.24600762,0.0,0.08429685
transport,simultaneous,3.0,3.1622776601683795,24.0,3.038e-05,0.00010661,2.886e-05,0.99107809,7.775e-05,2.722e-05,406.56548357,309.51796126,26.69004616,38.6277621,0.0,0.0001515
transport,simultaneous,3.0,3.1622776601683795,48.0,0.01902045,0.03495025,0.01806943,0.93885125,0.01688082,0.0155546,551.76472453,515.09524819,73.91271952,156.70323523,0.0,0.04966615
transport,simultaneous,3.0,3.1622776601683795,72.0,0.21164563,0.27218313,0.20106335,0.74386306,0.07111978,0.14777737,613.78771235,605.23735732,104.91388724,313.75548999,0.0,0.38678655
transport,simultaneous,3.0,8.25404185268019,24.0,6.461e-05,0.00022199,6.138e-05,0.98869791,0.00016062,5.781e-05,494.64654482,380.44954569,33.4158638,48.72895106,0.0,0.00031546
transport,simultaneous,3.0,8.25404185268019,48.0,0.03229412,0.05770436,0.03067941,0.91935194,0.02702495,0.0262522,664.04470625,621.56652841,89.85674444,192.09912308,0.0,0.08200093
transport,simultaneous,3.0,8.25404185268019,72.0,0.28705917,0.35456435,0.27270621,0.67364372,0.08185814,0.19513153,736.58790184,726.91984829,126.41585694,381.06969214,0.0,0.5038546
transport,simultaneous,3.0,21.544346900318843,24.0,7.44e-05,0.00025369,7.068e-05,0.98821932,0.00018301,6.654e-05,507.32563477,391.48955584,34.60663232,50.61572597,0.0,0.00036051
transport,simultaneous,3.0,21.544346900318843,48.0,0.03488558,0.0619546,0.0331413,0.91591579,0.0288133,0.02831757,678.36300081,635.62346078,92.1309589,197.55058819,0.0,0.08804075
transport,simultaneous,3.0,21.544346900318843,72.0,0.29794941,0.36572957,0.28305194,0.6637687,0.08267763,0.20155839,751.34556209,741.81970046,129.18320449,390.56062578,0.0,0.51972096
transport,simultaneous,3.0,56.23413251903491,24.0,7.708e-05,0.00026224,7.322e-05,0.98809846,0.00018901,6.892e-05,510.03686507,394.01453549,34.89485379,51.08083389,0.0,0.00037265
transport,simultaneous,3.0,56.23413251903491,48.0,0.03549972,0.06294012,0.03372473,0.91511975,0.02921538,0.02880442,680.03415288,637.76901102,92.56965904,198.70706019,0.0,0.08944122
transport,simultaneous,3.0,56.23413251903491,72.0,0.30012,0.36785265,0.285114,0.66180277,0.08273865,0.20278086,750.67596687,742.03861463,129.45341795,392.07473491,0.0,0.52273796
transport,simultaneous,3.0,146.77992676220705,24.0,7.75e-05,0.00026334,7.363e-05,0.98808798,0.00018971,6.929e-05,501.43788648,391.44738842,34.83991829,51.04333161,0.0,0.00037422
transport,simultaneous,3.0,146.77992676220705,48.0,0.03351162,0.05838583,0.03183604,0.91896563,0.02654979,0.02709858,490.12392806,498.04559628,81.19219356,182.47646152,0.0,0.08296925
transport,simultaneous,3.0,146.77992676220705,72.0,0.25719048,0.31335379,0.24433689,0.70225767,0.0690169,0.17211051,486.50507208,497.12148401,95.00499609,320.60273653,0.0,0.44516345
transport,simultaneous,3.0,383.1186849557293,24.0,5.083e-05,0.00015977,4.828e-05,0.99021617,0.00011148,4.52e-05,248.84508941,227.58135921,24.67500866,37.98748768,0.0,0.00022704
transport,simultaneous,3.0,383.1186849557293,48.0,0.00995223,0.01650578,0.00945949,0.95642217,0.00704629,0.00790867,256.83870877,264.13189445,44.64818319,107.99064857,0.0,0.02333571
transport,simultaneous,3.0,383.1186849557293,72.0,0.07468074,0.09510074,0.07127034,0.88002472,0.0238304,0.0508315,243.25895673,251.48884028,49.60496449,179.46230419,1.209e-05,0.13004647
transport,simultaneous,3.0,1000.0,24.0,8.31e-06,2.429e-05,7.9e-06,0.99457391,1.639e-05,7.34e-06,114.85806569,109.93508038,12.54097929,19.86521765,0.0,3.436e-05
transport,simultaneous,3.0,1000.0,48.0,0.0011392,0.00188152,0.00108887,0.98121395,0.00079265,0.00090553,104.69997746,109.66732441,19.90872752,50.93528433,1.196e-05,0.00254753
transport,simultaneous,3.0,1000.0,72.0,0.00860213,0.01116255,0.00827951,0.96597168,0.00288304,0.00592919,98.73478655,102.48212833,20.72510713,80.26606508,0.00069977,0.01439999
transport,simultaneous,100.0,0.01,24.0,0.0,0.0,0.0,0.99995804,0.0,0.0,1.70608317,1.3178523,0.11672979,0.17089833,0.0,0.0
transport,simultaneous,100.0,0.01,48.0,0.0,0.0,0.0,0.99977177,0.0,0.0,2.27907064,2.13595213,0.30982078,0.66494081,0.0,1e-08
transport,simultaneous,100.0,0.01,72.0,5e-08,7e-08,5e-08,0.99953646,3e-08,4e-08,2.52408924,2.4921075,0.43408219,1.3134034,0.0,1e-07
transport,simultaneous,100.0,0.026101572156825372,24.0,0.0,0.0,0.0,0.99989051,0.0,0.0,4.45314295,3.43979987,0.30468306,0.44607137,0.0,0.0
transport,simultaneous,100.0,0.026101572156825372,48.0,4e-08,8e-08,4e-08,0.9994051,4e-08,4e-08,5.94872751,5.57516523,0.80868043,1.73560002,0.0,1.2e-07
transport,simultaneous,100.0,0.026101572156825372,72.0,8.8e-07,1.3e-06,8.4e-07,0.99879278,4.6e-07,6.6e-07,6.58826267,6.50478479,1.13302362,3.42818852,0.0,1.85e-06
transport,simultaneous,100.0,0.06812920690579614,24.0,0.0,0.0,0.0,0.99971444,0.0,0.0,11.62339268,8.97840348,0.7952696,1.16431499,0.0,1e-08
transport,simultaneous,100.0,0.06812920690579614,48.0,7.5e-07,1.46e-06,7.2e-07,0.99845232,7.4e-07,6.2e-07,15.52708409,14.55203189,2.11078414,4.53018508,0.0,2.07e-06
transport,simultaneous,100.0,0.06812920690579614,72.0,1.548e-05,2.276e-05,1.47e-05,0.99685951,8.06e-06,1.152e-05,17.19637247,16.97848542,2.95736122,8.94809628,0.0,3.234e-05
transport,simultaneous,100.0,0.1778279410038923,24.0,2e-08,6e-08,2e-08,0.99925628,5e-08,2e-08,30.33877039,23.43499355,2.07577148,3.03903318,0.0,9e-08
transport,simultaneous,100.0,0.1778279410038923,48.0,1.315e-05,2.536e-05,1.249e-05,0.99598832,1.288e-05,1.084e-05,40.52797647,37.98295574,5.50945216,11.82445092,0.0,3.604e-05
transport,simultaneous,100.0,0.1778279410038923,72.0,0.0002638,0.00038651,0.00025061,0.99174643,0.00013591,0.00019598,44.88500522,44.31629764,7.71915419,23.35585313,0.0,0.00054925
transport,simultaneous,100.0,0.464158883361278,24.0,3.2e-07,1.11e-06,3e-07,0.99806963,8e-07,2.9e-07,79.18830102,61.16852663,5.41804439,7.93227978,0.0,1.58e-06
transport,simultaneous,100.0,0.464158883361278,48.0,0.00022153,0.00042471,0.00021045,0.98960871,0.00021425,0.00018246,105.78326353,99.14050959,14.38041223,30.86339781,0.0,0.00060353
transport,simultaneous,100.0,0.464158883361278,72.0,0.00419073,0.00607605,0.00398119,0.97621983,0.00209485,0.00309874,117.15540266,115.6710891,20.14798825,60.96184078,0.0,0.00863438
transport,simultaneous,100.0,1.2115276586285888,24.0,5.53e-06,1.902e-05,5.25e-06,0.99503117,1.377e-05,4.95e-06,206.68951892,159.65596216,14.14161357,20.70398561,0.0,2.703e-05
transport,simultaneous,100.0,1.2115276586285888,48.0,0.00341827,0.00643294,0.00324736,0.97189342,0.00318559,0.00280543,276.10324744,258.76561784,37.53424594,80.55640188,0.0,0.00914155
transport,simultaneous,100.0,1.2115276586285888,72.0,0.05333828,0.07431168,0.05067136,0.90648577,0.02364032,0.03874315,305.78363165,301.91006516,52.58791596,159.11579343,0.0,0.10560081
transport,simultaneous,100.0,3.1622776601683795,24.0,9.075e-05,0.0003083,8.621e-05,0.98743972,0.00022208,8.113e-05,539.46101479,416.70346159,36.90950689,54.0370511,0.0,0.0004381
transport,simultaneous,100.0,3.1622776601683795,48.0,0.04045759,0.07125079,0.03843471,0.90850459,0.03281608,0.03278328,720.61933464,675.37231872,97.96403846,210.25151688,0.0,0.10125112
transport,simultaneous,100.0,3.1622776601683795,72.0,0.32265155,0.39114006,0.30651898,0.64134555,0.08462109,0.21626068,798.07098742,787.96549332,137.25223464,415.28800358,0.0,0.55583061
transport,simultaneous,100.0,8.25404185268019,24.0,0.00131729,0.00432219,0.00125142,0.96912134,0.00307077,0.00117522,1407.85457354,1087.48938546,96.3227991,141.01905296,0.0,0.00614206
transport,simultaneous,100.0,8.25404185268019,48.0,0.22557932,0.32820283,0.21430035,0.71182089,0.11390248,0.17430206,1880.54370035,1762.49207669,255.65653861,548.6930652,0.0,0.4663935
transport,simultaneous,100.0,8.25404185268019,72.0,0.61684255,0.6383864,0.58600043,0.3894447,0.05238597,0.33748705,2082.56629568,2056.2273634,358.17411769,1083.75589445,0.0,0.90718057
transport,simultaneous,100.0,21.544346900318843,24.0,0.01391097,0.04120054,0.01321542,0.92514012,0.02798512,0.01233162,3672.93696423,2837.13041341,251.2801097,367.86725546,0.0,0.05854814
transport,simultaneous,100.0,21.544346900318843,48.0,0.47009205,0.55675133,0.44658745,0.49584009,0.11016388,0.3292739,4905.42930513,4597.702078,666.94370963,1431.39890599,0.0,0.79117288
transport,simultaneous,100.0,21.544346900318843,72.0,0.70488305,0.68848393,0.66963902,0.3209172,0.01884491,0.3038391,5431.57102295,5363.14949557,934.2822741,2827.0773866,0.0,0.97836985
transport,simultaneous,100.0,56.23413251903491,24.0,0.0739456,0.17442143,0.07024832,0.83139532,0.10417311,0.06441057,9565.24826936,7387.81966553,654.06607263,957.33383131,0.0,0.24786203
transport,simultaneous,100.0,56.23413251903491,48.0,0.60040844,0.6401604,0.57038809,0.39343194,0.06977232,0.37572161,12767.51519839,11969.03482656,1736.47501713,3726.5527687,0.0,0.90970011
transport,simultaneous,100.0,56.23413251903491,72.0,0.72619935,0.69810437,0.68989298,0.30404671,0.00821138,0.25827586,14124.88352307,13951.02756153,2431.32783232,7358.51579456,0.0,0.99198342
transport,simultaneous,100.0,146.77992676220705,24.0,0.13686469,0.27593419,0.13002146,0.75867112,0.14591273,0.11721172,16905.39056825,13082.97641949,1159.67229357,1697.74705352,0.0,0.392117
transport,simultaneous,100.0,146.77992676220705,48.0,0.63959945,0.66065009,0.60762254,0.36217916,0.05302756,0.37626821,19462.35667554,19688.98186529,2999.74986716,6504.40818858,0.0,0.93873309
transport,simultaneous,100.0,146.77992676220705,72.0,0.75170229,0.74946525,0.71759961,0.25155136,0.03186564,0.25811608,18044.49111813,18737.01252532,3624.17548514,11850.71766556,1e-08,0.99473045
transport,simultaneous,100.0,383.1186849557293,24.0,0.13158596,0.26528256,0.12500737,0.76435464,0.14027519,0.11263473,8624.28928398,7999.24267287,866.10651791,1327.8256964,0.0,0.37693861
transport,simultaneous,100.0,383.1186849557293,48.0,0.69854544,0.78254239,0.67471168,0.2635291,0.10783071,0.43757309,9063.3261559,9197.55357642,1548.2125373,3753.14372705,6e-07,0.93225446
transport,simultaneous,100.0,383.1186849557293,72.0,0.9331866,0.94483275,0.92072583,0.0655264,0.02410692,0.37351737,8383.76649447,8712.07120991,1725.75491034,6244.59951086,0.03451334,0.99383532
transport,simultaneous,100.0,1000.0,24.0,0.0696032,0.15674321,0.06620061,0.83360666,0.0905426,0.06020445,3905.87451291,3747.95108914,427.45327249,676.95584981,3e-08,0.21963384
transport,simultaneous,100.0,1000.0,48.0,0.67392968,0.78622741,0.65857396,0.27397829,0.12765344,0.45524404,3537.57668076,3714.32078347,676.39465472,1732.63480903,0.12876517,0.87502018
transport,simultaneous,100.0,1000.0,72.0,0.94654948,0.97049492,0.94174575,0.04517912,0.02874917,0.40666007,3321.79120805,3452.76361072,700.64905196,2723.23611478,0.79499156,0.98638204
transport,primary_first,0.1,0.01,24.0,0.0,0.0,0.0,0.99999673,0.0,0.0,0.41647344,0.24888265,0.01449792,0.01847851,0.0,0.0
transport,primary_first,0.1,0.01,48.0,0.0,0.0,0.0,0.99995387,0.0,0.0,0.68301421,0.61374716,0.07783445,0.14453452,0.0,0.0
transport,primary_first,0.1,0.01,72.0,0.0,0.0,0.0,0.99987929,0.0,0.0,0.78222862,0.76486628,0.12704909,0.3388748,0.0,0.0
transport,primary_first,0.1,0.026101572156825372,24.0,0.0,0.0,0.0,0.99999162,0.0,0.0,1.05634645,0.63362781,0.03704836,0.04725289,0.0,0.0
transport,primary_first,0.1,0.026101572156825372,48.0,0.0,0.0,0.0,0.99988297,0.0,0.0,1.72435256,1.55045372,0.19700498,0.36636736,0.0,0.0
transport,primary_first,0.1,0.026101572156825372,72.0,1e-08,2e-08,1e-08,0.99969489,1e-08,1e-08,1.97511927,1.93117643,0.32091351,0.85709259,0.0,2e-08
transport,primary_first,0.1,0.06812920690579614,24.0,0.0,0.0,0.0,0.99997914,0.0,0.0,2.56156908,1.55119879,0.09157119,0.11699975,0.0,0.0
transport,primary_first,0.1,0.06812920690579614,48.0,0.0,1e-08,0.0,0.99971601,0.0,0.0,4.13283614,3.72206944,0.4752614,0.887172,0.0,1e-08
transport,primary_first,0.1,0.06812920690579614,72.0,1.5e-07,2.4e-07,1.4e-07,0.99926635,1e-07,1.1e-07,4.73464649,4.62896696,0.7701063,2.06380251,0.0,3.4e-07
transport,primary_first,0.1,0.1778279410038923,24.0,0.0,0.0,0.0,0.99995161,0.0,0.0,5.5698465,3.45065516,0.20851215,0.26758528,0.0,0.0
transport,primary_first,0.1,0.1778279410038923,48.0,3e-08,7e-08,3e-08,0.99938041,4e-08,3e-08,8.75821706,7.91716144,1.02246405,1.92580767,0.0,1e-07
transport,primary_first,0.1,0.1778279410038923,72.0,1.47e-06,2.34e-06,1.4e-06,0.99843206,9.4e-07,1.14e-06,10.02941029,9.8063009,1.63630867,4.4211041,0.0,3.32e-06
transport,primary_first,0.1,0.464158883361278,24.0,0.0,0.0,0.0,0.99990418,0.0,0.0,9.69730221,6.26756957,0.39710395,0.51448446,0.0,0.0
transport,primary_first,0.1,0.464158883361278,48.0,1.8e-07,4.1e-07,1.7e-07,0.99890587,2.3e-07,1.6e-07,14.71909902,13.38156456,1.76062248,3.37032821,0.0,5.8e-07
transport,primary_first,0.1,0.464158883361278,72.0,7.58e-06,1.19e-05,7.2e-06,0.99732318,4.7e-06,5.83e-06,16.81703664,16.45317338,2.76039999,7.56660937,0.0,1.691e-05
transport,primary_first,0.1,1.2115276586285888,24.0,0.0,0.0,0.0,0.99985423,0.0,0.0,12.73924891,8.55044166,0.57284339,0.75234572,0.0,0.0
transport,primary_first,0.1,1.2115276586285888,48.0,4.7e-07,1.02e-06,4.5e-07,0.99852833,5.7e-07,4e-07,18.97082096,17.31936544,2.31305199,4.49785733,0.0,1.45e-06
transport,primary_first,0.1,1.2115276586285888,72.0,1.743e-05,2.71e-05,1.656e-05,0.9965011,1.054e-05,1.336e-05,21.6123447,21.16160202,3.56714986,9.90678939,0.0,3.852e-05
transport,primary_first,0.1,3.1622776601683795,24.0,0.0,0.0,0.0,0.99982775,0.0,0.0,14.0357933,9.5251618,0.65507813,0.8680016,0.0,0.0
transport,primary_first,0.1,3.1622776601683795,48.0,6.7e-07,1.43e-06,6.3e-07,0.99836093,8e-07,5.6e-07,20.80512515,19.01764293,2.552476,4.99604205,0.0,2.03e-06
transport,primary_first,0.1,3.1622776601683795,72.0,2.358e-05,3.653e-05,2.24e-05,0.99614341,1.412e-05,1.804e-05,23.68097008,23.19250043,3.91540365,10.92801015,0.0,5.191e-05
transport,primary_first,0.1,8.25404185268019,24.0,0.0,0.0,0.0,0.9998204,0.0,0.0,14.46230933,9.8174035,0.67782168,0.90010198,0.0,0.0
transport,primary_first,0.1,8.25404185268019,48.0,7.4e-07,1.58e-06,7e-07,0.99830876,8.8e-07,6.2e-07,21.44606187,19.60242624,2.63145629,5.15473726,0.0,2.24e-06
transport,primary_first,0.1,8.25404185268019,72.0,2.585e-05,4.003e-05,2.456e-05,0.99602376,1.547e-05,1.977e-05,24.41507812,23.90990425,4.03628873,11.26965796,0.0,5.688e-05
transport,primary_first,0.1,21.544346900318843,24.0,0.0,0.0,0.0,0.99981932,0.0,0.0,14.59476641,9.89622486,0.68236521,0.90599771,0.0,0.0
transport,primary_first,0.1,21.544346900318843,48.0,7.5e-07,1.61e-06,7.2e-07,0.99829443,9e-07,6.4e-07,21.6575831,19.79309084,2.65577742,5.20010029,0.0,2.29e-06
transport,primary_first,0.1,21.544346900318843,72.0,2.655e-05,4.111e-05,2.522e-05,0.9959866,1.589e-05,2.03e-05,24.65638691,24.14619656,4.07565631,11.37519012,0.0,5.842e-05
transport,primary_first,0.1,56.23413251903491,24.0,0.0,0.0,0.0,0.99981946,0.0,0.0,14.62414751,9.91127682,0.68267218,0.9061042,0.0,0.0
transport,primary_first,0.1,56.23413251903491,48.0,7.6e-07,1.62e-06,7.2e-07,0.99829219,9e-07,6.4e-07,21.67017662,19.81536973,2.65962072,5.20699971,0.0,2.3e-06
transport,primary_first,0.1,56.23413251903491,72.0,2.662e-05,4.121e-05,2.529e-05,0.99598323,1.592e-05,2.035e-05,24.59506716,24.11287024,4.07552511,11.38184311,0.0,5.856e-05
transport,primary_first,0.1,146.77992676220705,24.0,0.0,0.0,0.0,0.99982034,0.0,0.0,14.34085241,9.81609083,0.6786251,0.90096323,0.0,0.0
transport,primary_first,0.1,146.77992676220705,48.0,6.6e-07,1.37e-06,6.3e-07,0.99841498,7.4e-07,5.6e-07,15.53517224,15.31753319,2.29238189,4.67897785,0.0,1.95e-06
transport,primary_first,0.1,146.77992676220705,72.0,1.624e-05,2.369e-05,1.543e-05,0.99675435,8.26e-06,1.212e-05,15.9146023,16.09998076,2.95534923,9.05940708,0.0,3.367e-05
transport,primary_first,0.1,383.1186849557293,24.0,0.0,0.0,0.0,0.99988022,0.0,0.0,6.969811,5.26181459,0.41027137,0.55971897,0.0,0.0
transport,primary_first,0.1,383.1186849557293,48.0,9e-08,1.7e-07,8e-08,0.99913944,9e-08,7e-08,8.1750475,8.10781265,1.20841007,2.51835225,0.0,2.4e-07
transport,primary_first,0.1,383.1186849557293,72.0,1.69e-06,2.44e-06,1.62e-06,0.99828205,8.2e-07,1.26e-06,7.98343612,8.17153563,1.53076665,4.78895574,0.0,3.3e-06
transport,primary_first,0.1,1000.0,24.0,0.0,0.0,0.0,0.99995327,0.0,0.0,3.18419728,2.38723436,0.1740651,0.23179291,0.0,0.0
transport,primary_first,0.1,1000.0,48.0,1e-08,1e-08,0.0,0.99962779,1e-08,0.0,3.34127584,3.3535871,0.5163798,1.0794379,0.0,1e-08
transport,primary_first,0.1,1000.0,72.0,1.1e-07,1.6e-07,1.1e-07,0.9992746,6e-08,8e-08,3.24347709,3.33306694,0.63250459,2.01102472,2e-08,2e-07
transport,primary_first,3.0,0.01,24.0,0.0,0.0,0.0,0.99997389,0.0,0.0,1.71134836,1.26913666,0.0945384,0.12687997,0.0,0.0
transport,primary_first,3.0,0.01,48.0,0.0,0.0,0.0,0.9997927,0.0,0.0,2.21329654,2.08681614,0.29889719,0.61141483,0.0,0.0
transport,primary_first,3.0,0.01,72.0,4e-08,6e-08,4e-08,0.999558,2e-08,3e-08,2.42253931,2.40000256,0.41978967,1.23983413,0.0,9e-08
transport,primary_first,3.0,0.026101572156825372,24.0,0.0,0.0,0.0,0.99993197,0.0,0.0,4.46475506,3.31004205,0.24646044,0.33074133,0.0,0.0
transport,primary_first,3.0,0.026101572156825372,48.0,3e-08,6e-08,3e-08,0.99945999,3e-08,2e-08,5.77524712,5.44499867,0.77977882,1.59485144,0.0,8e-08
transport,primary_first,3.0,0.026101572156825372,72.0,7.2e-07,1.08e-06,6.8e-07,0.99884936,4e-07,5.4e-07,6.32140097,6.26254156,1.09534124,3.23460805,0.0,1.53e-06
transport,primary_first,3.0,0.06812920690579614,24.0,0.0,0.0,0.0,0.99982329,0.0,0.0,11.63889674,8.62169047,0.64123373,0.86028776,0.0,0.0
transport,primary_first,3.0,0.06812920690579614,48.0,4.8e-07,9.8e-07,4.5e-07,0.99859758,5.2e-07,4e-07,15.06178078,14.19898184,2.03264418,4.15563769,0.0,1.39e-06
transport,primary_first,3.0,0.06812920690579614,72.0,1.256e-05,1.88e-05,1.193e-05,0.99701114,6.87e-06,9.46e-06,16.48731552,16.3334404,2.85640627,8.43207632,0.0,2.672e-05
transport,primary_first,3.0,0.1778279410038923,24.0,0.0,1e-08,0.0,0.99954459,1e-08,0.0,30.27304596,22.37562896,1.65918949,2.22446001,0.0,1e-08
transport,primary_first,3.0,0.1778279410038923,48.0,8.15e-06,1.671e-05,7.75e-06,0.9963838,8.97e-06,6.83e-06,39.22409907,36.96631676,5.28627675,10.79600989,0.0,2.375e-05
transport,primary_first,3.0,0.1778279410038923,72.0,0.00021184,0.00031623,0.00020125,0.99219478,0.00011498,0.00015932,42.94497091,42.54157209,7.4370577,21.93257281,0.0,0.00044938
transport,primary_first,3.0,0.464158883361278,24.0,4e-08,1.7e-07,4e-08,0.99885282,1.3e-07,3e-08,78.18426996,57.42307168,4.22325093,5.65184013,0.0,2.4e-07
transport,primary_first,3.0,0.464158883361278,48.0,0.00013076,0.00026726,0.00012422,0.99080467,0.00014304,0.00010942,101.68615474,95.74787684,13.65014817,27.79408097,0.0,0.0003798
transport,primary_first,3.0,0.464158883361278,72.0,0.00326799,0.00483965,0.00310459,0.97819161,0.00173506,0.00245011,111.4001952,110.33309886,19.26789502,56.66355476,0.0,0.0068774
transport,primary_first,3.0,1.2115276586285888,24.0,4.7e-07,2.11e-06,4.5e-07,0.99731891,1.66e-06,4.3e-07,195.66896321,140.81540701,10.12205348,13.48521201,0.0,3e-06
transport,primary_first,3.0,1.2115276586285888,48.0,0.00170717,0.00346986,0.00162181,0.97714057,0.00184805,0.00142776,258.51739622,242.57565454,34.2190234,69.03497287,0.0,0.00493085
transport,primary_first,3.0,1.2115276586285888,72.0,0.0381069,0.05487146,0.03620155,0.92347512,0.01866991,0.02827311,283.94895965,281.00933241,48.88102625,142.42184949,0.0,0.07797523
transport,primary_first,3.0,3.1622776601683795,24.0,2.49e-06,1.123e-05,2.37e-06,0.99530647,8.87e-06,2.27e-06,382.59657972,262.978663,18.24077707,24.1903324,0.0,1.596e-05
transport,primary_first,3.0,3.1622776601683795,48.0,0.0095598,0.01928426,0.00908181,0.95334151,0.01020245,0.00799161,547.12734064,504.50864194,68.67233875,135.42486014,0.0,0.02740395
transport,primary_first,3.0,3.1622776601683795,72.0,0.16824934,0.22671615,0.15983688,0.78325756,0.06687928,0.12161398,613.22979829,603.33677655,102.9584272,291.03210865,0.0,0.32217558
transport,primary_first,3.0,8.25404185268019,24.0,3.51e-06,1.571e-05,3.34e-06,0.99476739,1.237e-05,3.2e-06,431.53188233,293.35285713,20.28451093,26.94390505,0.0,2.233e-05
transport,primary_first,3.0,8.25404185268019,48.0,0.0129052,0.02592259,0.01225994,0.94630073,0.01366265,0.01078215,638.38808028,583.84264928,78.46083001,153.80848783,0.0,0.03683736
transport,primary_first,3.0,8.25404185268019,72.0,0.20961709,0.27684496,0.19913623,0.74271063,0.07770873,0.15015178,726.05235148,711.24026196,120.15236352,335.80427782,0.0,0.39341126
transport,primary_first,3.0,21.544346900318843,24.0,3.59e-06,1.605e-05,3.41e-06,0.99472799,1.264e-05,3.27e-06,437.61708792,296.79623847,20.47065457,27.18161691,0.0,2.281e-05
transport,primary_first,3.0,21.544346900318843,48.0,0.01329379,0.02670418,0.0126291,0.94550722,0.01407508,0.01110748,649.22478836,593.36856069,79.62710555,155.92967649,0.0,0.03794804
transport,primary_first,3.0,21.544346900318843,72.0,0.21429566,0.28238921,0.20358088,0.73817967,0.07880833,0.1533508,739.05938628,723.78367258,122.17681565,341.03722339,0.0,0.40128993
transport,primary_first,3.0,56.23413251903491,24.0,3.57e-06,1.598e-05,3.39e-06,0.994733,1.259e-05,3.25e-06,438.71019997,297.33542717,20.48077392,27.18429026,0.0,2.271e-05
transport,primary_first,3.0,56.23413251903491,48.0,0.01333495,0.02679208,0.01266821,0.94540939,0.01412388,0.01114254,650.12679872,594.46381344,79.78779467,156.20907164,0.0,0.03807296
transport,primary_first,3.0,56.23413251903491,72.0,0.21479368,0.28294666,0.204054,0.73767653,0.07889266,0.1536849,738.04051437,723.50904215,122.27546575,341.46866864,0.0,0.40208208
transport,primary_first,3.0,146.77992676220705,24.0,3.51e-06,1.575e-05,3.34e-06,0.99475801,1.241e-05,3.2e-06,430.578642,294.5707988,20.36140374,27.03205777,0.0,2.238e-05
transport,primary_first,3.0,146.77992676220705,48.0,0.0120313,0.0236252,0.01142973,0.94891572,0.01219546,0.01001752,467.53365984,461.22151849,68.99262947,140.72673838,0.0,0.03357259
transport,primary_first,3.0,146.77992676220705,72.0,0.16861644,0.22049914,0.16019052,0.78333957,0.06030862,0.11956137,478.56611148,484.25116168,88.92558477,272.54111044,0.0,0.31323327
transport,primary_first,3.0,383.1186849557293,24.0,1.18e-06,4.92e-06,1.12e-06,0.99646264,3.79e-06,1.07e-06,209.29584053,158.03946943,12.32362582,16.81257523,0.0,6.99e-06
transport,primary_first,3.0,383.1186849557293,48.0,0.00195784,0.00377266,0.00186274,0.97425805,0.00190992,0.00162139,245.5952412,243.53869043,36.28992721,75.63009638,0.0,0.00529054
transport,primary_first,3.0,383.1186849557293,72.0,0.03157119,0.04419441,0.03021904,0.92634486,0.01397536,0.02311029,239.72701974,245.39497524,45.97455927,143.82843142,1.006e-05,0.05916227
transport,primary_first,3.0,1000.0,24.0,4e-08,1.8e-07,4e-08,0.99860553,1.4e-07,4e-08,95.57688439,71.65741615,5.22472915,6.957405,0.0,2.5e-07
transport,primary_first,3.0,1000.0,48.0,0.00013036,0.00026437,0.00012559,0.98904108,0.00013878,0.00011025,100.27664152,100.65147122,15.49901389,32.39950793,6.05e-06,0.00033966
transport,primary_first,3.0,1000.0,72.0,0.00261117,0.00379771,0.00252728,0.97695723,0.00127043,0.00196193,97.33071931,100.0227714,18.98237769,60.35738354,0.00042329,0.00472834
transport,primary_first,100.0,0.01,24.0,0.0,0.0,0.0,0.99996193,0.0,0.0,1.83430507,1.44013051,0.12076345,0.16865811,0.0,0.0
transport,primary_first,100.0,0.01,48.0,0.0,1e-08,0.0,0.99976195,0.0,0.0,2.33321877,2.21107707,0.3254686,0.69143301,0.0,1e-08
transport,primary_first,100.0,0.01,72.0,6e-08,8e-08,5e-08,0.99951938,3e-08,4e-08,2.54712334,2.52558889,0.44509637,1.35429015,0.0,1.2e-07
transport,primary_first,100.0,0.026101572156825372,24.0,0.0,0.0,0.0,0.99990067,0.0,0.0,4.78782159,3.75895461,0.31520815,0.44021788,0.0,0.0
transport,primary_first,100.0,0.026101572156825372,48.0,5e-08,9e-08,4e-08,0.99937954,5e-08,4e-08,6.09006391,5.77125478,0.84952245,1.80474077,0.0,1.3e-07
transport,primary_first,100.0,0.026101572156825372,72.0,1e-06,1.47e-06,9.5e-07,0.99874836,5.2e-07,7.4e-07,6.64838772,6.59218011,1.16177021,3.53490074,0.0,2.08e-06
transport,primary_first,100.0,0.06812920690579614,24.0,0.0,0.0,0.0,0.99974095,0.0,0.0,12.4969465,9.81137996,0.82271904,1.14899488,0.0,0.0
transport,primary_first,100.0,0.06812920690579614,48.0,8.2e-07,1.61e-06,7.8e-07,0.99838613,8.3e-07,6.8e-07,15.89599851,15.0638559,2.2173752,4.71060176,0.0,2.29e-06
transport,primary_first,100.0,0.06812920690579614,72.0,1.744e-05,2.559e-05,1.657e-05,0.99674376,9.02e-06,1.298e-05,17.35330281,17.20659288,3.03239612,9.22658387,0.0,3.637e-05
transport,primary_first,100.0,0.1778279410038923,24.0,1e-08,4e-08,1e-08,0.99932538,3e-08,1e-08,32.61885577,25.60867015,2.147265,2.99876388,0.0,6e-08
transport,primary_first,100.0,0.1778279410038923,48.0,1.428e-05,2.8e-05,1.356e-05,0.99581835,1.444e-05,1.184e-05,41.49087316,39.3188385,5.78761835,12.29503573,0.0,3.979e-05
transport,primary_first,100.0,0.1778279410038923,72.0,0.00029668,0.00043375,0.00028185,0.99142997,0.0001519,0.00022049,45.29461287,44.91168483,7.91497939,24.08240548,0.0,0.00061638
transport,primary_first,100.0,0.464158883361278,24.0,1.8e-07,7e-07,1.7e-07,0.9982495,5.3e-07,1.6e-07,85.1393838,66.83875771,5.60358668,7.82522859,0.0,9.9e-07
transport,primary_first,100.0,0.464158883361278,48.0,0.0002398,0.00046718,0.00022781,0.98917488,0.00023938,0.00019853,108.2964558,102.62701974,15.10604996,32.08940332,0.0,0.00066389
transport,primary_first,100.0,0.464158883361278,72.0,0.00468783,0.00678002,0.00445343,0.97509171,0.00232658,0.00346711,118.22448946,117.22506867,20.65899358,62.85590324,0.0,0.00963476
transport,primary_first,100.0,1.2115276586285888,24.0,3.02e-06,1.19e-05,2.86e-06,0.99549861,9.03e-06,2.73e-06,222.2205827,174.43258176,14.61852689,20.41109132,0.0,1.691e-05
transport,primary_first,100.0,1.2115276586285888,48.0,0.00366657,0.00700746,0.00348324,0.9707271,0.00352422,0.00302508,282.66221932,267.86350867,39.42539739,83.7405451,0.0,0.00995797
transport,primary_first,100.0,1.2115276586285888,72.0,0.05859077,0.08128639,0.05566123,0.90056574,0.02562516,0.04253783,308.57364445,305.96551416,53.9208328,164.043311,0.0,0.11551224
transport,primary_first,100.0,3.1622776601683795,24.0,4.904e-05,0.00019134,4.659e-05,0.98866664,0.00014475,4.43e-05,579.98459302,455.10296337,38.10141286,53.17610198,0.0,0.0002719
transport,primary_first,100.0,3.1622776601683795,48.0,0.04229881,0.07543858,0.04018387,0.9052574,0.03525471,0.03446334,737.73323501,699.10185987,102.87968367,218.44862279,0.0,0.1072022
transport,primary_first,100.0,3.1622776601683795,72.0,0.3371748,0.40592723,0.32031606,0.62826947,0.08561117,0.22533831,805.34996853,798.54597604,140.72503435,428.03307418,0.0,0.57684396
transport,primary_first,100.0,8.25404185268019,24.0,0.00069343,0.00262936,0.00065875,0.9726416,0.00197061,0.00062564,1513.51486989,1186.39347908,99.02234396,138.02393962,0.0,0.00373646
transport,primary_first,100.0,8.25404185268019,48.0,0.22464387,0.33046958,0.21341168,0.71114088,0.1170579,0.1749241,1925.16898789,1824.29713688,268.32746846,569.20457413,0.0,0.46961466
transport,primary_first,100.0,8.25404185268019,72.0,0.62013181,0.64082644,0.58912523,0.38667413,0.05170121,0.33990567,2101.54032043,2083.80758671,367.18990405,1116.11933268,0.0,0.91064796
transport,primary_first,100.0,21.544346900318843,24.0,0.00682378,0.02402432,0.00648259,0.93836167,0.01754173,0.00613593,3947.7120343,3082.43333637,254.41606493,353.01646945,0.0,0.03413982
transport,primary_first,100.0,21.544346900318843,48.0,0.45337428,0.54712529,0.43070557,0.50775437,0.11641972,0.3239111,5021.5242628,4757.79069179,698.49587506,1476.59426359,0.0,0.77749373
transport,primary_first,100.0,21.544346900318843,72.0,0.7027433,0.68762231,0.66760632,0.32231436,0.02001599,0.31018016,5480.87595279,5434.81731843,957.35511428,2903.03650765,0.0,0.97714455
transport,primary_first,100.0,56.23413251903491,24.0,0.02739522,0.08659008,0.02602546,0.88744931,0.06056462,0.02452102,10261.41688694,7808.86585469,605.83545623,822.84831142,0.0,0.12304906
transport,primary_first,100.0,56.23413251903491,48.0,0.56445983,0.62184862,0.53623693,0.41856825,0.08561169,0.37359321,13064.55181198,12366.04069776,1795.39875224,3726.31017982,0.0,0.88367746
transport,primary_first,100.0,56.23413251903491,72.0,0.72209073,0.69649689,0.6859913,0.30661283,0.01050559,0.2765331,14250.12051697,14133.0260815,2484.40036283,7435.75621539,0.0,0.98967506
transport,primary_first,100.0,146.77992676220705,24.0,0.0255727,0.08360659,0.02429406,0.88839926,0.05931253,0.02294327,14542.13673754,9879.08562726,681.29033123,904.3749773,0.0,0.11880936
transport,primary_first,100.0,146.77992676220705,48.0,0.56844212,0.62503473,0.54002202,0.41219177,0.08501271,0.37637239,18190.19840957,17985.38625173,2557.17795636,5070.00152134,0.0,0.88814371
transport,primary_first,100.0,146.77992676220705,72.0,0.74693766,0.75279401,0.71361453,0.25254665,0.03917948,0.299509,17642.14411846,18084.45868045,3362.3918334,10104.10330112,1e-08,0.99027585
transport,primary_first,100.0,383.1186849557293,24.0,0.01549863,0.05221983,0.01472408,0.90990454,0.03749576,0.01391578,7219.22159568,5490.43575544,429.26251959,585.40775453,0.0,0.07418432
transport,primary_first,100.0,383.1186849557293,48.0,0.58043713,0.70945524,0.56084789,0.35362917,0.14860735,0.41290017,8623.7910805,8453.76858522,1251.33341139,2611.74278261,4.4e-07,0.84785267
transport,primary_first,100.0,383.1186849557293,72.0,0.91528301,0.93666514,0.90305474,0.07867134,0.03361039,0.4244862,8253.22797002,8484.47773795,1594.21084429,4981.84410198,0.03550988,0.9856234
transport,primary_first,100.0,1000.0,24.0,0.00105237,0.00443492,0.00100741,0.95949343,0.00342751,0.00096245,3244.41365922,2434.78518534,177.3172559,236.02830229,1e-08,0.0059374
transport,primary_first,100.0,1000.0,48.0,0.3871498,0.55678612,0.37887812,0.51413353,0.177908,0.30619293,3386.43629811,3405.25800818,525.34546558,1098.67846828,0.08654147,0.62219001
transport,primary_first,100.0,1000.0,72.0,0.87802883,0.93318079,0.87317351,0.09904553,0.06000728,0.47926484,3274.42462654,3369.17883427,641.01892497,2042.34659089,0.74064458,0.95158799
transport,secondary_first,0.1,0.01,24.0,0.0,0.0,0.0,0.99999705,0.0,0.0,0.38320158,0.2268801,0.01313754,0.01673331,0.0,0.0
transport,secondary_first,0.1,0.01,48.0,0.0,0.0,0.0,0.99995727,0.0,0.0,0.65773198,0.58453706,0.07301274,0.13466621,0.0,0.0
transport,secondary_first,0.1,0.01,72.0,0.0,0.0,0.0,0.99988541,0.0,0.0,0.76952805,0.74782318,0.12256913,0.3225665,0.0,0.0
transport,secondary_first,0.1,0.026101572156825372,24.0,0.0,0.0,0.0,0.9999924,0.0,0.0,0.97553478,0.57996878,0.03371429,0.04297109,0.0,0.0
transport,secondary_first,0.1,0.026101572156825372,48.0,0.0,0.0,0.0,0.99989124,0.0,0.0,1.66275282,1.4794188,0.18527868,0.34233879,0.0,0.0
transport,secondary_first,0.1,0.026101572156825372,72.0,1e-08,1e-08,1e-08,0.99970977,1e-08,1e-08,1.94390352,1.88944321,0.30999047,0.81735838,0.0,2e-08
transport,secondary_first,0.1,0.06812920690579614,24.0,0.0,0.0,0.0,0.99998087,0.0,0.0,2.38773941,1.43466821,0.08423904,0.10755655,0.0,0.0
transport,secondary_first,0.1,0.06812920690579614,48.0,0.0,1e-08,0.0,0.99973393,0.0,0.0,3.99883915,3.56838915,0.44991841,0.83510737,0.0,1e-08
transport,secondary_first,0.1,0.06812920690579614,72.0,1.3e-07,2e-07,1.2e-07,0.99929854,8e-08,1e-07,4.66521809,4.5370208,0.74630817,1.97749374,0.0,2.9e-07
transport,secondary_first,0.1,0.1778279410038923,24.0,0.0,0.0,0.0,0.9999544,0.0,0.0,5.30841171,3.27348257,0.19704685,0.25270139,0.0,0.0
transport,secondary_first,0.1,0.1778279410038923,48.0,3e-08,6e-08,3e-08,0.99940793,4e-08,2e-08,8.54361633,7.67609559,0.98335509,1.84548317,0.0,9e-08
transport,secondary_first,0.1,0.1778279410038923,72.0,1.31e-06,2.09e-06,1.25e-06,0.99848217,8.5e-07,1.02e-06,9.91144847,9.65395266,1.59827139,4.28570519,0.0,2.97e-06
transport,secondary_first,0.1,0.464158883361278,24.0,0.0,0.0,0.0,0.99990387,0.0,0.0,9.65531179,6.2762104,0.3986207,0.51635676,0.0,0.0
transport,secondary_first,0.1,0.464158883361278,48.0,1.8e-07,4e-07,1.7e-07,0.99891003,2.3e-07,1.5e-07,14.58699617,13.260778,1.74843285,3.35304994,0.0,5.7e-07
transport,secondary_first,0.1,0.464158883361278,72.0,7.44e-06,1.168e-05,7.07e-06,0.99734177,4.61e-06,5.73e-06,16.72279401,16.34344493,2.73937659,7.5156411,0.0,1.66e-05
transport,secondary_first,0.1,1.2115276586285888,24.0,0.0,0.0,0.0,0.99983546,0.0,0.0,13.43021456,9.30220949,0.63882773,0.84155143,0.0,0.0
transport,secondary_first,0.1,1.2115276586285888,48.0,5.9e-07,1.26e-06,5.6e-07,0.99843523,7e-07,5e-07,19.19196758,17.66757906,2.40565137,4.74113622,0.0,1.79e-06
transport,secondary_first,0.1,1.2115276586285888,72.0,1.985e-05,3.054e-05,1.886e-05,0.99639098,1.168e-05,1.514e-05,21.67791985,21.27779214,3.61875074,10.20964485,0.0,4.34e-05
transport,secondary_first,0.1,3.1622776601683795,24.0,0.0,0.0,0.0,0.9997727,0.0,0.0,15.54814055,11.2499531,0.82674844,1.10865929,0.0,0.0
transport,secondary_first,0.1,3.1622776601683795,48.0,1.09e-06,2.26e-06,1.03e-06,0.99813096,1.22e-06,9.1e-07,21.42507299,19.90249313,2.77640902,5.59849978,0.0,3.2e-06
transport,secondary_first,0.1,3.1622776601683795,72.0,3.133e-05,4.748e-05,2.977e-05,0.99586711,1.771e-05,2.372e-05,23.93439003,23.56944139,4.05292489,11.69658381,0.0,6.747e-05
transport,secondary_first,0.1,8.25404185268019,24.0,0.0,0.0,0.0,0.99972624,0.0,0.0,16.56286766,12.30582228,0.94772792,1.28917878,0.0,0.0
transport,secondary_first,0.1,8.25404185268019,48.0,1.48e-06,3.02e-06,1.41e-06,0.99796199,1.61e-06,1.24e-06,22.34219862,20.86768275,2.9568329,6.05952356,0.0,4.29e-06
transport,secondary_first,0.1,8.25404185268019,72.0,3.867e-05,5.801e-05,3.674e-05,0.99561564,2.128e-05,2.913e-05,24.79750896,24.46674717,4.23613835,12.41495622,0.0,8.244e-05
transport,secondary_first,0.1,21.544346900318843,24.0,0.0,0.0,0.0,0.99969431,0.0,0.0,17.04694256,12.86902604,1.02217177,1.40507762,0.0,0.0
transport,secondary_first,0.1,21.544346900318843,48.0,1.75e-06,3.53e-06,1.66e-06,0.9978683,1.86e-06,1.46e-06,22.7102348,21.28044282,3.04500065,6.30858463,0.0,5.02e-06
transport,secondary_first,0.1,21.544346900318843,72.0,4.286e-05,6.388e-05,4.071e-05,0.9954938,2.316e-05,3.217e-05,25.10992157,24.80351806,4.31247082,12.76666995,0.0,9.077e-05
transport,secondary_first,0.1,56.23413251903491,24.0,0.0,0.0,0.0,0.99967322,0.0,0.0,17.2851092,13.17748742,1.06762277,1.47820253,0.0,1e-08
transport,secondary_first,0.1,56.23413251903491,48.0,1.92e-06,3.84e-06,1.82e-06,0.99781576,2.01e-06,1.6e-06,22.81254953,21.43099824,3.08746181,6.44405415,0.0,5.45e-06
transport,secondary_first,0.1,56.23413251903491,72.0,4.498e-05,6.675e-05,4.273e-05,0.99543826,2.402e-05,3.368e-05,25.10148766,24.83569027,4.33463457,12.92712096,0.0,9.485e-05
transport,secondary_first,0.1,146.77992676220705,24.0,0.0,0.0,0.0,0.99965959,0.0,0.0,17.3326009,13.335021,1.09522257,1.52379461,0.0,1e-08
transport,secondary_first,0.1,146.77992676220705,48.0,1.95e-06,3.82e-06,1.85e-06,0.99784228,1.97e-06,1.62e-06,17.24985036,17.95093541,2.88423902,6.22367504,0.0,5.43e-06
transport,secondary_first,0.1,146.77992676220705,72.0,3.521e-05,4.95e-05,3.345e-05,0.99603038,1.606e-05,2.576e-05,16.54387023,17.07783928,3.32699435,11.06722116,0.0,7.034e-05
transport,secondary_first,0.1,383.1186849557293,24.0,0.0,0.0,0.0,0.99967064,0.0,0.0,9.86183626,9.84397737,0.97169709,1.38858245,0.0,1e-08
transport,secondary_first,0.1,383.1186849557293,48.0,7.6e-07,1.33e-06,7.2e-07,0.99850775,6.1e-07,6.1e-07,9.32312042,9.70581821,1.71086712,4.10663732,0.0,1.88e-06
transport,secondary_first,0.1,383.1186849557293,72.0,7.29e-06,9.54e-06,6.94e-06,0.99763572,2.6e-06,5.08e-06,8.3296705,8.74668324,1.79344402,6.66238936,0.0,1.332e-05
transport,secondary_first,0.1,1000.0,24.0,0.0,0.0,0.0,0.99975865,0.0,0.0,5.03064598,5.48133846,0.62640021,0.93576062,0.0,0.0
transport,secondary_first,0.1,1000.0,48.0,1.4e-07,2.3e-07,1.3e-07,0.99914761,1e-07,1.1e-07,3.79113914,4.19757751,0.85482404,2.26699108,0.0,3.1e-07
transport,secondary_first,0.1,1000.0,72.0,9.4e-07,1.19e-06,9.1e-07,0.99883246,2.9e-07,6.4e-07,3.39463009,3.58688638,0.78039163,3.33273705,3e-08,1.57e-06
transport,secondary_first,3.0,0.01,24.0,0.0,0.0,0.0,0.99998298,0.0,0.0,1.39638538,0.9461968,0.06489228,0.08590101,0.0,0.0
transport,secondary_first,3.0,0.01,48.0,0.0,0.0,0.0,0.99983619,0.0,0.0,2.07477799,1.89550106,0.25410801,0.49687306,0.0,0.0
transport,secondary_first,3.0,0.01,72.0,2e-08,4e-08,2e-08,0.99961302,1e-08,2e-08,2.36317441,2.3139777,0.39041334,1.08848248,0.0,5e-08
transport,secondary_first,3.0,0.026101572156825372,24.0,0.0,0.0,0.0,0.9999556,0.0,0.0,3.64373422,2.46903394,0.16933103,0.22415081,0.0,0.0
transport,secondary_first,3.0,0.026101572156825372,48.0,1e-08,3e-08,1e-08,0.99957298,1e-08,1e-08,5.41397993,4.94615822,0.66307345,1.29654784,0.0,4e-08
transport,secondary_first,3.0,0.026101572156825372,72.0,4.2e-07,6.6e-07,4e-07,0.99899224,2.6e-07,3.2e-07,6.16655264,6.03817038,1.01875478,2.84030995,0.0,9.3e-07
transport,secondary_first,3.0,0.06812920690579614,24.0,0.0,0.0,0.0,0.99988425,0.0,0.0,9.50346322,6.43976975,0.44165024,0.58462614,0.0,0.0
transport,secondary_first,3.0,0.06812920690579614,48.0,2.1e-07,4.4e-07,2e-07,0.99888911,2.5e-07,1.7e-07,14.12081799,12.9005673,1.72942102,3.38163819,0.0,6.3e-07
transport,secondary_first,3.0,0.06812920690579614,72.0,7.41e-06,1.149e-05,7.03e-06,0.99738157,4.45e-06,5.67e-06,16.08385191,15.74895989,2.6571327,7.40810829,0.0,1.633e-05
transport,secondary_first,3.0,0.1778279410038923,24.0,0.0,0.0,0.0,0.99969883,0.0,0.0,24.75386916,16.77474578,1.15043773,1.52283542,0.0,0.0
transport,secondary_first,3.0,0.1778279410038923,48.0,3.61e-06,7.72e-06,3.43e-06,0.99712377,4.3e-06,3.04e-06,36.78247002,33.60339413,4.50476278,8.80842387,0.0,1.097e-05
transport,secondary_first,3.0,0.1778279410038923,72.0,0.00012639,0.00019546,0.00012007,0.9931851,7.539e-05,9.66e-05,41.89698423,41.02433863,6.92143415,19.29679075,0.0,0.00027776
transport,secondary_first,3.0,0.464158883361278,24.0,1e-08,5e-08,1e-08,0.99922074,4e-08,1e-08,64.21524689,43.52518849,2.98516963,3.95127527,0.0,7e-08
transport,secondary_first,3.0,0.464158883361278,48.0,6.058e-05,0.0001291,5.755e-05,0.99262306,7.155e-05,5.107e-05,95.42762021,87.17669849,11.68665118,22.85207062,0.0,0.00018346
transport,secondary_first,3.0,0.464158883361278,72.0,0.00201514,0.00308862,0.00191438,0.98143935,0.00117423,0.0015351,108.70486524,106.4386499,17.95711084,50.06331464,0.0,0.00438909
transport,secondary_first,3.0,1.2115276586285888,24.0,1.8e-07,8.3e-07,1.7e-07,0.99802097,6.6e-07,1.7e-07,163.8464797,111.1904821,7.63188056,10.10177787,0.0,1.18e-06
transport,secondary_first,3.0,1.2115276586285888,48.0,0.00091528,0.00192446,0.00086952,0.98127793,0.00105494,0.00077006,243.40606754,222.35790209,29.81809867,58.32553728,0.0,0.00273476
transport,secondary_first,3.0,1.2115276586285888,72.0,0.02610138,0.03882164,0.02479631,0.93787245,0.01402533,0.01966628,277.32779256,271.53236087,45.8085219,127.73749671,0.0,0.0551676
transport,secondary_first,3.0,3.1622776601683795,24.0,2.29e-06,1.032e-05,2.18e-06,0.99544093,8.14e-06,2.09e-06,366.62066581,253.01474462,17.64376137,23.41945405,0.0,1.466e-05
transport,secondary_first,3.0,3.1622776601683795,48.0,0.00869649,0.01757683,0.00826166,0.95526234,0.00931517,0.00727125,533.63434601,489.47630943,66.30195548,130.67581119,0.0,0.02497761
transport,secondary_first,3.0,3.1622776601683795,72.0,0.1582143,0.21471311,0.15030358,0.79299708,0.06440952,0.11474435,605.67393124,593.66528313,100.58548615,282.82018849,0.0,0.30511862
transport,secondary_first,3.0,8.25404185268019,24.0,1.009e-05,4.325e-05,9.59e-06,0.99281268,3.366e-05,9.17e-06,482.69383758,352.96563007,26.48564652,35.76350381,0.0,6.146e-05
transport,secondary_first,3.0,8.25404185268019,48.0,0.02087974,0.03995967,0.01983575,0.93377528,0.02012392,0.01727906,659.56789397,614.03806743,86.20047897,175.01357276,0.0,0.05678479
transport,secondary_first,3.0,8.25404185268019,72.0,0.25258361,0.32163223,0.23995443,0.70381821,0.08167779,0.17648886,734.81440652,724.19709221,124.87903362,362.69178291,0.0,0.45705631
transport,secondary_first,3.0,21.544346900318843,24.0,1.882e-05,7.72e-05,1.788e-05,0.99144328,5.932e-05,1.706e-05,508.69344457,382.43289941,30.13141621,41.30459959,0.0,0.0001097
transport,secondary_first,3.0,21.544346900318843,48.0,0.02659476,0.04960279,0.02526502,0.92570051,0.02433777,0.02188409,679.77657266,636.47770928,90.84398006,187.66959434,0.0,0.07048818
transport,secondary_first,3.0,21.544346900318843,72.0,0.27795849,0.34747673,0.26406057,0.68092178,0.08341616,0.1915333,752.21569208,742.85560223,129.02776829,380.98525548,0.0,0.49378267
transport,secondary_first,3.0,56.23413251903491,24.0,2.551e-05,0.00010193,2.424e-05,0.99070894,7.769e-05,2.308e-05,517.81038194,394.24508878,31.85883234,44.06859402,0.0,0.00014485
transport,secondary_first,3.0,56.23413251903491,48.0,0.02939407,0.05412922,0.02792437,0.92195117,0.02620485,0.02411485,684.19281561,642.58428503,92.49343493,192.85884888,0.0,0.07692045
transport,secondary_first,3.0,56.23413251903491,72.0,0.28768764,0.35691797,0.27330329,0.67216006,0.08361468,0.19697412,753.11428467,745.04412029,129.985692,387.30297971,0.0,0.50719876
transport,secondary_first,3.0,146.77992676220705,24.0,3.006e-05,0.00011819,2.855e-05,0.99028258,8.964e-05,2.716e-05,519.85643594,399.6296875,32.78942866,45.60505607,0.0,0.00016796
transport,secondary_first,3.0,146.77992676220705,48.0,0.03014904,0.05467733,0.02864161,0.92149646,0.02603573,0.02466077,519.54161313,540.77464803,86.71469377,186.87076978,0.0,0.07769895
transport,secondary_first,3.0,146.77992676220705,72.0,0.26518825,0.32510486,0.25193342,0.69404565,0.07317143,0.17949465,497.5814898,513.81294488,100.11942709,332.68770146,0.0,0.46189549
transport,secondary_first,3.0,383.1186849557293,24.0,3.004e-05,0.00011323,2.854e-05,0.99054362,8.469e-05,2.709e-05,296.26499954,295.63911572,29.15110874,41.64552983,0.0,0.0001609
transport,secondary_first,3.0,383.1186849557293,48.0,0.01423236,0.02406822,0.01352428,0.94813105,0.01054394,0.01142383,280.14032193,291.45388628,51.36563425,123.26397497,0.0,0.03411334
transport,secondary_first,3.0,383.1186849557293,72.0,0.10516679,0.13150074,0.1002187,0.84837945,0.03128203,0.07095876,250.12710038,262.6889927,53.8624837,200.02890633,2.83e-06,0.18183245
transport,secondary_first,3.0,1000.0,24.0,1.358e-05,4.642e-05,1.291e-05,0.99296028,3.351e-05,1.218e-05,151.02510609,164.49369755,18.79103491,28.06825307,0.0,6.586e-05
transport,secondary_first,3.0,1000.0,48.0,0.00308263,0.00501172,0.00294062,0.9733271,0.0020711,0.00244709,113.77880062,125.9822906,25.65375801,68.02259557,6.3e-06,0.00688401
transport,secondary_first,3.0,1000.0,72.0,0.01954199,0.02436548,0.01876381,0.95006543,0.00560167,0.01307998,101.86657151,107.64009868,23.42012571,100.00694142,0.00072967,0.03193226
transport,secondary_first,100.0,0.01,24.0,0.0,0.0,0.0,0.99998192,0.0,0.0,1.46571542,0.99276069,0.06833221,0.09068076,0.0,0.0
transport,secondary_first,100.0,0.01,48.0,0.0,0.0,0.0,0.99982786,0.0,0.0,2.17775772,1.98963199,0.26677889,0.52204688,0.0,0.0
transport,secondary_first,100.0,0.01,72.0,3e-08,4e-08,3e-08,0.99959371,2e-08,2e-08,2.48101558,2.429142,0.40982518,1.14304923,0.0,6e-08
transport,secondary_first,100.0,0.026101572156825372,24.0,0.0,0.0,0.0,0.99995283,0.0,0.0,3.82574181,2.59126617,0.1783578,0.23669078,0.0,0.0
transport,secondary_first,100.0,0.026101572156825372,48.0,1e-08,3e-08,1e-08,0.99955117,2e-08,1e-08,5.68428978,5.19325015,0.69633304,1.36262326,0.0,4e-08
transport,secondary_first,100.0,0.026101572156825372,72.0,4.9e-07,7.6e-07,4.7e-07,0.99894173,3e-07,3.8e-07,6.475838,6.34044084,1.06970675,2.98353591,0.0,1.08e-06
transport,secondary_first,100.0,0.06812920690579614,24.0,0.0,0.0,0.0,0.99987692,0.0,0.0,9.98579086,6.76359014,0.4655418,0.61780058,0.0,0.0
transport,secondary_first,100.0,0.06812920690579614,48.0,2.4e-07,5.2e-07,2.3e-07,0.99883163,2.9e-07,2e-07,14.83686333,13.55518484,1.81753883,3.5566579,0.0,7.4e-07
transport,secondary_first,100.0,0.06812920690579614,72.0,8.6e-06,1.333e-05,8.17e-06,0.99724848,5.17e-06,6.58e-06,16.90291883,16.54951126,2.79210134,7.78749079,0.0,1.895e-05
transport,secondary_first,100.0,0.1778279410038923,24.0,0.0,0.0,0.0,0.99967909,0.0,0.0,26.06439586,17.65402695,1.21513387,1.61255315,0.0,1e-08
transport,secondary_first,100.0,0.1778279410038923,48.0,4.23e-06,9.05e-06,4.02e-06,0.99696953,5.03e-06,3.57e-06,38.72640242,35.38103779,4.7440485,9.28341316,0.0,1.286e-05
transport,secondary_first,100.0,0.1778279410038923,72.0,0.00014737,0.00022778,0.00014,0.99281862,8.778e-05,0.00011261,44.11906561,43.19663364,7.28780075,20.32650913,0.0,0.00032369
transport,secondary_first,100.0,0.464158883361278,24.0,1e-08,6e-08,1e-08,0.99916478,5e-08,1e-08,68.03169146,46.07956149,3.17168264,4.20900464,0.0,9e-08
transport,secondary_first,100.0,0.464158883361278,48.0,7.219e-05,0.00015361,6.858e-05,0.99218269,8.503e-05,6.084e-05,101.08101524,92.34924312,12.38261711,24.23100447,0.0,0.00021828
transport,secondary_first,100.0,0.464158883361278,72.0,0.00237856,0.00364121,0.00225963,0.98017749,0.00138158,0.00181103,115.15627522,112.74870296,19.02212332,53.05492721,0.0,0.00517435
transport,secondary_first,100.0,1.2115276586285888,24.0,2.4e-07,1.1e-06,2.3e-07,0.99783592,8.7e-07,2.2e-07,177.5703066,120.27316559,8.27851397,10.98607986,0.0,1.56e-06
transport,secondary_first,100.0,1.2115276586285888,48.0,0.00115312,0.00241834,0.00109546,0.97966907,0.00132288,0.00096971,263.83052766,241.04040163,32.31994324,63.24561443,0.0,0.00343659
transport,secondary_first,100.0,1.2115276586285888,72.0,0.0320399,0.04740786,0.03043791,0.92993948,0.01696995,0.02409389,300.56624022,294.28292937,49.6494163,138.47854972,0.0,0.06736907
transport,secondary_first,100.0,3.1622776601683795,24.0,4.16e-06,1.864e-05,3.95e-06,0.99445542,1.469e-05,3.79e-06,463.46484326,313.91992778,21.60769088,28.67481502,0.0,2.649e-05
transport,secondary_first,100.0,3.1622776601683795,48.0,0.01529692,0.03060562,0.01453208,0.94173783,0.01607354,0.01277418,688.59189405,629.11410245,84.35566388,165.07323765,0.0,0.04349219
transport,secondary_first,100.0,3.1622776601683795,72.0,0.23397993,0.30497473,0.22228094,0.71950342,0.0826938,0.16650719,784.45728292,768.06270405,129.58363217,361.42887369,0.0,0.43338515
transport,secondary_first,100.0,8.25404185268019,24.0,6.688e-05,0.00029439,6.354e-05,0.98615889,0.00023086,6.082e-05,1209.56057598,819.296814,56.39582771,74.84170837,0.0,0.00041835
transport,secondary_first,100.0,8.25404185268019,48.0,0.11690345,0.20023979,0.11105828,0.81357414,0.08918151,0.09508436,1796.99311243,1641.80482926,220.14950609,430.81164357,0.0,0.28455127
transport,secondary_first,100.0,8.25404185268019,72.0,0.55071041,0.59732705,0.52317489,0.44095998,0.07415216,0.33540519,2047.06578279,2004.31650631,338.16770353,943.22876761,0.0,0.84883313
transport,secondary_first,100.0,21.544346900318843,24.0,0.00092427,0.00388687,0.00087806,0.96713989,0.00300881,0.00083893,3155.92580705,2137.85286145,147.17536151,195.31961822,0.0,0.00552344
transport,secondary_first,100.0,21.544346900318843,48.0,0.33953906,0.45872933,0.32256211,0.60016705,0.13616722,0.25855268,4687.73338096,4283.13801778,574.37319799,1124.05348236,0.0,0.65187851
transport,secondary_first,100.0,21.544346900318843,72.0,0.67899377,0.67650691,0.64504414,0.33956357,0.03146277,0.33680592,5339.19851288,5227.98312744,882.14510519,2460.72953918,0.0,0.9613509
transport,secondary_first,100.0,56.23413251903491,24.0,0.00894421,0.03332184,0.008497,0.92723835,0.02482484,0.00807612,8224.11284244,5573.7846722,383.9544541,509.63537424,0.0,0.04735208
transport,secondary_first,100.0,56.23413251903491,48.0,0.50943778,0.58960565,0.48396591,0.45951099,0.10563975,0.35515652,12204.50349017,11154.14420999,1496.40403604,2929.28367934,0.0,0.83786025
transport,secondary_first,100.0,56.23413251903491,72.0,0.71464569,0.69339356,0.67891504,0.31240506,0.01447851,0.29686636,13888.15121992,13602.97915957,2296.40793278,6408.72083302,0.0,0.98532006
transport,secondary_first,100.0,146.77992676220705,24.0,0.04723052,0.13551604,0.044869,0.85397619,0.09064704,0.042034,16687.21306792,12263.94298029,922.35951932,1245.79646851,0.0,0.19257542
transport,secondary_first,100.0,146.77992676220705,48.0,0.59583488,0.63953357,0.56604553,0.39292069,0.07348804,0.38114104,21062.31327363,20488.46277323,2944.53081713,6013.16689086,0.0,0.90874561
transport,secondary_first,100.0,146.77992676220705,72.0,0.73664822,0.72489402,0.70156584,0.27086597,0.02332818,0.27386018,18543.26574327,19478.75292326,3754.28849501,11635.07604212,0.0,0.99213471
transport,secondary_first,100.0,383.1186849557293,24.0,0.07227396,0.18252779,0.06866033,0.822223,0.11386745,0.06365145,10359.19265287,10190.33130829,963.82322381,1360.00623063,0.0,0.25937656
transport,secondary_first,100.0,383.1186849557293,48.0,0.6605263,0.75100121,0.63591943,0.29567687,0.11508179,0.42899046,9711.93860761,9976.34517322,1753.25611206,4164.82420408,3.71e-06,0.91787435
transport,secondary_first,100.0,383.1186849557293,72.0,0.92507583,0.93976848,0.91198094,0.07303477,0.02778753,0.38993566,8634.74328161,9116.17269811,1863.59819177,6829.00121316,0.00836982,0.99261966
transport,secondary_first,100.0,1000.0,24.0,0.06364681,0.15945933,0.06049968,0.83127679,0.09895965,0.0559472,5155.40696891,5537.65533783,624.45082896,928.96310987,1e-08,0.22493098
transport,secondary_first,100.0,1000.0,48.0,0.6995787,0.80743335,0.68357916,0.2506936,0.12385419,0.47171945,3843.95241335,4261.87385998,864.9732067,2280.02454953,0.06771863,0.89638934
transport,secondary_first,100.0,1000.0,72.0,0.95276797,0.97373379,0.94764987,0.04035405,0.02608393,0.40156467,3427.31348714,3626.4656807,790.13950493,3359.86100821,0.76388738,0.98946233
transport,precomplexed,0.1,0.01,24.0,0.0,0.0,0.0,0.9999898,0.0,0.0,0.47550127,0.3500536,0.02943403,0.04255319,0.0,0.0
transport,precomplexed,0.1,0.01,48.0,0.0,0.0,0.0,0.99993806,0.0,0.0,0.68912692,0.63346185,0.08816255,0.18327277,0.0,0.0
transport,precomplexed,0.1,0.01,72.0,0.0,0.0,0.0,0.9998658,0.0,0.0,0.78200084,0.76675281,0.13059067,0.37989311,0.0,0.0
transport,precomplexed,0.1,0.026101572156825372,24.0,0.0,0.0,0.0,0.99997416,0.0,0.0,1.20305975,0.88618191,0.07454851,0.10778441,0.0,0.0
transport,precomplexed,0.1,0.026101572156825372,48.0,0.0,0.0,0.0,0.99984333,0.0,0.0,1.74123233,1.60104917,0.22295794,0.46366524,0.0,0.0
transport,precomplexed,0.1,0.026101572156825372,72.0,2e-08,3e-08,2e-08,0.99966096,1e-08,1e-08,1.97536694,1.93698255,0.32999578,0.96046003,0.0,4e-08
transport,precomplexed,0.1,0.06812920690579614,24.0,0.0,0.0,0.0,0.99993752,0.0,0.0,2.89958739,2.13922509,0.18018573,0.26057424,0.0,0.0
transport,precomplexed,0.1,0.06812920690579614,48.0,1e-08,2e-08,1e-08,0.99962254,1e-08,1e-08,4.18152349,3.84796959,0.53671338,1.11732409,0.0,3e-08
transport,precomplexed,0.1,0.06812920690579614,72.0,2.5e-07,3.7e-07,2.4e-07,0.99918569,1.4e-07,1.9e-07,4.73998278,4.64885255,0.79265512,2.3102774,0.0,5.3e-07
transport,precomplexed,0.1,0.1778279410038923,24.0,0.0,0.0,0.0,0.99986454,0.0,0.0,6.22900733,4.61504494,0.3900668,0.56443103,0.0,0.0
transport,precomplexed,0.1,0.1778279410038923,48.0,1e-07,2e-07,1e-07,0.9991894,1e-07,8e-08,8.89778452,8.20571425,1.14939045,2.39949245,0.0,2.8e-07
transport,precomplexed,0.1,0.1778279410038923,72.0,2.43e-06,3.65e-06,2.31e-06,0.99826373,1.34e-06,1.83e-06,10.06171742,9.87473715,1.68757287,4.93729478,0.0,5.19e-06
transport,precomplexed,0.1,0.464158883361278,24.0,0.0,0.0,0.0,0.99976115,0.0,0.0,10.74548623,8.0375624,0.68498255,0.99268495,0.0,0.0
transport,precomplexed,0.1,0.464158883361278,48.0,5.3e-07,1.04e-06,5e-07,0.99859947,5.4e-07,4.4e-07,15.05366019,13.94566461,1.97103832,4.1401838,0.0,1.47e-06
transport,precomplexed,0.1,0.464158883361278,72.0,1.223e-05,1.826e-05,1.162e-05,0.99704036,6.64e-06,9.17e-06,16.92741958,16.63904528,2.85802671,8.4308959,0.0,2.595e-05
transport,precomplexed,0.1,1.2115276586285888,24.0,0.0,1e-08,0.0,0.99967175,0.0,0.0,14.27434429,10.81843412,0.93413008,1.35745394,0.0,1e-08
transport,precomplexed,0.1,1.2115276586285888,48.0,1.28e-06,2.51e-06,1.22e-06,0.99812954,1.29e-06,1.06e-06,19.55642021,18.21386869,2.60326137,5.51391134,0.0,3.57e-06
transport,precomplexed,0.1,1.2115276586285888,72.0,2.827e-05,4.192e-05,2.686e-05,0.99611069,1.506e-05,2.113e-05,21.83752615,21.50877422,3.71769361,11.08339884,0.0,5.957e-05
transport,precomplexed,0.1,3.1622776601683795,24.0,0.0,1e-08,0.0,0.99962099,1e-08,0.0,15.98872365,12.23891403,1.06945119,1.55875667,0.0,1e-08
transport,precomplexed,0.1,3.1622776601683795,48.0,1.87e-06,3.64e-06,1.78e-06,0.99789202,1.86e-06,1.55e-06,21.59684762,20.18444069,2.90767372,6.19907982,0.0,5.17e-06
transport,precomplexed,0.1,3.1622776601683795,72.0,3.962e-05,5.846e-05,3.764e-05,0.99566741,2.082e-05,2.954e-05,24.0047633,23.67544821,4.10957064,12.34638684,0.0,8.308e-05
transport,precomplexed,0.1,8.25404185268019,24.0,0.0,1e-08,0.0,0.99959751,1e-08,0.0,16.66443728,12.82271822,1.12868186,1.64871241,0.0,1e-08
transport,precomplexed,0.1,8.25404185268019,48.0,2.17e-06,4.2e-06,2.06e-06,0.99779405,2.14e-06,1.79e-06,22.36021626,20.93277563,3.02754222,6.47842038,0.0,5.97e-06
transport,precomplexed,0.1,8.25404185268019,72.0,4.492e-05,6.61e-05,4.267e-05,0.99549378,2.343e-05,3.344e-05,24.797884,24.47387381,4.25702239,12.84140684,0.0,9.394e-05
transport,precomplexed,0.1,21.544346900318843,24.0,0.0,1e-08,0.0,0.99958743,1e-08,0.0,16.91714715,13.04834091,1.15283096,1.68615343,0.0,2e-08
transport,precomplexed,0.1,21.544346900318843,48.0,2.29e-06,4.44e-06,2.18e-06,0.9977559,2.26e-06,1.89e-06,22.6300134,21.20210401,3.07226928,6.58611232,0.0,6.31e-06
transport,precomplexed,0.1,21.544346900318843,72.0,4.704e-05,6.914e-05,4.468e-05,0.99542949,2.446e-05,3.5e-05,25.06708335,24.74859206,4.30929909,13.0249051,0.0,9.825e-05
transport,precomplexed,0.1,56.23413251903491,24.0,0.0,1e-08,0.0,0.99958339,1e-08,0.0,16.99605475,13.12605199,1.16191341,1.70060659,0.0,2e-08
transport,precomplexed,0.1,56.23413251903491,48.0,2.34e-06,4.52e-06,2.22e-06,0.99774325,2.3e-06,1.93e-06,22.664577,21.25535151,3.08463558,6.62005135,0.0,6.43e-06
transport,precomplexed,0.1,56.23413251903491,72.0,4.763e-05,6.995e-05,4.525e-05,0.99541477,2.469e-05,3.543e-05,25.01485096,24.72873643,4.31418623,13.06447087,0.0,9.94e-05
transport,precomplexed,0.1,146.77992676220705,24.0,0.0,1e-08,0.0,0.99958278,1e-08,0.0,16.69521274,13.03986853,1.16054019,1.70015567,0.0,2e-08
transport,precomplexed,0.1,146.77992676220705,48.0,2.15e-06,4.03e-06,2.04e-06,0.99787108,1.99e-06,1.76e-06,16.28088288,16.53307628,2.69678128,6.0657914,0.0,5.73e-06
transport,precomplexed,0.1,146.77992676220705,72.0,3.184e-05,4.408e-05,3.025e-05,0.99621929,1.383e-05,2.303e-05,16.17670832,16.52492374,3.15646857,10.65460108,0.0,6.263e-05
transport,precomplexed,0.1,383.1186849557293,24.0,0.0,1e-08,0.0,0.99966168,0.0,0.0,8.28528443,7.57361436,0.82103129,1.26405319,0.0,1e-08
transport,precomplexed,0.1,383.1186849557293,48.0,4.9e-07,8.4e-07,4.7e-07,0.99870945,3.8e-07,4e-07,8.54813142,8.79202886,1.48633885,3.59461573,0.0,1.19e-06
transport,precomplexed,0.1,383.1186849557293,72.0,4.62e-06,6.11e-06,4.4e-06,0.99790138,1.71e-06,3.23e-06,8.10078584,8.37397795,1.65143023,5.97394809,0.0,8.44e-06
transport,precomplexed,0.1,1000.0,24.0,0.0,0.0,0.0,0.99981588,0.0,0.0,3.82623983,3.66176842,0.41768432,0.66160182,0.0,0.0
transport,precomplexed,0.1,1000.0,48.0,5e-08,8e-08,5e-08,0.99937894,3e-08,4e-08,3.48858514,3.65380516,0.66321453,1.69664507,0.0,1.1e-07
transport,precomplexed,0.1,1000.0,72.0,3.9e-07,5.1e-07,3.7e-07,0.99906699,1.3e-07,2.7e-07,3.2902548,3.41498362,0.69053722,2.67395232,3e-08,6.6e-07
transport,precomplexed,3.0,0.01,24.0,0.0,0.0,0.0,0.99996198,0.0,0.0,1.60602608,1.22894659,0.10725109,0.1562452,0.0,0.0
transport,precomplexed,3.0,0.01,48.0,0.0,0.0,0.0,0.9997871,0.0,0.0,2.16394876,2.02389171,0.29174748,0.62194988,0.0,1e-08
transport,precomplexed,3.0,0.01,72.0,4e-08,6e-08,4e-08,0.9995629,2e-08,3e-08,2.40107699,2.3693822,0.41168977,1.23769583,0.0,9e-08
transport,precomplexed,3.0,0.026101572156825372,24.0,0.0,0.0,0.0,0.99990084,0.0,0.0,4.19059234,3.20655824,0.27982494,0.4076482,0.0,0.0
transport,precomplexed,3.0,0.026101572156825372,48.0,3e-08,7e-08,3e-08,0.99944522,3e-08,3e-08,5.64661406,5.28109665,0.76125896,1.62281836,0.0,9e-08
transport,precomplexed,3.0,0.026101572156825372,72.0,7.3e-07,1.08e-06,6.9e-07,0.99886189,3.9e-07,5.4e-07,6.26543889,6.18271626,1.07425931,3.22954847,0.0,1.53e-06
transport,precomplexed,3.0,0.06812920690579614,24.0,0.0,0.0,0.0,0.99974168,0.0,0.0,10.92848148,8.36141665,0.72957554,1.06280615,0.0,0.0
transport,precomplexed,3.0,0.06812920690579614,48.0,6e-07,1.17e-06,5.7e-07,0.99855781,6e-07,4.9e-07,14.72723317,13.77354449,1.98528815,4.23187317,0.0,1.66e-06
transport,precomplexed,3.0,0.06812920690579614,72.0,1.275e-05,1.883e-05,1.211e-05,0.99704199,6.71e-06,9.51e-06,16.3416481,16.1257682,2.80179427,8.4224772,0.0,2.675e-05
transport,precomplexed,3.0,0.1778279410038923,24.0,1e-08,5e-08,1e-08,0.9993293,3e-08,1e-08,28.45646153,21.76624996,1.89855136,2.76544803,0.0,6e-08
transport,precomplexed,3.0,0.1778279410038923,48.0,1.035e-05,2.011e-05,9.83e-06,0.99627051,1.028e-05,8.55e-06,38.35961552,35.8730028,5.16967688,11.01783637,0.0,2.858e-05
transport,precomplexed,3.0,0.1778279410038923,72.0,0.00021628,0.00031832,0.00020547,0.99226034,0.00011285,0.00016109,42.56765808,42.0044726,7.29752827,21.9330304,0.0,0.00045235
transport,precomplexed,3.0,0.464158883361278,24.0,2.2e-07,7.8e-07,2.1e-07,0.99827474,5.7e-07,2e-07,73.74784193,56.36671809,4.91183863,7.15281805,0.0,1.11e-06
transport,precomplexed,3.0,0.464158883361278,48.0,0.00017092,0.00033037,0.00016238,0.99042193,0.00016799,0.00014104,99.50027785,93.03102568,13.3995433,28.54369264,0.0,0.00046947
transport,precomplexed,3.0,0.464158883361278,72.0,0.00339082,0.00494394,0.00322128,0.97818588,0.00172266,0.00251501,110.43850297,108.9708522,18.9271951,56.85677109,0.0,0.0070256
transport,precomplexed,3.0,1.2115276586285888,24.0,3.47e-06,1.211e-05,3.3e-06,0.99569866,8.81e-06,3.11e-06,187.40478029,142.9061446,12.41855029,18.07183738,0.0,1.721e-05
transport,precomplexed,3.0,1.2115276586285888,48.0,0.00245438,0.00467427,0.00233166,0.97513423,0.00234261,0.00201982,253.59714733,236.94246757,34.06895775,72.46597689,0.0,0.00664239
transport,precomplexed,3.0,1.2115276586285888,72.0,0.04150782,0.05853834,0.03943243,0.92025638,0.01910592,0.03034622,281.68867129,277.88498589,48.22671383,144.63199738,0.0,0.08318606
transport,precomplexed,3.0,3.1622776601683795,24.0,3.245e-05,0.0001123,3.082e-05,0.99097433,8.148e-05,2.904e-05,404.3683362,307.491036,26.65022752,38.76123491,0.0,0.00015958
transport,precomplexed,3.0,3.1622776601683795,48.0,0.01899902,0.0348526,0.01804907,0.93895673,0.01680353,0.01552778,550.69507592,513.68693887,73.64230495,156.33264732,0.0,0.04952738
transport,precomplexed,3.0,3.1622776601683795,72.0,0.21079647,0.27117944,0.20025665,0.74467876,0.07092279,0.1471813,613.30194027,604.55328065,104.70612898,313.10359087,0.0,0.38536026
transport,precomplexed,3.0,8.25404185268019,24.0,6.483e-05,0.00022207,6.158e-05,0.98871011,0.00016048,5.799e-05,493.5498611,379.16083414,33.29637962,48.60133573,0.0,0.00031557
transport,precomplexed,3.0,8.25404185268019,48.0,0.03210388,0.05738217,0.03049868,0.9196129,0.02688348,0.02609814,663.55414643,620.8854295,89.69041506,191.69989185,0.0,0.08154308
transport,precomplexed,3.0,8.25404185268019,72.0,0.28625462,0.35375792,0.27194188,0.67436353,0.08181604,0.19466087,736.37338082,726.61137951,126.30942197,380.53926454,0.0,0.50270862
transport,precomplexed,3.0,21.544346900318843,24.0,7.373e-05,0.00025141,7.004e-05,0.98825416,0.00018137,6.593e-05,506.79164816,390.80175964,34.51451994,50.47466188,0.0,0.00035726
transport,precomplexed,3.0,21.544346900318843,48.0,0.03471471,0.06168492,0.03297897,0.91613103,0.02870595,0.02818258,678.13080797,635.2936902,92.0397512,197.27239285,0.0,0.08765751
transport,precomplexed,3.0,21.544346900318843,72.0,0.2974008,0.3652006,0.28253076,0.66425286,0.08266985,0.20125698,751.24583847,741.67484634,129.1295877,390.21987214,0.0,0.51896927
transport,precomplexed,3.0,56.23413251903491,24.0,7.66e-05,0.00026071,7.277e-05,0.98811967,0.00018794,6.849e-05,509.80406171,393.70389937,34.84808714,51.00324699,0.0,0.00037048
transport,precomplexed,3.0,56.23413251903491,48.0,0.03540929,0.06279979,0.03363882,0.91523154,0.02916097,0.0287334,679.93470031,637.62607358,92.52797872,198.56888616,0.0,0.08924181
transport,precomplexed,3.0,56.23413251903491,72.0,0.29984921,0.36759425,0.28485675,0.66204104,0.0827375,0.20263481,750.63384961,741.97695724,129.42978257,391.90968009,0.0,0.52237075
transport,precomplexed,3.0,146.77992676220705,24.0,7.727e-05,0.00026259,7.34e-05,0.98809813,0.00018919,6.908e-05,501.34324737,391.31701225,34.81911752,51.00759793,0.0,0.00037316
transport,precomplexed,3.0,146.77992676220705,48.0,0.03347188,0.05832489,0.03179829,0.91901514,0.0265266,0.02706749,490.09393661,497.99660933,81.17556797,182.41706706,0.0,0.08288266
transport,precomplexed,3.0,146.77992676220705,72.0,0.25706495,0.31322778,0.24421763,0.70237099,0.06901015,0.17204056,486.49446714,497.10431354,94.99680519,320.53493703,0.0,0.44498447
transport,precomplexed,3.0,383.1186849557293,24.0,5.075e-05,0.00015954,4.821e-05,0.99022038,0.00011133,4.514e-05,248.82376012,227.54271288,24.66740986,37.97372905,0.0,0.00022671
transport,precomplexed,3.0,383.1186849557293,48.0,0.0099446,0.01649421,0.00945224,0.95643526,0.00704197,0.00790276,256.83254844,264.12058506,44.64337908,107.97071926,0.0,0.02331931
transport,precomplexed,3.0,383.1186849557293,72.0,0.07464831,0.09506376,0.07123945,0.88005791,0.0238243,0.0508115,243.25700787,251.48548515,49.60291666,179.44057694,1.209e-05,0.12999505
transport,precomplexed,3.0,1000.0,24.0,8.3e-06,2.426e-05,7.89e-06,0.99457531,1.637e-05,7.33e-06,114.8538021,109.92567426,12.53878339,19.86100769,0.0,3.433e-05
transport,precomplexed,3.0,1000.0,48.0,0.00113863,0.00188065,0.00108832,0.98121647,0.00079233,0.00090509,104.69898763,109.66525555,19.90757029,50.92973856,1.196e-05,0.00254633
transport,precomplexed,3.0,1000.0,72.0,0.00859953,0.01115948,0.00827702,0.96597556,0.00288246,0.00592754,98.73447663,102.48157886,20.72467329,80.26020774,0.0006997,0.01439584
transport,precomplexed,100.0,0.01,24.0,0.0,0.0,0.0,0.99995809,0.0,0.0,1.7055564,1.31714508,0.11661999,0.17071171,0.0,0.0
transport,precomplexed,100.0,0.01,48.0,0.0,0.0,0.0,0.9997719,0.0,0.0,2.27884526,2.13562804,0.30972581,0.66461701,0.0,1e-08
transport,precomplexed,100.0,0.01,72.0,5e-08,7e-08,5e-08,0.99953659,3e-08,4e-08,2.5239939,2.49196793,0.4340286,1.31301864,0.0,1e-07
transport,precomplexed,100.0,0.026101572156825372,24.0,0.0,0.0,0.0,0.99989066,0.0,0.0,4.4517685,3.43795348,0.30439639,0.44558417,0.0,0.0
transport,precomplexed,100.0,0.026101572156825372,48.0,4e-08,8e-08,4e-08,0.99940543,4e-08,4e-08,5.94813899,5.57431858,0.8084324,1.73475495,0.0,1.2e-07
transport,precomplexed,100.0,0.026101572156825372,72.0,8.8e-07,1.3e-06,8.4e-07,0.99879311,4.6e-07,6.6e-07,6.58801191,6.50441765,1.13288348,3.42718512,0.0,1.85e-06
transport,precomplexed,100.0,0.06812920690579614,24.0,0.0,0.0,0.0,0.99971483,0.0,0.0,11.61979987,8.97359295,0.79452054,1.16304206,0.0,1e-08
transport,precomplexed,100.0,0.06812920690579614,48.0,7.5e-07,1.46e-06,7.2e-07,0.99845318,7.4e-07,6.2e-07,15.5255569,14.54983236,2.11013345,4.52797494,0.0,2.07e-06
transport,precomplexed,100.0,0.06812920690579614,72.0,1.546e-05,2.273e-05,1.468e-05,0.99686038,8.05e-06,1.15e-05,17.1957212,16.97753253,2.95699902,8.94547496,0.0,3.23e-05
transport,precomplexed,100.0,0.1778279410038923,24.0,2e-08,6e-08,2e-08,0.9992573,5e-08,2e-08,30.32939245,23.4224158,2.07381837,3.0357112,0.0,9e-08
transport,precomplexed,100.0,0.1778279410038923,48.0,1.312e-05,2.532e-05,1.246e-05,0.99599054,1.285e-05,1.082e-05,40.52397278,37.97719688,5.5077617,11.81868539,0.0,3.598e-05
transport,precomplexed,100.0,0.1778279410038923,72.0,0.00026348,0.00038609,0.0002503,0.99174888,0.00013578,0.00019576,44.88331126,44.31381758,7.71819809,23.34900475,0.0,0.00054865
transport,precomplexed,100.0,0.464158883361278,24.0,3.2e-07,1.1e-06,3e-07,0.99807225,8e-07,2.9e-07,79.16381024,61.13562734,5.41293382,7.92359989,0.0,1.57e-06
transport,precomplexed,100.0,0.464158883361278,48.0,0.00022105,0.00042386,0.00021,0.98961463,0.00021387,0.00018207,105.77281423,99.12547126,14.37597386,30.84832444,0.0,0.00060233
transport,precomplexed,100.0,0.464158883361278,72.0,0.00418583,0.00606959,0.00397654,0.9762294,0.00209305,0.00309531,117.15097307,115.66460436,20.14549324,60.94394388,0.0,0.0086252
transport,precomplexed,100.0,1.2115276586285888,24.0,5.5e-06,1.893e-05,5.23e-06,0.99503786,1.371e-05,4.92e-06,206.62526903,159.56989499,14.12823823,20.68125889,0.0,2.69e-05
transport,precomplexed,100.0,1.2115276586285888,48.0,0.00341114,0.00642076,0.00324058,0.97191258,0.00318018,0.00279971,276.07587519,258.72621636,37.52261912,80.51693187,0.0,0.00912424
transport,precomplexed,100.0,1.2115276586285888,72.0,0.05328293,0.07424347,0.05061878,0.90654456,0.02362469,0.03870588,305.77203762,301.89309043,52.58137292,159.06892144,0.0,0.10550388
transport,precomplexed,100.0,3.1622776601683795,24.0,9.032e-05,0.00030694,8.58e-05,0.98745641,0.00022113,8.075e-05,539.29177996,416.47659283,36.87430445,53.97727128,0.0,0.00043617
transport,precomplexed,100.0,3.1622776601683795,48.0,0.04038396,0.07113821,0.03836476,0.90859242,0.03277345,0.03272568,720.54720098,675.26848438,97.93341242,210.14761428,0.0,0.10109114
transport,precomplexed,100.0,3.1622776601683795,72.0,0.32245365,0.39095616,0.30633097,0.64151766,0.08462519,0.21615771,798.04044906,787.92077826,137.23498876,415.16458997,0.0,0.55556927
transport,precomplexed,100.0,8.25404185268019,24.0,0.00131125,0.00430407,0.00124569,0.96916317,0.00305839,0.00116987,1407.40121364,1086.8823358,96.22882894,140.85971542,0.0,0.00611631
transport,precomplexed,100.0,8.25404185268019,48.0,0.22532381,0.32793034,0.21405762,0.71205104,0.11387273,0.17412474,1880.35055039,1762.21404448,255.5746026,548.41559467,0.0,0.46600628
transport,precomplexed,100.0,8.25404185268019,72.0,0.61672169,0.63831454,0.58588561,0.38953812,0.05242894,0.3375026,2082.48454701,2056.10764145,358.12795756,1083.42618936,0.0,0.90707846
transport,precomplexed,100.0,21.544346900318843,24.0,0.0138545,0.04105602,0.01316177,0.92525509,0.02789425,0.01228209,3671.6637078,2835.43023162,251.0189439,367.42640182,0.0,0.05834277
transport,precomplexed,100.0,21.544346900318843,48.0,0.46984477,0.55658272,0.44635254,0.49603336,0.11023018,0.3291623,4904.88726186,4596.92180637,666.71449703,1430.62676856,0.0,0.79093327
transport,precomplexed,100.0,21.544346900318843,72.0,0.70483991,0.6884645,0.66959804,0.32094836,0.01886646,0.30391376,5431.34196252,5362.81379465,934.15293656,2826.15868784,0.0,0.97834224
transport,precomplexed,100.0,56.23413251903491,24.0,0.07372465,0.1740307,0.07003842,0.83165778,0.10399228,0.06422289,9560.98801508,7382.19663051,653.22997925,955.94919672,0.0,0.24730678
transport,precomplexed,100.0,56.23413251903491,48.0,0.60024464,0.64007499,0.57023248,0.39355043,0.06984251,0.37571092,12765.70892942,11966.4331392,1735.72029963,3724.06628724,0.0,0.90957873
transport,precomplexed,100.0,56.23413251903491,72.0,0.72617973,0.69809644,0.68987433,0.30406192,0.0082221,0.25835831,14124.12810955,13949.91467408,2430.89952525,7355.54150058,0.0,0.99197231
transport,precomplexed,100.0,146.77992676220705,24.0,0.13667726,0.27567932,0.1298434,0.75886204,0.14583592,0.11705807,16900.69537993,13076.60592703,1158.70484626,1696.1376484,0.0,0.39175482
transport,precomplexed,100.0,146.77992676220705,48.0,0.63952545,0.66061419,0.6075522,0.36224293,0.05306199,0.37628369,19462.96742452,19688.00936594,2999.01752794,6501.72007536,0.0,0.93868312
transport,precomplexed,100.0,146.77992676220705,72.0,0.75163084,0.74934378,0.71752107,0.25164,0.03182271,0.2581032,18044.61646641,18737.12106803,3623.98658187,11847.99456235,1e-08,0.99472608
transport,precomplexed,100.0,383.1186849557293,24.0,0.13149953,0.26516464,0.12492525,0.76444403,0.14023939,0.11256409,8623.59798821,7997.96774975,865.84213054,1327.34117156,0.0,0.37677115
transport,precomplexed,100.0,383.1186849557293,48.0,0.69848891,0.78249955,0.67465474,0.26357609,0.10784481,0.43756197,9063.16964021,9197.1994545,1548.05176602,3752.45740307,6e-07,0.93222815
transport,precomplexed,100.0,383.1186849557293,72.0,0.93317587,0.94482685,0.92071452,0.06553521,0.02411232,0.3735427,8383.71902151,8711.98502634,1725.69122242,6243.86212855,0.03449944,0.99383284
transport,precomplexed,100.0,1000.0,24.0,0.06956505,0.15667586,0.06616434,0.83365319,0.09051153,0.06017229,3905.73653096,3747.63937398,427.37963361,676.81430065,3e-08,0.21953939
transport,precomplexed,100.0,1000.0,48.0,0.67388108,0.78619397,0.65852631,0.27401768,0.12766766,0.45522886,3537.54600395,3714.25469576,676.35642612,1732.4495348,0.12875162,0.87498587
transport,precomplexed,100.0,1000.0,72.0,0.94654026,0.97049003,0.9417364,0.04518641,0.02875363,0.40667815,3321.78194179,3452.74675088,700.6349603,2723.04105255,0.79497978,0.98637792
core_low,simultaneous,0.1,0.01,24.0,1e-08,3e-08,1e-08,0.99936918,2e-08,1e-08,31.57039451,23.65675953,1.93648503,2.74174008,0.0,4e-08
core_low,simultaneous,0.1,0.01,48.0,1.03e-05,2.031e-05,9.78e-06,0.99605918,1.053e-05,8.54e-06,38.95783406,37.49496926,5.51488802,11.63184092,0.0,2.884e-05
core_low,simultaneous,0.1,0.01,72.0,0.0002173,0.0003167,0.00020646,0.99196382,0.00011024,0.00016148,39.37295164,40.08087674,7.31091774,22.52432166,0.0,0.00044958
core_low,simultaneous,0.1,0.026101572156825372,24.0,1.4e-07,5.1e-07,1.3e-07,0.99840023,3.8e-07,1.2e-07,79.87899445,59.96681211,4.92130504,6.97318912,0.0,7.3e-07
core_low,simultaneous,0.1,0.026101572156825372,48.0,0.00016015,0.00031368,0.00015216,0.99009893,0.00016152,0.00013271,98.42000094,94.75532635,13.95226663,29.4610237,0.0,0.00044547
core_low,simultaneous,0.1,0.026101572156825372,72.0,0.00318917,0.00460443,0.0030302,0.97802755,0.00157423,0.0023596,99.44946967,101.24376587,18.47449465,56.97982597,0.0,0.00653562
core_low,simultaneous,0.1,0.06812920690579614,24.0,2.01e-06,7.44e-06,1.91e-06,0.99611677,5.53e-06,1.81e-06,192.52391933,145.22418906,11.99694753,17.03317845,0.0,1.057e-05
core_low,simultaneous,0.1,0.06812920690579614,48.0,0.0020418,0.00392966,0.0019399,0.97564375,0.00198976,0.00168625,236.25589461,227.65894542,33.61842713,71.19655418,0.0,0.00558017
core_low,simultaneous,0.1,0.06812920690579614,72.0,0.03464538,0.04855816,0.03291984,0.92705368,0.01563832,0.02528702,238.59531166,242.94193831,44.37742388,137.26003639,5e-08,0.0688996
core_low,simultaneous,0.1,0.1778279410038923,24.0,2.213e-05,8.033e-05,2.102e-05,0.99147734,5.931e-05,1.988e-05,413.11233805,315.25622124,26.46614484,37.76308817,0.0,0.00011413
core_low,simultaneous,0.1,0.1778279410038923,48.0,0.01669015,0.03076763,0.01585764,0.94061506,0.01490999,0.01367045,501.81722085,484.68482441,72.0922896,153.79489326,2e-08,0.04368052
core_low,simultaneous,0.1,0.1778279410038923,72.0,0.18679499,0.2409396,0.17752152,0.76384449,0.06341808,0.130581,505.88153722,515.3772506,94.41007868,294.13008912,4.8e-07,0.34136856
core_low,simultaneous,0.1,0.464158883361278,24.0,0.00013935,0.00048904,0.00013239,0.98458991,0.00035665,0.00012493,705.09363946,550.10601303,47.67999976,68.73162905,0.0,0.00069475
core_low,simultaneous,0.1,0.464158883361278,48.0,0.06362712,0.10867009,0.06045721,0.87596741,0.04821288,0.05128815,837.11037026,813.36760432,122.86471377,266.07117954,1e-07,0.15418734
core_low,simultaneous,0.1,0.464158883361278,72.0,0.39678337,0.46248792,0.37730176,0.56689036,0.08518617,0.25696459,837.85977465,855.43836641,157.92880764,500.05439074,2.89e-06,0.65177383
core_low,simultaneous,0.1,1.2115276586285888,24.0,0.00039999,0.0013474,0.00038001,0.97855895,0.00096739,0.00035757,890.98760774,717.05342688,64.8616725,94.8444055,0.0,0.00191405
core_low,simultaneous,0.1,1.2115276586285888,48.0,0.11132443,0.17816468,0.10579599,0.82208187,0.07236868,0.08827671,993.88956829,983.45563017,153.5327788,340.98192113,3.6e-07,0.25239472
core_low,simultaneous,0.1,1.2115276586285888,72.0,0.49160774,0.54840439,0.46816039,0.48032356,0.080244,0.30166385,965.47286549,994.75474526,188.22295932,617.75940102,1.08e-05,0.762272
core_low,simultaneous,0.1,3.1622776601683795,24.0,0.00054948,0.00177706,0.00052206,0.97653169,0.001255,0.00048979,792.38948473,689.31061696,67.21368362,100.245652,0.0,0.0025231
core_low,simultaneous,0.1,3.1622776601683795,48.0,0.10627788,0.16632354,0.10109522,0.8278136,0.06522832,0.08358107,743.79364604,772.50875791,131.92438313,311.07663286,1.48e-06,0.23368611
core_low,simultaneous,0.1,3.1622776601683795,72.0,0.45913541,0.52086276,0.4389939,0.50563187,0.08186885,0.28377343,682.70152229,715.53498269,143.73452971,517.61720133,3.362e-05,0.70047894
core_low,simultaneous,0.1,8.25404185268019,24.0,0.00029914,0.00090505,0.00028444,0.98116841,0.00062061,0.00026541,418.63402796,412.89273178,46.94508402,73.18710621,0.0,0.00127673
core_low,simultaneous,0.1,8.25404185268019,48.0,0.04088284,0.06487028,0.03898945,0.90728792,0.02588083,0.03216297,356.44846659,380.86043756,71.53747299,184.91759056,1.64e-06,0.08950308
core_low,simultaneous,0.1,8.25404185268019,72.0,0.22126965,0.26585419,0.21177822,0.73108297,0.05407597,0.14365174,324.04214698,340.68003114,71.06868376,284.45770411,1.54e-05,0.35721613
core_low,simultaneous,0.1,21.544346900318843,24.0,5.319e-05,0.00015375,5.069e-05,0.98959947,0.00010306,4.708e-05,176.81753531,183.38797479,22.98220628,37.29289125,0.0,0.00021365
core_low,simultaneous,0.1,21.544346900318843,48.0,0.0059675,0.00953904,0.00570002,0.96556421,0.00383902,0.00469611,147.57859665,158.92045809,31.10297232,84.97293851,2.9e-07,0.01304209
core_low,simultaneous,0.1,21.544346900318843,72.0,0.03696151,0.0460354,0.03535539,0.92778501,0.01068002,0.02460892,134.13771256,141.03926343,29.82822936,126.27907016,1.91e-06,0.06233659
core_low,simultaneous,0.1,56.23413251903491,24.0,5e-06,1.417e-05,4.77e-06,0.99531312,9.4e-06,4.42e-06,70.13398583,74.28092313,9.72985363,16.11382616,0.0,1.948e-05
core_low,simultaneous,0.1,56.23413251903491,48.0,0.0005081,0.00081084,0.00048569,0.98686914,0.00032515,0.00039944,58.20647809,62.84243565,12.51970256,35.12755703,3e-08,0.00110388
core_low,simultaneous,0.1,56.23413251903491,72.0,0.00319197,0.00399973,0.00305319,0.98024993,0.00094653,0.00213212,52.93498918,55.65125084,11.83418468,51.43469233,1.5e-07,0.00542202
core_low,simultaneous,0.1,146.77992676220705,24.0,3.5e-07,9.8e-07,3.3e-07,0.99807648,6.5e-07,3.1e-07,27.21534294,29.07046827,3.88139279,6.48673166,0.0,1.34e-06
core_low,simultaneous,0.1,146.77992676220705,48.0,3.396e-05,5.409e-05,3.247e-05,0.99484385,2.162e-05,2.668e-05,22.54935162,24.36750163,4.89050735,13.88288649,0.0,7.352e-05
core_low,simultaneous,0.1,146.77992676220705,72.0,0.0002125,0.00026636,0.00020326,0.99302189,6.31e-05,0.00014191,20.51348985,21.56447438,4.59572441,20.20266374,1e-08,0.00036114
core_low,simultaneous,0.1,383.1186849557293,24.0,2e-08,6e-08,2e-08,0.99924201,4e-08,2e-08,10.47778805,11.23120871,1.51152181,2.53558619,0.0,8e-08
core_low,simultaneous,0.1,383.1186849557293,48.0,2.05e-06,3.26e-06,1.96e-06,0.99799048,1.3e-06,1.61e-06,8.67608965,9.37900795,1.88810515,5.38600576,0.0,4.43e-06
core_low,simultaneous,0.1,383.1186849557293,72.0,1.279e-05,1.603e-05,1.223e-05,0.99733466,3.79e-06,8.54e-06,7.89380298,8.29797244,1.77002385,7.81796874,0.0,2.174e-05
core_low,simultaneous,0.1,1000.0,24.0,0.0,0.0,0.0,0.99970639,0.0,0.0,4.02177009,4.3170833,0.58282364,0.97907435,0.0,0.0
core_low,simultaneous,0.1,1000.0,48.0,1.2e-07,1.9e-07,1.1e-07,0.99922397,8e-08,9e-08,3.32941088,3.59966786,0.72554186,2.07363309,0.0,2.6e-07
core_low,simultaneous,0.1,1000.0,72.0,7.4e-07,9.3e-07,7.1e-07,0.99897417,2.2e-07,4.9e-07,3.02938276,3.18444615,0.67951229,3.00694524,0.0,1.26e-06
core_low,simultaneous,3.0,0.01,24.0,1.05e-06,3.57e-06,1e-06,0.99709955,2.57e-06,9.4e-07,107.95475774,86.55006037,7.96098358,11.76191279,0.0,5.07e-06
core_low,simultaneous,3.0,0.01,48.0,0.00056254,0.00104702,0.00053444,0.98549781,0.00051259,0.00046038,129.36770514,125.21116152,19.07895359,42.20485488,0.0,0.00148734
core_low,simultaneous,3.0,0.01,72.0,0.00856996,0.01202237,0.00814222,0.96677694,0.00388015,0.00622966,131.99628605,133.91764333,24.54865058,78.51441267,0.0,0.01707292
core_low,simultaneous,3.0,0.026101572156825372,24.0,1.785e-05,6.016e-05,1.696e-05,0.99257579,4.321e-05,1.595e-05,281.52638128,225.74121396,20.76622712,30.68133197,0.0,8.548e-05
core_low,simultaneous,3.0,0.026101572156825372,48.0,0.00821411,0.01489806,0.00780387,0.95886262,0.00709419,0.00668736,337.17250508,326.39601507,49.74665723,110.05946221,0.0,0.02116153
core_low,simultaneous,3.0,0.026101572156825372,72.0,0.09690961,0.12891814,0.0920771,0.85743817,0.03684104,0.06857961,343.89201592,348.94007097,63.98108302,204.68775586,8e-08,0.18300258
core_low,simultaneous,3.0,0.06812920690579614,24.0,0.00028146,0.0009314,0.0002674,0.98142057,0.00066401,0.00025122,733.08638752,588.06103566,54.11202272,79.95111011,0.0,0.00132335
core_low,simultaneous,3.0,0.06812920690579614,48.0,0.08150226,0.1343055,0.07743511,0.85715566,0.05687039,0.06502093,876.63757064,849.01256629,129.48493052,286.5696498,6e-08,0.19069452
core_low,simultaneous,3.0,0.06812920690579614,72.0,0.43099525,0.49188315,0.40965556,0.53914963,0.08222759,0.27236291,893.1962253,906.60137145,166.34631703,532.56046301,1.47e-06,0.6958365
core_low,simultaneous,3.0,0.1778279410038923,24.0,0.00368473,0.0115768,0.00350061,0.95466095,0.00807619,0.00327817,1901.21417965,1526.77182934,140.5979174,207.75268949,0.0,0.01644729
core_low,simultaneous,3.0,0.1778279410038923,48.0,0.32103439,0.42828819,0.30511211,0.61667476,0.12317608,0.23983504,2263.91471759,2195.37793603,335.42741535,743.03806455,1.14e-06,0.60605076
core_low,simultaneous,3.0,0.1778279410038923,72.0,0.67620216,0.69193483,0.6451784,0.3212198,0.04675643,0.34499651,2300.16368435,2336.78473184,429.5703593,1378.0248252,2.736e-05,0.9432187
core_low,simultaneous,3.0,0.464158883361278,24.0,0.03029356,0.08221387,0.02878079,0.89105667,0.05343308,0.02668921,4871.41261346,3924.34484429,362.16404016,535.26781181,2e-08,0.11676087
core_low,simultaneous,3.0,0.464158883361278,48.0,0.54089769,0.62026628,0.51558469,0.41717995,0.10468159,0.36534891,5727.91852162,5575.95030306,856.52052322,1902.49169016,2.275e-05,0.84918549
core_low,simultaneous,3.0,0.464158883361278,72.0,0.8194177,0.84357631,0.79588308,0.17722973,0.04769323,0.36866463,5769.84348372,5877.77120372,1086.69707128,3506.89025351,0.00055276,0.98517322
core_low,simultaneous,3.0,1.2115276586285888,24.0,0.11126367,0.23758074,0.10573322,0.77865424,0.13184752,0.09594889,11925.29534788,9710.58060354,902.29887743,1334.42540907,4.9e-07,0.3364457
core_low,simultaneous,3.0,1.2115276586285888,48.0,0.69343534,0.77397083,0.6701939,0.27044845,0.10377693,0.4396129,13383.57992817,13217.34337958,2070.49599654,4642.94697932,0.00054542,0.92810703
core_low,simultaneous,3.0,1.2115276586285888,72.0,0.9258757,0.93833565,0.91261747,0.07408487,0.02571818,0.37331982,13069.60184436,13445.68861165,2538.81060557,8373.97961429,0.01348555,0.99367302
core_low,simultaneous,3.0,3.1622776601683795,24.0,0.19602962,0.35744365,0.18661618,0.67903475,0.17082747,0.16561515,21394.32235441,18427.55940125,1777.41331297,2643.7518925,1.007e-05,0.49476999
core_low,simultaneous,3.0,3.1622776601683795,48.0,0.80674882,0.87741779,0.79108686,0.16287495,0.08633094,0.49392396,20028.56366871,20833.06183679,3546.89852636,8321.55259062,0.01557902,0.95234337
core_low,simultaneous,3.0,3.1622776601683795,72.0,0.95900266,0.96380993,0.94997773,0.04195393,0.01383221,0.34202997,18157.92048483,19115.4345682,3858.36099367,13869.41130822,0.23573492,0.99591165
core_low,simultaneous,3.0,8.25404185268019,24.0,0.21099596,0.38674832,0.2021164,0.65708263,0.18463192,0.17888949,12802.20386552,12717.21895189,1444.86551718,2247.96158644,0.00010054,0.50186203
core_low,simultaneous,3.0,8.25404185268019,48.0,0.83241856,0.89591633,0.81992263,0.14075499,0.07599371,0.5036164,10734.11916563,11518.56207926,2181.11006098,5655.17629151,0.03280347,0.95137347
core_low,simultaneous,3.0,8.25404185268019,72.0,0.96228838,0.96452558,0.95368364,0.03984582,0.01084193,0.33019233,9720.76819937,10233.22540344,2146.14715255,8653.58791619,0.21293808,0.99570677
core_low,simultaneous,3.0,21.544346900318843,24.0,0.14241569,0.28764472,0.13681444,0.736287,0.15083028,0.12266473,5322.13939064,5538.85415001,696.8508123,1131.77682766,6.286e-05,0.36913809
core_low,simultaneous,3.0,21.544346900318843,48.0,0.77923582,0.85970301,0.76634646,0.18726869,0.09335655,0.49322086,4432.69543556,4776.88090288,937.44195987,2567.61856601,0.00674376,0.92386008
core_low,simultaneous,3.0,21.544346900318843,72.0,0.94928676,0.95299687,0.93913301,0.05346271,0.01386387,0.35038337,4027.32816232,4235.19128532,896.74716717,3808.45298899,0.03870242,0.99254489
core_low,simultaneous,3.0,56.23413251903491,24.0,0.04531721,0.10770557,0.043423,0.86583513,0.06428256,0.03962628,2105.17531804,2231.71323204,292.78444801,485.15919517,8.7e-06,0.14298884
core_low,simultaneous,3.0,56.23413251903491,48.0,0.590731,0.70440827,0.57596802,0.35665928,0.12844025,0.40823603,1746.56972536,1885.94792517,376.01000548,1056.00770323,0.0006562,0.8082851
core_low,simultaneous,3.0,56.23413251903491,72.0,0.89209118,0.91388993,0.87925699,0.10472413,0.03463294,0.39881067,1588.3008526,1669.84108166,355.18986373,1545.34242875,0.00353943,0.97387794
core_low,simultaneous,3.0,146.77992676220705,24.0,0.00611181,0.01615828,0.00584659,0.94602554,0.01031168,0.00538452,816.5488253,872.450511,116.55259089,194.83308467,6.9e-07,0.02184232
core_low,simultaneous,3.0,146.77992676220705,48.0,0.24283987,0.33282604,0.23377243,0.68835811,0.0990536,0.18168121,676.50511378,731.07814519,146.76074986,416.75845258,4.595e-05,0.42703245
core_low,simultaneous,3.0,146.77992676220705,72.0,0.62254143,0.67658907,0.6045265,0.35286234,0.07206257,0.34731875,615.42047131,646.95403943,137.88728635,606.36040386,0.00024108,0.81062801
core_low,simultaneous,3.0,383.1186849557293,24.0,0.00049078,0.00134444,0.00046917,0.97838328,0.00087526,0.00043336,314.34209599,336.97753107,45.3607802,76.10010331,4e-08,0.00182844
core_low,simultaneous,3.0,383.1186849557293,48.0,0.03526828,0.05375406,0.03378142,0.91697601,0.01997263,0.02734385,260.28442329,281.37532115,56.64892227,161.61734683,2.78e-06,0.0720668
core_low,simultaneous,3.0,383.1186849557293,72.0,0.16520547,0.19708179,0.15855286,0.78899263,0.03852893,0.10540547,236.81503579,248.94051104,53.10248866,234.57694897,1.45e-05,0.26039033
core_low,simultaneous,3.0,1000.0,24.0,3.178e-05,8.81e-05,3.037e-05,0.99140869,5.773e-05,2.808e-05,120.65411063,129.51811019,17.48689164,29.37698281,0.0,0.00012011
core_low,simultaneous,3.0,1000.0,48.0,0.00271984,0.00427019,0.00260211,0.9756511,0.00166808,0.00212681,99.88247534,107.99062559,21.76706001,62.21435893,1.6e-07,0.00577959
core_low,simultaneous,3.0,1000.0,72.0,0.0156561,0.01938115,0.01498762,0.95736072,0.00439353,0.01033434,90.88154496,95.53349463,20.38560221,90.21379605,8.3e-07,0.02612353
core_low,simultaneous,100.0,0.01,24.0,1.19e-06,4.03e-06,1.13e-06,0.99698491,2.9e-06,1.06e-06,113.97269691,90.892083,8.30834617,12.26167896,0.0,5.72e-06
core_low,simultaneous,100.0,0.01,48.0,0.00064723,0.00120725,0.0006149,0.98474193,0.00059235,0.00052997,137.62409598,132.91898911,20.16294501,44.44647043,0.0,0.00171504
core_low,simultaneous,100.0,0.01,72.0,0.00996617,0.01399355,0.00946863,0.96418256,0.00452492,0.00724955,140.9625753,142.83333245,26.10275344,83.09177734,0.0,0.01987376
core_low,simultaneous,100.0,0.026101572156825372,24.0,2.01e-05,6.779e-05,1.91e-05,0.99228507,4.869e-05,1.796e-05,297.32893972,237.15045499,21.68033215,31.99726596,0.0,9.632e-05
core_low,simultaneous,100.0,0.026101572156825372,48.0,0.00935665,0.01697369,0.00888927,0.95634398,0.00808442,0.00761879,358.83899483,346.62653263,52.59307138,115.94886341,0.0,0.02411128
core_low,simultaneous,100.0,0.026101572156825372,72.0,0.10908151,0.14450578,0.10364068,0.84455093,0.0408651,0.07704998,367.41276447,372.33091648,68.05948171,216.70631015,8e-08,0.20514812
core_low,simultaneous,100.0,0.06812920690579614,24.0,0.0003166,0.00104708,0.00030078,0.98069783,0.0007463,0.00028256,774.98995204,618.36787889,56.54951733,83.46540794,0.0,0.00148776
core_low,simultaneous,100.0,0.06812920690579614,48.0,0.08983633,0.147034,0.08535228,0.84767624,0.06168172,0.07156899,933.99378777,902.59230108,137.03253772,302.20833907,6e-08,0.20878514
core_low,simultaneous,100.0,0.06812920690579614,72.0,0.45132327,0.51036049,0.42897157,0.52121964,0.08138891,0.28254606,955.40051672,968.48195214,177.14352685,564.42206157,1.47e-06,0.72201206
core_low,simultaneous,100.0,0.1778279410038923,24.0,0.00412886,0.01292112,0.00392251,0.95279876,0.00899861,0.00367214,2015.26824857,1609.63886364,147.32852031,217.49372874,0.0,0.01835809
core_low,simultaneous,100.0,0.1778279410038923,48.0,0.33516311,0.44229481,0.31853146,0.60386042,0.12376335,0.24924148,2419.33418767,2340.74352827,355.96886847,785.75760781,1.09e-06,0.62599406
core_low,simultaneous,100.0,0.1778279410038923,72.0,0.68239027,0.69603766,0.65110634,0.31605393,0.04493133,0.3439356,2468.27640112,2504.16820214,458.83270585,1464.68636447,2.755e-05,0.94819292
core_low,simultaneous,100.0,0.464158883361278,24.0,0.03355182,0.089818,0.03187592,0.88583919,0.05794207,0.02952647,5205.10395262,4169.68302253,382.58513569,565.09135648,2e-08,0.12757389
core_low,simultaneous,100.0,0.464158883361278,48.0,0.54926485,0.6256495,0.52350493,0.41051812,0.10214457,0.36848587,6177.13137712,5997.54948455,916.59644555,2028.62371094,2.179e-05,0.85714791
core_low,simultaneous,100.0,0.464158883361278,72.0,0.82167164,0.8454718,0.79815355,0.1751869,0.04731825,0.36658461,6252.00476488,6359.0736678,1171.3021633,3759.87616809,0.00055945,0.98615141
core_low,simultaneous,100.0,1.2115276586285888,24.0,0.12278159,0.2548306,0.11667319,0.76620187,0.13815741,0.10550708,13139.24298274,10630.99987356,983.28773106,1454.79578256,4.2e-07,0.36102376
core_low,simultaneous,100.0,1.2115276586285888,48.0,0.69957343,0.77743144,0.67602597,0.26578248,0.10140547,0.43939829,14953.03373387,14708.30900508,2288.26286792,5111.30847258,0.00053599,0.93259374
core_low,simultaneous,100.0,1.2115276586285888,72.0,0.9270187,0.9390129,0.91377179,0.07311136,0.02524111,0.37018067,14702.62617624,15092.6821684,2834.23695142,9283.23937241,0.01401356,0.9941092
core_low,simultaneous,100.0,3.1622776601683795,24.0,0.23706322,0.40434349,0.22575479,0.63883286,0.17858871,0.19783818,29479.78844737,25109.78749975,2413.57645548,3598.08168223,1.408e-05,0.55665641
core_low,simultaneous,100.0,3.1622776601683795,48.0,0.82558754,0.88902209,0.81027967,0.14747519,0.07874243,0.4932166,28145.94269052,29120.99995086,4907.0180777,11452.83085202,0.02267854,0.95974258
core_low,simultaneous,100.0,3.1622776601683795,72.0,0.96342214,0.96854046,0.95516445,0.03718726,0.013376,0.33295019,25662.52561614,26972.27741329,5407.77416926,19250.49863557,0.33115465,0.99658581
core_low,simultaneous,100.0,8.25404185268019,24.0,0.35276058,0.557372,0.34055365,0.5130465,0.21681835,0.29130238,40137.92285061,40280.3381719,4551.93913251,7057.94536433,0.00150881,0.66917765
core_low,simultaneous,100.0,8.25404185268019,48.0,0.89229202,0.937383,0.88296492,0.0886338,0.05441808,0.4975313,32355.2892744,35068.53827092,6758.87118988,17630.13097591,0.3256934,0.97123221
core_low,simultaneous,100.0,8.25404185268019,72.0,0.98437141,0.98993818,0.9814784,0.01451417,0.00845978,0.30518944,29047.44866002,30671.23741067,6510.91690225,26675.4775958,0.81495469,0.99757508
core_low,simultaneous,100.0,21.544346900318843,24.0,0.44835295,0.65942997,0.43895976,0.42377605,0.22047021,0.36755061,40151.8534121,43075.79235193,5614.77175805,9194.34329408,0.02183629,0.72371275
core_low,simultaneous,100.0,21.544346900318843,48.0,0.91980025,0.95645099,0.91357296,0.0648712,0.04287802,0.48609853,32919.51750879,35684.63898458,7168.87645998,20086.19115064,0.54509463,0.976245
core_low,simultaneous,100.0,21.544346900318843,72.0,0.98976869,0.99397255,0.98813718,0.00916972,0.00583537,0.28397313,29813.33387677,31390.9408933,6712.59520498,29311.0388563,0.89840934,0.99799989
core_low,simultaneous,100.0,56.23413251903491,24.0,0.49220092,0.69742531,0.48426533,0.38652097,0.21315998,0.3997719,40057.69237172,43432.17540461,5929.275266,9968.21247827,0.04588298,0.74591192
core_low,simultaneous,100.0,56.23413251903491,48.0,0.92932371,0.96250343,0.92412214,0.05681093,0.03838129,0.4781799,33004.58894656,35753.50992303,7262.01803606,20893.25629866,0.61407744,0.9782274
core_low,simultaneous,100.0,56.23413251903491,72.0,0.99128631,0.99498925,0.98997076,0.00772603,0.00501849,0.27449422,29976.54224961,31532.30987878,6752.74620161,30146.95069244,0.91778884,0.9981673
core_low,simultaneous,100.0,146.77992676220705,24.0,0.46060426,0.67009434,0.45297689,0.41475771,0.21711744,0.37740346,27249.74804629,29434.33297622,4019.92938713,6781.01645301,0.02093671,0.71971221
core_low,simultaneous,100.0,146.77992676220705,48.0,0.91875227,0.95268043,0.91195013,0.06732469,0.0407303,0.48015862,22515.24266832,24365.55194786,4937.20573796,14209.43592308,0.42630044,0.97558663
core_low,simultaneous,100.0,146.77992676220705,72.0,0.98708085,0.99076086,0.98449009,0.01250303,0.00627077,0.28006696,20474.02830089,21527.1845839,4602.96807278,20521.97770933,0.81095122,0.99792565
core_low,simultaneous,100.0,383.1186849557293,24.0,0.31798633,0.52657397,0.31050126,0.54924583,0.2160727,0.26816092,10487.19728657,11280.60841159,1529.94705373,2575.29403845,0.00147898,0.59389662
core_low,simultaneous,100.0,383.1186849557293,48.0,0.87510435,0.92059429,0.86519136,0.10648217,0.05540293,0.49505021,8677.52442776,9384.44818598,1895.01053202,5431.15830128,0.06637613,0.96109055
core_low,simultaneous,100.0,383.1186849557293,72.0,0.96825188,0.96808547,0.96036043,0.0347649,0.00772504,0.30138726,7894.3504057,8298.96017444,1772.0511919,7863.799093,0.25013177,0.99652616
core_low,simultaneous,100.0,1000.0,24.0,0.14297506,0.2867954,0.13807693,0.73804351,0.14871848,0.1234269,4022.91688734,4323.69839557,585.39007805,984.67071092,8.878e-05,0.35517871
core_low,simultaneous,100.0,1000.0,48.0,0.77240575,0.85369896,0.76012981,0.19414265,0.09356915,0.4888218,3329.57015485,3600.35165951,726.48407983,2079.94575493,0.00504617,0.91575104
core_low,simultaneous,100.0,1000.0,72.0,0.94651703,0.95081951,0.93626045,0.05630317,0.01455906,0.35066586,3029.44082236,3184.5576707,679.78386086,3013.33999463,0.02413663,0.99126863
core_low,primary_first,0.1,0.01,24.0,0.0,0.0,0.0,0.99963646,0.0,0.0,30.13689183,20.55849987,1.4006676,1.85001165,0.0,1e-08
core_low,primary_first,0.1,0.01,48.0,5.47e-06,1.156e-05,5.2e-06,0.9965842,6.36e-06,4.61e-06,38.8405361,37.02492947,5.20346027,10.33469876,0.0,1.642e-05
core_low,primary_first,0.1,0.01,72.0,0.00016378,0.00024636,0.00015562,0.99242042,9.075e-05,0.00012389,39.34734616,40.01913527,7.20981035,21.17293714,0.0,0.00034968
core_low,primary_first,0.1,0.026101572156825372,24.0,2e-08,7e-08,2e-08,0.99907864,6e-08,1e-08,76.25396866,52.10130312,3.55558202,4.69782875,0.0,1.1e-07
core_low,primary_first,0.1,0.026101572156825372,48.0,8.528e-05,0.00017918,8.102e-05,0.99144466,9.816e-05,7.176e-05,98.12204724,93.55934406,13.1600669,26.15627674,0.0,0.00025442
core_low,primary_first,0.1,0.026101572156825372,72.0,0.00241465,0.00359974,0.00229434,0.97969334,0.0013054,0.00181981,99.40116663,101.09898339,18.21830042,53.53851847,0.0,0.00510876
core_low,primary_first,0.1,0.06812920690579614,24.0,2.3e-07,1.06e-06,2.2e-07,0.99776771,8.4e-07,2.1e-07,183.80551037,126.11483712,8.64403782,11.43115893,0.0,1.51e-06
core_low,primary_first,0.1,0.06812920690579614,48.0,0.00109434,0.00226509,0.00103975,0.97937623,0.00122534,0.00091866,235.52984313,224.73532472,31.68365004,63.0925398,0.0,0.00321593
core_low,primary_first,0.1,0.06812920690579614,72.0,0.02665152,0.03865526,0.02532475,0.93609004,0.01333051,0.01986515,238.57798918,242.66144987,43.75763593,128.83086443,4e-08,0.05483952
core_low,primary_first,0.1,0.1778279410038923,24.0,2.48e-06,1.119e-05,2.36e-06,0.99512964,8.83e-06,2.26e-06,394.41558134,273.48038397,18.95235932,25.12044685,0.0,1.59e-05
core_low,primary_first,0.1,0.1778279410038923,48.0,0.0091014,0.01818655,0.00864763,0.95275529,0.00953892,0.00759764,500.16415169,478.13140969,67.79900944,135.65923065,1e-08,0.02581524
core_low,primary_first,0.1,0.1778279410038923,72.0,0.150818,0.20249408,0.14333341,0.79706709,0.05916067,0.10864258,506.30940045,515.08029765,93.05765215,275.30197292,4.2e-07,0.28687027
core_low,primary_first,0.1,0.464158883361278,24.0,1.455e-05,6.427e-05,1.382e-05,0.99135481,5.046e-05,1.323e-05,670.79207697,474.7456835,33.65773158,44.83208895,0.0,9.13e-05
core_low,primary_first,0.1,0.464158883361278,48.0,0.0355308,0.06684413,0.03376121,0.90809536,0.03308291,0.02936206,833.30494653,800.17515563,114.8073214,231.94454214,7e-08,0.09483565
core_low,primary_first,0.1,0.464158883361278,72.0,0.33873276,0.4120454,0.32208835,0.61665429,0.08995704,0.22991337,839.71137682,855.43820246,155.38267707,464.56512804,2.42e-06,0.58097389
core_low,primary_first,0.1,1.2115276586285888,24.0,3.571e-05,0.00015404,3.393e-05,0.98852854,0.00012011,3.245e-05,834.80783992,605.36623772,44.15893591,59.21615769,0.0,0.00021881
core_low,primary_first,0.1,1.2115276586285888,48.0,0.06026338,0.10815337,0.05727034,0.87547843,0.05088303,0.04935841,986.00137863,960.58427462,141.0933965,289.30988759,2e-07,0.15324343
core_low,primary_first,0.1,1.2115276586285888,72.0,0.42201046,0.49252388,0.40177789,0.53910676,0.090746,0.27607721,968.49105715,994.27951349,184.10147828,563.56534335,8.39e-06,0.68641593
core_low,primary_first,0.1,3.1622776601683795,24.0,3.594e-05,0.00015141,3.415e-05,0.98853104,0.00011726,3.262e-05,729.27671419,559.01321369,42.67979397,57.73400008,0.0,0.00021491
core_low,primary_first,0.1,3.1622776601683795,48.0,0.04747027,0.08469178,0.04516036,0.89118838,0.03953142,0.0388051,736.12724434,748.04949732,117.63940623,250.38584609,7.6e-07,0.11896212
core_low,primary_first,0.1,3.1622776601683795,72.0,0.35709987,0.43002404,0.34126266,0.59469137,0.08876138,0.2384104,685.36548714,714.83409768,139.09770277,454.27203975,2.379e-05,0.5814936
core_low,primary_first,0.1,8.25404185268019,24.0,9.57e-06,3.928e-05,9.11e-06,0.99232945,3.016e-05,8.69e-06,386.98890682,320.99452198,26.44852305,36.34518844,0.0,5.497e-05
core_low,primary_first,0.1,8.25404185268019,48.0,0.01138802,0.0209655,0.01087033,0.94742191,0.01009517,0.0093736,354.16129816,368.87241264,61.57451189,136.85982025,6.1e-07,0.02878266
core_low,primary_first,0.1,8.25404185268019,72.0,0.12314636,0.16076514,0.11786988,0.82407991,0.04289526,0.08663186,325.37212994,340.68858107,68.13849401,235.25173514,8.73e-06,0.21625652
core_low,primary_first,0.1,21.544346900318843,24.0,1.13e-06,4.58e-06,1.08e-06,0.99621495,3.51e-06,1.03e-06,168.06389788,145.33100124,12.46964856,17.28368134,0.0,6.36e-06
core_low,primary_first,0.1,21.544346900318843,48.0,0.00129159,0.00240243,0.00123394,0.97834751,0.00116849,0.00106528,147.06666515,155.02681474,26.69420745,60.7297353,8e-08,0.00328175
core_low,primary_first,0.1,21.544346900318843,72.0,0.016182,0.0218784,0.01547884,0.95218284,0.00639956,0.01158776,134.4305916,140.9755832,28.58472528,101.66971768,9e-07,0.02963466
core_low,primary_first,0.1,56.23413251903491,24.0,1e-07,3.9e-07,9e-08,0.99832255,3e-07,9e-08,67.68145901,60.3417133,5.35043421,7.46940318,0.0,5.4e-07
core_low,primary_first,0.1,56.23413251903491,48.0,0.00010313,0.0001915,9.859e-05,0.99110783,9.291e-05,8.504e-05,58.04231987,61.54557498,10.80476798,24.99325267,1e-08,0.00026058
core_low,primary_first,0.1,56.23413251903491,72.0,0.00130511,0.0017735,0.00124845,0.98461498,0.00052505,0.00093644,52.97695154,55.58633512,11.35459223,41.17299318,7e-08,0.00240325
core_low,primary_first,0.1,146.77992676220705,24.0,1e-08,3e-08,1e-08,0.99931216,2e-08,1e-08,26.43953292,23.93040604,2.15856369,3.02481583,0.0,4e-08
core_low,primary_first,0.1,146.77992676220705,48.0,6.78e-06,1.256e-05,6.48e-06,0.99644859,6.08e-06,5.59e-06,22.4904387,23.90895639,4.23638006,9.88160233,0.0,1.705e-05
core_low,primary_first,0.1,146.77992676220705,72.0,8.526e-05,0.00011589,8.157e-05,0.99422227,3.433e-05,6.117e-05,20.51703408,21.53220052,4.41332968,16.15502241,0.0,0.00015701
core_low,primary_first,0.1,383.1186849557293,24.0,0.0,0.0,0.0,0.99972785,0.0,0.0,10.21496804,9.31678751,0.84769551,1.19001064,0.0,0.0
core_low,primary_first,0.1,383.1186849557293,48.0,4.1e-07,7.6e-07,3.9e-07,0.99861024,3.7e-07,3.4e-07,8.65488442,9.21253925,1.64003024,3.84162755,0.0,1.03e-06
core_low,primary_first,0.1,383.1186849557293,72.0,5.12e-06,6.95e-06,4.89e-06,0.99776674,2.06e-06,3.67e-06,7.89327337,8.28479824,1.70102765,6.25657348,0.0,9.42e-06
core_low,primary_first,0.1,1000.0,24.0,0.0,0.0,0.0,0.99989413,0.0,0.0,3.92824064,3.59690117,0.32867247,0.46176762,0.0,0.0
core_low,primary_first,0.1,1000.0,48.0,2e-08,4e-08,2e-08,0.99946221,2e-08,2e-08,3.32166132,3.53797933,0.6313403,1.48197182,0.0,6e-08
core_low,primary_first,0.1,1000.0,72.0,3e-07,4e-07,2.8e-07,0.99913843,1.2e-07,2.1e-07,3.02891314,3.17935592,0.6533599,2.40895577,0.0,5.4e-07
core_low,primary_first,3.0,0.01,24.0,3.7e-07,1.49e-06,3.5e-07,0.99765782,1.13e-06,3.4e-07,112.74671024,90.20785854,7.58374651,10.55801088,0.0,2.11e-06
core_low,primary_first,3.0,0.01,48.0,0.00049327,0.00094814,0.00046864,0.98568794,0.0004795,0.00040747,130.55621127,127.30333727,19.43902223,41.90384669,0.0,0.00134662
core_low,primary_first,3.0,0.01,72.0,0.00846342,0.01196049,0.00804121,0.96669222,0.00391928,0.00619199,131.94566271,134.25231688,24.77388211,78.5166353,1e-08,0.01698204
core_low,primary_first,3.0,0.026101572156825372,24.0,6.31e-06,2.508e-05,5.99e-06,0.99400301,1.909e-05,5.71e-06,293.98177863,235.19957594,19.76593242,27.51359373,0.0,3.563e-05
core_low,primary_first,3.0,0.026101572156825372,48.0,0.00719835,0.01349047,0.00683907,0.96006935,0.0066514,0.00591881,340.24873984,331.8205083,50.67482974,109.23257876,0.0,0.01915789
core_low,primary_first,3.0,0.026101572156825372,72.0,0.09538093,0.12780696,0.09062832,0.85840965,0.03717865,0.06800857,343.75031686,349.79822956,64.56266474,204.64544176,1e-07,0.18137421
core_low,primary_first,3.0,0.06812920690579614,24.0,9.952e-05,0.00038989,9.455e-05,0.98504185,0.00029534,8.995e-05,765.2359438,612.13395932,51.39334274,71.50843276,0.0,0.00055385
core_low,primary_first,3.0,0.06812920690579614,48.0,0.07189577,0.12276308,0.06831175,0.86583917,0.05445134,0.05807909,884.48812362,862.92007292,131.82721853,284.12770306,9e-08,0.17423606
core_low,primary_first,3.0,0.06812920690579614,72.0,0.42386148,0.48733392,0.40293205,0.54428731,0.08440187,0.27150511,892.76049368,908.7352058,167.82083668,532.11869989,1.9e-06,0.68862268
core_low,primary_first,3.0,0.1778279410038923,24.0,0.00131094,0.00494171,0.00124548,0.96445133,0.00369623,0.00118279,1982.58902433,1585.2694458,132.74779195,184.50067059,0.0,0.00701886
core_low,primary_first,3.0,0.1778279410038923,48.0,0.29120879,0.4038618,0.2768195,0.64007012,0.1270423,0.22239487,2283.14948504,2229.91210165,340.97645306,734.67947843,1.65e-06,0.57052239
core_low,primary_first,3.0,0.1778279410038923,72.0,0.67211118,0.69345132,0.64188021,0.32234812,0.05157111,0.35420399,2298.56554973,2341.61037749,433.11358932,1374.55225816,3.528e-05,0.93775541
core_low,primary_first,3.0,0.464158883361278,24.0,0.01125532,0.03833263,0.01069396,0.92133884,0.02763867,0.01010676,5064.93501754,4044.72989617,336.18803037,465.83556993,2e-08,0.05441449
core_low,primary_first,3.0,0.464158883361278,48.0,0.50635156,0.6034984,0.48317143,0.44051514,0.12032697,0.35648316,5768.92117108,5653.07060841,866.84522057,1866.22513609,3.217e-05,0.81815349
core_low,primary_first,3.0,0.464158883361278,72.0,0.82409849,0.85224983,0.80198256,0.17072053,0.05026727,0.38936184,5762.38348984,5884.97709816,1093.70449484,3480.92516457,0.00070505,0.98206047
core_low,primary_first,3.0,1.2115276586285888,24.0,0.04373347,0.12576606,0.04156496,0.85324141,0.0842011,0.03891924,12268.53898184,9747.22648462,791.36775622,1087.15292288,3.7e-07,0.17796025
core_low,primary_first,3.0,1.2115276586285888,48.0,0.6588552,0.7608837,0.6379485,0.29271276,0.1229352,0.44479396,13420.74838189,13314.13584855,2063.380151,4434.18081807,0.00071561,0.90123093
core_low,primary_first,3.0,1.2115276586285888,72.0,0.92414493,0.93851959,0.91141227,0.07460636,0.02710733,0.39503278,13030.86044472,13427.70137438,2539.64797166,8173.53285652,0.01645683,0.9912843
core_low,primary_first,3.0,3.1622776601683795,24.0,0.06742069,0.17884892,0.06414113,0.81130328,0.11470778,0.05973248,20686.06422289,16209.12538047,1259.56386359,1708.88598348,2.66e-06,0.25019515
core_low,primary_first,3.0,3.1622776601683795,48.0,0.74547388,0.84452657,0.73054566,0.20798896,0.1139809,0.49807792,19906.25424106,20496.39830815,3297.74052001,7112.67316572,0.01306573,0.92075171
core_low,primary_first,3.0,3.1622776601683795,72.0,0.95165883,0.9604446,0.94255174,0.04740648,0.01789285,0.37795944,18137.6572593,19055.14853397,3776.18978291,12615.98325091,0.22546716,0.99316853
core_low,primary_first,3.0,8.25404185268019,24.0,0.0433449,0.12778168,0.04143466,0.84344894,0.08634701,0.03883469,11861.93231715,9916.2919419,820.67246157,1128.28220337,1.1e-05,0.17160555
core_low,primary_first,3.0,8.25404185268019,48.0,0.72771997,0.83651602,0.71555171,0.2207088,0.12096431,0.49882447,10666.46072268,11161.79982315,1879.39371428,4196.91693481,0.01364328,0.89807628
core_low,primary_first,3.0,8.25404185268019,72.0,0.94760899,0.95609021,0.93831451,0.05181739,0.01777569,0.38483738,9756.63407804,10230.26389332,2057.34146328,7160.7231656,0.13887217,0.99086052
core_low,primary_first,3.0,21.544346900318843,24.0,0.01203792,0.04140046,0.01150383,0.91081225,0.02989662,0.01087543,5063.05801108,4391.28182647,377.90878426,524.15027661,2.27e-06,0.05614536
core_low,primary_first,3.0,21.544346900318843,48.0,0.59083601,0.73075604,0.57779329,0.34056894,0.15296275,0.43058885,4417.40593734,4660.35407254,804.23316161,1832.73545599,0.00184646,0.81545118
core_low,primary_first,3.0,21.544346900318843,72.0,0.91629373,0.93574365,0.9052981,0.07979242,0.03044555,0.42208919,4035.89178717,4233.09252479,859.19595589,3062.58295023,0.01920078,0.98097214
core_low,primary_first,3.0,56.23413251903491,24.0,0.00173129,0.00651454,0.00165447,0.95631886,0.00486007,0.00157085,2032.02615735,1813.19017856,160.93991394,224.73786372,2.7e-07,0.00886721
core_low,primary_first,3.0,56.23413251903491,48.0,0.33212681,0.46992589,0.3213111,0.58383609,0.1486148,0.25750679,1741.66718293,1847.10279723,324.45298272,750.89411738,0.00016671,0.57485457
core_low,primary_first,3.0,56.23413251903491,72.0,0.79698343,0.84972746,0.7822377,0.18543591,0.06748976,0.43846531,1589.54734522,1667.88824618,340.7767231,1236.41238397,0.00164622,0.9311041
core_low,primary_first,3.0,146.77992676220705,24.0,0.00015211,0.00059367,0.00014538,0.98074665,0.00044829,0.00013827,793.33529309,718.2334378,64.80850177,90.825396,2e-08,0.00080859
core_low,primary_first,3.0,146.77992676220705,48.0,0.08106324,0.13507074,0.07779219,0.84849769,0.05727855,0.0655173,674.74328106,717.33465564,127.12449094,296.57377032,1.154e-05,0.17808573
core_low,primary_first,3.0,146.77992676220705,72.0,0.43388193,0.50980378,0.41926686,0.52023591,0.09053692,0.28060996,615.52646357,645.98701061,132.4129897,484.78656098,0.00011056,0.63524332
core_low,primary_first,3.0,383.1186849557293,24.0,1.045e-05,4.138e-05,9.99e-06,0.99207451,3.139e-05,9.51e-06,306.4679096,279.54827236,25.43834389,35.71214128,0.0,5.634e-05
core_low,primary_first,3.0,383.1186849557293,48.0,0.00825861,0.01482032,0.00790726,0.95527283,0.00691306,0.00676801,259.64935453,276.38390796,49.20539603,115.26655858,7.1e-07,0.01994068
core_low,primary_first,3.0,383.1186849557293,72.0,0.08020926,0.10437937,0.0769119,0.87218461,0.02746747,0.05608993,236.79920332,248.54564023,51.03242691,187.71598292,6.67e-06,0.13887396
core_low,primary_first,3.0,1000.0,24.0,6.4e-07,2.55e-06,6.1e-07,0.9968616,1.94e-06,5.8e-07,117.84983841,107.91391044,9.86136304,13.8549134,0.0,3.48e-06
core_low,primary_first,3.0,1000.0,48.0,0.00057493,0.00105198,0.00055014,0.98404732,0.00050184,0.00047283,99.65017121,106.14046369,18.94089151,44.46191937,4e-08,0.00142246
core_low,primary_first,3.0,1000.0,72.0,0.00662007,0.00888563,0.00633772,0.96981481,0.00254791,0.00471299,90.86746817,95.380851,19.60102652,72.27157207,3.9e-07,0.01197476
core_low,primary_first,100.0,0.01,24.0,6.5e-07,2.51e-06,6.2e-07,0.99726407,1.89e-06,5.9e-07,119.92453252,97.16433269,8.47066473,11.97250482,0.0,3.57e-06
core_low,primary_first,100.0,0.01,48.0,0.00065609,0.00124381,0.00062333,0.98438343,0.00062048,0.00054011,139.08484156,135.59958865,20.82893957,45.43453071,0.0,0.00176667
core_low,primary_first,100.0,0.01,72.0,0.01052665,0.01477483,0.01000139,0.96314019,0.00477344,0.00766758,140.91242968,143.25979049,26.44013501,84.46357249,1e-08,0.02097981
core_low,primary_first,100.0,0.026101572156825372,24.0,1.11e-05,4.231e-05,1.054e-05,0.99299922,3.177e-05,1.001e-05,312.82919018,253.49167697,22.10115931,31.23842009,0.0,6.011e-05
core_low,primary_first,100.0,0.026101572156825372,48.0,0.00941992,0.01735903,0.00894966,0.95551269,0.00840937,0.00771309,362.62669513,353.5940513,54.3259756,118.51497092,1e-08,0.02465328
core_low,primary_first,100.0,0.026101572156825372,72.0,0.11355715,0.15020419,0.10789757,0.83969481,0.04230662,0.08029315,367.27012378,373.42747797,68.93549444,220.26762335,1.1e-07,0.21317538
core_low,primary_first,100.0,0.06812920690579614,24.0,0.00017513,0.00065561,0.00016638,0.982535,0.00048923,0.00015784,815.20787692,660.81093466,57.62848207,81.45692645,0.0,0.00093135
core_low,primary_first,100.0,0.06812920690579614,48.0,0.08894031,0.14764351,0.08450595,0.84710709,0.06313756,0.07131488,943.70686496,920.57634533,141.51809113,308.81751857,1e-07,0.20955754
core_low,primary_first,100.0,0.06812920690579614,72.0,0.45673404,0.51587482,0.43418985,0.51574799,0.08168497,0.28645178,954.94676641,971.22949047,179.3981918,573.58458683,2.07e-06,0.72877322
core_low,primary_first,100.0,0.1778279410038923,24.0,0.00230529,0.0082128,0.00219017,0.95812227,0.00602263,0.00207248,2118.55754518,1718.95144448,150.00926957,212.05799884,0.0,0.01166518
core_low,primary_first,100.0,0.1778279410038923,48.0,0.32615749,0.43720266,0.31005174,0.60907428,0.12715092,0.24532421,2443.45724311,2386.25465069,367.41239537,802.38617821,1.89e-06,0.61734826
core_low,primary_first,100.0,0.1778279410038923,72.0,0.68637587,0.70335371,0.65575927,0.31037748,0.04759443,0.35120446,2466.5124137,2510.52499128,464.49229078,1487.66558707,3.863e-05,0.9475941
core_low,primary_first,100.0,0.464158883361278,24.0,0.0195859,0.0608803,0.01860919,0.90384663,0.04227111,0.01748021,5462.2558293,4444.27565995,388.60344621,549.50978258,4e-08,0.08641371
core_low,primary_first,100.0,0.464158883361278,48.0,0.53749243,0.62614209,0.51314823,0.41510089,0.11299386,0.36997832,6230.82857035,6105.62517544,944.50764405,2067.45350316,3.794e-05,0.84419425
core_low,primary_first,100.0,0.464158883361278,72.0,0.83485102,0.86083818,0.81323543,0.16113224,0.04760275,0.3834492,6243.02976553,6369.52191361,1184.38538378,3812.91974579,0.00078248,0.9849351
core_low,primary_first,100.0,1.2115276586285888,24.0,0.07804375,0.19182973,0.0741886,0.80792074,0.11764113,0.06855167,13705.65184988,11259.90072257,991.19262191,1403.0745415,8.9e-07,0.27082653
core_low,primary_first,100.0,1.2115276586285888,48.0,0.69725535,0.78881407,0.67646132,0.26133375,0.11235274,0.45633539,15014.8583529,14899.29805514,2344.6804408,5174.83201028,0.00093913,0.92047861
core_low,primary_first,100.0,1.2115276586285888,72.0,0.93175525,0.94273013,0.91941083,0.06837527,0.0233193,0.38018368,14645.68055753,15070.53600345,2854.3279367,9364.14564751,0.01931834,0.99305242
core_low,primary_first,100.0,3.1622776601683795,24.0,0.16130004,0.33054196,0.15404719,0.69838413,0.17649477,0.13950384,29899.61416776,25837.71905007,2354.70853887,3351.54240593,3.453e-05,0.44293076
core_low,primary_first,100.0,3.1622776601683795,48.0,0.81732678,0.88893446,0.80420252,0.15059257,0.08473193,0.50973478,27902.12896878,29003.74236482,4913.35760349,11271.84010353,0.03788288,0.94818083
core_low,primary_first,100.0,3.1622776601683795,72.0,0.96459784,0.97092944,0.95714842,0.03523047,0.01378103,0.34595239,25446.35949337,26739.86669451,5376.62450823,19011.98213613,0.39439234,0.99560235
core_low,primary_first,100.0,8.25404185268019,24.0,0.23918753,0.46078214,0.23321892,0.60096811,0.22756322,0.20887521,39210.33044862,38242.07721713,3864.50316809,5610.55557652,0.00306366,0.52195738
core_low,primary_first,100.0,8.25404185268019,48.0,0.87217931,0.93033219,0.86460384,0.10139047,0.06572835,0.51853629,32027.92240801,34530.63538195,6447.53387243,15882.10411612,0.3724608,0.95722421
core_low,primary_first,100.0,8.25404185268019,72.0,0.9830559,0.98987644,0.98054901,0.0150522,0.00932743,0.32620361,28897.33625121,30455.75406741,6386.39838449,24831.73345407,0.83330968,0.99638896
core_low,primary_first,100.0,21.544346900318843,24.0,0.2511591,0.47898158,0.24619258,0.58714253,0.232789,0.22012448,39839.70964346,39208.51976001,4032.7817971,5882.03274177,0.00623819,0.52582364
core_low,primary_first,100.0,21.544346900318843,48.0,0.87763811,0.93458805,0.87090022,0.09639678,0.06368783,0.51849819,32801.64144964,35306.4573738,6608.60302522,16377.61120807,0.42707734,0.95765451
core_low,primary_first,100.0,21.544346900318843,72.0,0.98433573,0.99090946,0.982169,0.01373144,0.00874046,0.32308653,29760.86778346,31303.66230563,6549.0482276,25551.12209279,0.8559213,0.99642738
core_low,primary_first,100.0,56.23413251903491,24.0,0.24390434,0.46976595,0.23873452,0.59440303,0.23103143,0.21382345,39942.02713275,39064.78936637,3974.59893969,5775.12331157,0.00501924,0.52012185
core_low,primary_first,100.0,56.23413251903491,48.0,0.87509095,0.93279652,0.86809175,0.09858759,0.06470478,0.51896461,32964.50525073,35442.79415167,6604.82448876,16282.98583096,0.40652722,0.95708777
core_low,primary_first,100.0,56.23413251903491,72.0,0.98380355,0.99049993,0.98151221,0.01426185,0.00898772,0.32472482,29959.2810845,31492.35605695,6573.8252502,25502.49178299,0.84726237,0.99637963
core_low,primary_first,100.0,146.77992676220705,24.0,0.14972353,0.3391845,0.14557772,0.69410104,0.19360678,0.1332625,26678.67818039,24541.85274178,2260.72278331,3185.73911165,0.00079365,0.39439798
core_low,primary_first,100.0,146.77992676220705,48.0,0.8362043,0.90702455,0.82736345,0.13073733,0.0796611,0.52287115,22475.97997038,23968.00470069,4292.9724327,10116.00195993,0.18159664,0.94227976
core_low,primary_first,100.0,146.77992676220705,72.0,0.97374782,0.98125545,0.96916196,0.02476389,0.01209349,0.34500523,20477.87627484,21501.41433654,4426.07196475,16389.32804629,0.64028211,0.9950699
core_low,primary_first,100.0,383.1186849557293,24.0,0.05531082,0.15697638,0.05333782,0.82243873,0.10363856,0.04981332,10240.07426219,9377.17285122,857.85980265,1206.06905975,4.969e-05,0.19693899
core_low,primary_first,100.0,383.1186849557293,48.0,0.74986529,0.85131934,0.73925242,0.20261832,0.11206691,0.50661565,8657.96769896,9222.31898383,1646.04647246,3865.57340738,0.01943795,0.90230329
core_low,primary_first,100.0,383.1186849557293,72.0,0.95058824,0.95737386,0.9415697,0.04960991,0.01580416,0.37531537,7893.91562571,8286.35080688,1703.06466951,6281.73467901,0.13767083,0.99112201
core_low,primary_first,100.0,1000.0,24.0,0.01020023,0.03520238,0.00978209,0.91633284,0.02542029,0.00924563,3931.5479654,3605.31437605,330.12858046,464.07716991,2.95e-06,0.04659612
core_low,primary_first,100.0,1000.0,48.0,0.56190144,0.70494491,0.54966957,0.36748888,0.15527534,0.4131296,3322.05304888,3539.2795912,632.17704201,1485.35978483,0.00135526,0.78776886
core_low,primary_first,100.0,1000.0,72.0,0.90636738,0.92919675,0.89519263,0.08863508,0.03400412,0.42645559,3028.99038426,3179.5527402,653.63853463,2412.50290048,0.01170029,0.97644278
core_low,secondary_first,0.1,0.01,24.0,0.0,0.0,0.0,0.99975846,0.0,0.0,26.91500447,16.90258567,1.03290532,1.32829985,0.0,0.0
core_low,secondary_first,0.1,0.01,48.0,3.12e-06,6.89e-06,2.96e-06,0.99706225,3.93e-06,2.65e-06,38.1189805,35.58212838,4.76273752,9.09554623,0.0,9.79e-06
core_low,secondary_first,0.1,0.01,72.0,0.00012186,0.00018832,0.00011578,0.99295158,7.253e-05,9.334e-05,39.55992643,39.9417322,7.02267969,19.75030919,0.0,0.00026736
core_low,secondary_first,0.1,0.026101572156825372,24.0,0.0,2e-08,0.0,0.99938429,2e-08,0.0,68.20594414,42.94612264,2.63203062,3.38675431,0.0,3e-08
core_low,secondary_first,0.1,0.026101572156825372,48.0,4.921e-05,0.00010809,4.675e-05,0.99263273,6.134e-05,4.174e-05,96.31323924,89.94950194,12.05681599,23.05058777,0.0,0.00015351
core_low,secondary_first,0.1,0.026101572156825372,72.0,0.00181453,0.00277906,0.00172405,0.98139359,0.00105501,0.00138523,99.92398498,100.89781023,17.74918471,49.97259089,0.0,0.00394516
core_low,secondary_first,0.1,0.06812920690579614,24.0,6e-08,3e-07,6e-08,0.99848672,2.5e-07,6e-08,165.0492652,104.63113311,6.4604579,8.32562063,0.0,4.3e-07
core_low,secondary_first,0.1,0.06812920690579614,48.0,0.00064968,0.00140596,0.00061725,0.98230513,0.00078871,0.00054987,231.28183964,216.2929707,29.09801534,55.78943384,0.0,0.00199676
core_low,secondary_first,0.1,0.06812920690579614,72.0,0.02058636,0.03070368,0.01956043,0.94378582,0.01114325,0.01556162,239.7488247,242.1486206,42.65496593,120.44495688,2e-08,0.04357565
core_low,secondary_first,0.1,0.1778279410038923,24.0,7.3e-07,3.56e-06,6.9e-07,0.9965889,2.87e-06,6.7e-07,357.55416828,230.44798081,14.49063659,18.74424529,0.0,5.06e-06
core_low,secondary_first,0.1,0.1778279410038923,48.0,0.00575957,0.01204231,0.00547211,0.96014626,0.0065702,0.00484961,491.76437347,461.4818222,62.64740966,120.9634538,0.0,0.01710051
core_low,secondary_first,0.1,0.1778279410038923,72.0,0.12461537,0.17249222,0.11841841,0.82255713,0.05407381,0.09141511,508.43850302,513.93620276,90.85840134,258.45374332,2.5e-07,0.24456751
core_low,secondary_first,0.1,0.464158883361278,24.0,5.29e-06,2.505e-05,5.03e-06,0.99355165,2.002e-05,4.83e-06,620.7883367,413.26827736,26.96784846,35.16155735,0.0,3.559e-05
core_low,secondary_first,0.1,0.464158883361278,48.0,0.02518226,0.04952874,0.02392619,0.92234149,0.02560254,0.02099922,823.04354663,778.43860087,107.64879949,210.85650135,3e-08,0.07031187
core_low,secondary_first,0.1,0.464158883361278,72.0,0.30393547,0.37931539,0.28892394,0.64785853,0.09039145,0.21086602,843.0075651,854.56104331,152.48586845,440.8037827,1.51e-06,0.53602317
core_low,secondary_first,0.1,1.2115276586285888,24.0,1.805e-05,8.201e-05,1.715e-05,0.99057828,6.486e-05,1.644e-05,804.30877118,557.79329684,38.24606497,50.44338322,0.0,0.00011652
core_low,secondary_first,0.1,1.2115276586285888,48.0,0.04954666,0.09185458,0.04707941,0.88835767,0.04477517,0.04087806,989.10445521,954.90614449,136.68545333,273.81127678,1e-07,0.13029509
core_low,secondary_first,0.1,1.2115276586285888,72.0,0.40103361,0.47410993,0.38157968,0.55801633,0.09253024,0.26641049,976.25929041,1000.90252051,183.52571153,548.68475803,5.59e-06,0.6641269
core_low,secondary_first,0.1,3.1622776601683795,24.0,2.928e-05,0.00012789,2.781e-05,0.98917676,0.00010007,2.662e-05,771.32521641,575.54486421,42.06182559,56.20353374,0.0,0.00018167
core_low,secondary_first,0.1,3.1622776601683795,48.0,0.04993127,0.08950985,0.04747111,0.88835594,0.04203874,0.04088181,761.69726288,779.35016084,122.32166992,257.4953693,4.2e-07,0.12635624
core_low,secondary_first,0.1,3.1622776601683795,72.0,0.37049392,0.44258754,0.35360929,0.5834301,0.08897825,0.24607844,695.645063,730.09613007,143.45614893,467.78087984,1.897e-05,0.60407528
core_low,secondary_first,0.1,8.25404185268019,24.0,2.108e-05,8.587e-05,2.003e-05,0.99046492,6.584e-05,1.91e-05,442.2807317,389.54343326,33.08336754,45.49801463,0.0,0.00012162
core_low,secondary_first,0.1,8.25404185268019,48.0,0.01936868,0.03435133,0.01845682,0.93419439,0.01589451,0.01579208,368.62548666,393.68172247,69.22675448,158.49260107,6.5e-07,0.04767948
core_low,secondary_first,0.1,8.25404185268019,72.0,0.16711566,0.21087631,0.15979908,0.78109803,0.05107722,0.11461694,330.12490291,348.73026222,72.01017848,261.00000024,1.03e-05,0.28528089
core_low,secondary_first,0.1,21.544346900318843,24.0,4.77e-06,1.819e-05,4.54e-06,0.99425507,1.365e-05,4.31e-06,189.69813893,182.30056093,17.54770222,24.96487166,0.0,2.543e-05
core_low,secondary_first,0.1,21.544346900318843,48.0,0.00287933,0.0050779,0.00274903,0.97214953,0.00232887,0.00234269,152.91680942,165.43771707,30.68513318,74.23325682,1.4e-07,0.00696379
core_low,secondary_first,0.1,21.544346900318843,72.0,0.0269787,0.03511404,0.02579884,0.93831238,0.00931519,0.01879147,136.57947323,144.4259198,30.40385141,116.89493317,1.38e-06,0.04764091
core_low,secondary_first,0.1,56.23413251903491,24.0,5.4e-07,1.98e-06,5.1e-07,0.99725518,1.46e-06,4.8e-07,75.70749752,75.84382086,7.79308247,11.31766333,0.0,2.72e-06
core_low,secondary_first,0.1,56.23413251903491,48.0,0.00025764,0.00045064,0.00024624,0.98859082,0.0002044,0.00020918,60.34038145,65.62024614,12.50044847,31.1807486,1e-08,0.00061417
core_low,secondary_first,0.1,56.23413251903491,72.0,0.00237363,0.00309814,0.00227025,0.98155439,0.00082788,0.00165328,53.8841923,56.99119095,12.10517728,48.0421108,1.1e-07,0.00420186
core_low,secondary_first,0.1,146.77992676220705,24.0,5e-08,1.7e-07,5e-08,0.99878519,1.3e-07,4e-08,29.49289427,30.43802542,3.28310483,4.84152561,0.0,2.4e-07
core_low,secondary_first,0.1,146.77992676220705,48.0,1.915e-05,3.313e-05,1.831e-05,0.99533438,1.482e-05,1.55e-05,23.38375252,25.51134462,4.95422364,12.64679642,0.0,4.497e-05
core_low,secondary_first,0.1,146.77992676220705,72.0,0.00016806,0.00021832,0.00016078,0.99319435,5.754e-05,0.00011654,20.87948917,22.08707857,4.72113539,19.18788283,1e-08,0.00029571
core_low,secondary_first,0.1,383.1186849557293,24.0,0.0,2e-08,0.0,0.99944467,1e-08,0.0,11.42469908,12.29374558,1.41730542,2.13226319,0.0,2e-08
core_low,secondary_first,0.1,383.1186849557293,48.0,1.47e-06,2.49e-06,1.41e-06,0.99805912,1.09e-06,1.18e-06,9.00272303,9.86505469,1.96947708,5.19552109,0.0,3.36e-06
core_low,secondary_first,0.1,383.1186849557293,72.0,1.171e-05,1.505e-05,1.121e-05,0.99730145,3.84e-06,8.04e-06,8.03474948,8.50260681,1.83440068,7.71730231,0.0,2.03e-05
core_low,secondary_first,0.1,1000.0,24.0,0.0,0.0,0.0,0.99971587,0.0,0.0,4.44180937,5.17693189,0.66822272,1.03676175,0.0,0.0
core_low,secondary_first,0.1,1000.0,48.0,1.4e-07,2.3e-07,1.3e-07,0.99914272,9e-08,1.1e-07,3.45946979,3.82449161,0.80631102,2.25949482,0.0,3e-07
core_low,secondary_first,0.1,1000.0,72.0,9.3e-07,1.17e-06,8.9e-07,0.99888321,2.8e-07,6.3e-07,3.0838229,3.2661667,0.71821814,3.23120201,0.0,1.56e-06
core_low,secondary_first,3.0,0.01,24.0,5e-08,2.2e-07,5e-08,0.99871738,1.7e-07,4e-08,96.1351495,67.58082199,4.79662872,6.39431818,0.0,3.1e-07
core_low,secondary_first,3.0,0.01,48.0,0.00019427,0.00040214,0.00018457,0.98896126,0.00021757,0.00016298,126.58804775,119.59769786,16.81504748,33.71196059,0.0,0.00057129
core_low,secondary_first,3.0,0.01,72.0,0.00511246,0.00757635,0.00485723,0.97246131,0.00271912,0.00383963,132.22046123,133.17528728,23.64735298,69.25663242,0.0,0.01076006
core_low,secondary_first,3.0,0.026101572156825372,24.0,8.4e-07,3.73e-06,8e-07,0.99668944,2.93e-06,7.6e-07,250.74479918,176.28827887,12.51284296,16.68061798,0.0,5.3e-06
core_low,secondary_first,3.0,0.026101572156825372,48.0,0.00297241,0.00603002,0.00282392,0.97069268,0.0032061,0.00248569,329.96994193,311.80461665,43.84865572,87.91907212,0.0,0.008566
core_low,secondary_first,3.0,0.026101572156825372,72.0,0.06223597,0.08804407,0.05913094,0.89247986,0.02891313,0.04587287,344.502377,347.03762507,61.63819601,180.5643549,4e-08,0.12500626
core_low,secondary_first,3.0,0.06812920690579614,24.0,1.395e-05,6.154e-05,1.326e-05,0.99159611,4.829e-05,1.269e-05,653.22077467,459.39268314,32.61133045,43.47296336,0.0,8.744e-05
core_low,secondary_first,3.0,0.06812920690579614,48.0,0.03461234,0.06546076,0.03288401,0.91014916,0.03257675,0.02862623,858.20294447,811.34604356,114.16723656,228.9688618,2e-08,0.09297167
core_low,secondary_first,3.0,0.06812920690579614,72.0,0.3395021,0.41338229,0.32263868,0.61778669,0.09074361,0.23085971,894.96436709,901.87987525,160.29763499,469.87682459,7.9e-07,0.58565895
core_low,secondary_first,3.0,0.1778279410038923,24.0,0.000211,0.00090747,0.00020045,0.97943109,0.00070701,0.0001917,1696.12420576,1193.8152887,84.77275856,113.00348771,0.0,0.00128939
core_low,secondary_first,3.0,0.1778279410038923,48.0,0.19242842,0.29956824,0.18284548,0.73167165,0.11672277,0.15305141,2218.39006207,2100.03139357,295.98920709,594.02412711,3.5e-07,0.42484804
core_low,secondary_first,3.0,0.1778279410038923,72.0,0.62040858,0.65368315,0.59096685,0.36762267,0.0627163,0.3538686,2306.02418197,2326.19691256,414.25448805,1216.40467382,1.473e-05,0.90465728
core_low,secondary_first,3.0,0.464158883361278,24.0,0.00251351,0.01012238,0.0023879,0.95276367,0.00773448,0.00227741,4361.10383525,3076.58032574,218.64387429,291.42349368,0.0,0.01438132
core_low,secondary_first,3.0,0.464158883361278,48.0,0.41754812,0.52926082,0.39724647,0.51844291,0.13201435,0.30815561,5628.69897881,5349.42311472,757.63829119,1523.48528683,6.85e-06,0.7398417
core_low,secondary_first,3.0,0.464158883361278,72.0,0.76996148,0.80040251,0.74379194,0.22222492,0.05661057,0.38440176,5794.52171817,5863.24430326,1050.2739075,3099.9674182,0.00029699,0.97328068
core_low,secondary_first,3.0,1.2115276586285888,24.0,0.0175125,0.06044593,0.01663803,0.90158018,0.0438079,0.01575802,10806.66604054,7678.37271271,546.81961397,728.54150342,2e-08,0.08584166
core_low,secondary_first,3.0,1.2115276586285888,48.0,0.57878555,0.6814212,0.55531224,0.36673585,0.12610897,0.40073108,13291.53527441,12818.23187089,1847.35594848,3739.86512185,0.00016063,0.86941312
core_low,secondary_first,3.0,1.2115276586285888,72.0,0.89562352,0.91999966,0.88034946,0.09946866,0.0396502,0.4117545,13204.73208548,13512.69864963,2473.61061011,7439.87644859,0.00728253,0.98836039
core_low,secondary_first,3.0,3.1622776601683795,24.0,0.04964557,0.14277626,0.04717797,0.83998765,0.0955983,0.04422197,20650.3582535,15217.79147858,1101.78928412,1469.8033044,3e-07,0.20218604
core_low,secondary_first,3.0,3.1622776601683795,48.0,0.70381142,0.81111948,0.68595809,0.24484315,0.12516139,0.47658749,20551.26596802,21025.92871748,3281.64716925,6872.11883713,0.00464391,0.91240045
core_low,secondary_first,3.0,3.1622776601683795,72.0,0.94301425,0.95414673,0.93273475,0.0552814,0.02141198,0.39056992,18560.88039566,19562.32285385,3855.86216705,12531.77777034,0.15122026,0.99244945
core_low,secondary_first,3.0,8.25404185268019,24.0,0.05687229,0.15684561,0.05412717,0.82589438,0.10271844,0.05054263,13657.55830309,12032.15099735,1014.26547731,1391.52418706,3.44e-06,0.21835801
core_low,secondary_first,3.0,8.25404185268019,48.0,0.7389607,0.8418354,0.72520209,0.2129677,0.11663331,0.49915493,11122.6336086,11944.3867168,2116.33531276,4852.06064979,0.01407772,0.91153878
core_low,secondary_first,3.0,8.25404185268019,72.0,0.94939545,0.95729929,0.9400195,0.05034586,0.01727979,0.37996968,9909.00118912,10485.76280778,2178.50928966,7945.89758368,0.15611755,0.99215172
core_low,secondary_first,3.0,21.544346900318843,24.0,0.03128334,0.09359688,0.02987323,0.87048579,0.06372365,0.02800128,5718.6026834,5519.4189743,532.81481219,758.20256548,5.2e-06,0.12709406
core_low,secondary_first,3.0,21.544346900318843,48.0,0.66945662,0.78955235,0.65605679,0.27477708,0.13349557,0.46822212,4594.05800013,4975.45659564,925.59924743,2243.75906975,0.00333336,0.86708406
core_low,secondary_first,3.0,21.544346900318843,72.0,0.93224215,0.94442013,0.92162938,0.06690894,0.02279075,0.39877045,4100.87523831,4337.40902619,914.37582168,3525.6752593,0.02865804,0.98682683
core_low,secondary_first,3.0,56.23413251903491,24.0,0.0073417,0.0243162,0.00701724,0.93059023,0.01729897,0.00661105,2272.9013674,2279.789868,234.56947841,340.75432359,1.09e-06,0.03299628
core_low,secondary_first,3.0,56.23413251903491,48.0,0.45907052,0.59656507,0.44587232,0.46848716,0.15069274,0.34159847,1810.64858655,1969.46911755,375.47162728,937.23682641,0.00035934,0.70526426
core_low,secondary_first,3.0,56.23413251903491,72.0,0.85485589,0.89065808,0.84126617,0.13573437,0.04939191,0.43001488,1616.79331898,1710.07367883,363.34027364,1443.22251993,0.00273418,0.95826002
core_low,secondary_first,3.0,146.77992676220705,24.0,0.00096168,0.00331487,0.00091974,0.96698208,0.00239513,0.000868,884.88346281,913.48074711,98.56343377,145.36144189,1.6e-07,0.00449199
core_low,secondary_first,3.0,146.77992676220705,48.0,0.16458443,0.24747396,0.15827485,0.76070293,0.0891991,0.12894431,701.5387032,765.39545221,148.66258018,379.56126712,3.247e-05,0.32044333
core_low,secondary_first,3.0,146.77992676220705,72.0,0.56440488,0.63046024,0.54742847,0.40283798,0.08303177,0.33817266,626.40131921,662.63327493,141.64740967,575.80290862,0.00021574,0.76222022
core_low,secondary_first,3.0,383.1186849557293,24.0,0.00011336,0.00038801,0.00010864,0.98417683,0.00027937,0.00010243,342.73760154,368.79210235,42.51427078,63.95950276,4e-08,0.00051937
core_low,secondary_first,3.0,383.1186849557293,48.0,0.02589103,0.04215882,0.02483382,0.926813,0.017325,0.02066111,270.08239189,295.9505757,59.08227203,155.85520388,4.2e-06,0.05601729
core_low,secondary_first,3.0,383.1186849557293,72.0,0.15280479,0.18656628,0.14679738,0.7991722,0.03976891,0.10085469,241.04339503,255.07901056,55.03157221,231.50870407,2.107e-05,0.24485492
core_low,secondary_first,3.0,1000.0,24.0,1.727e-05,5.72e-05,1.664e-05,0.99170775,4.056e-05,1.565e-05,133.24743033,155.26562472,20.03613352,31.08466448,2e-08,7.378e-05
core_low,secondary_first,3.0,1000.0,48.0,0.00313489,0.00508359,0.00301348,0.97311701,0.00207012,0.00249739,103.78353899,114.73085803,24.18483046,67.76217231,8.9e-07,0.00666943
core_low,secondary_first,3.0,1000.0,72.0,0.01927503,0.0239389,0.01851121,0.95171754,0.00542769,0.01284225,92.51469266,97.98469998,21.54525518,96.91298772,3.13e-06,0.03159496
core_low,secondary_first,100.0,0.01,24.0,5e-08,2.4e-07,5e-08,0.99866971,1.9e-07,5e-08,101.08256701,70.54643487,4.97921117,6.63745714,0.0,3.4e-07
core_low,secondary_first,100.0,0.01,48.0,0.00022239,0.00046144,0.00021128,0.98842793,0.00025016,0.00018665,134.48723198,126.73723821,17.73024365,35.4357212,0.0,0.00065557
core_low,secondary_first,100.0,0.01,72.0,0.0059348,0.008806,0.00563846,0.97053244,0.00316754,0.00446037,141.08767774,141.90638811,25.11326516,73.21959376,0.0,0.01250735
core_low,secondary_first,100.0,0.026101572156825372,24.0,9.4e-07,4.19e-06,9e-07,0.99656628,3.3e-06,8.6e-07,263.74134181,184.08893436,12.99421242,17.32195575,0.0,5.96e-06
core_low,secondary_first,100.0,0.026101572156825372,48.0,0.00338017,0.00686443,0.00321129,0.96916113,0.00365313,0.00282735,350.70140895,330.54640555,46.25247009,92.44918498,0.0,0.00975184
core_low,secondary_first,100.0,0.026101572156825372,72.0,0.07041142,0.09930182,0.06689771,0.88311471,0.03240411,0.05184819,367.7651841,369.9463003,65.48559253,190.97090966,4e-08,0.14100214
core_low,secondary_first,100.0,0.06812920690579614,24.0,1.577e-05,6.934e-05,1.498e-05,0.99128184,5.436e-05,1.434e-05,687.71948874,480.16930948,33.9011069,45.19350248,0.0,9.852e-05
core_low,secondary_first,100.0,0.06812920690579614,48.0,0.03852841,0.07256313,0.03660418,0.90461684,0.03595895,0.03184675,913.10040963,861.00271004,120.54560544,241.00689918,2e-08,0.10306632
core_low,secondary_first,100.0,0.06812920690579614,72.0,0.3597067,0.43369528,0.3418344,0.59944545,0.09186089,0.24296789,956.50003712,962.49943172,170.48638258,497.47339505,7.9e-07,0.61449334
core_low,secondary_first,100.0,0.1778279410038923,24.0,0.00023963,0.00102578,0.00022765,0.97863891,0.00079813,0.00021765,1790.27830248,1251.01839121,88.37763806,117.82708544,0.0,0.00145755
core_low,secondary_first,100.0,0.1778279410038923,48.0,0.20430306,0.31441308,0.19412481,0.71992603,0.12028827,0.16203485,2367.26657667,2234.89574383,313.37957014,626.97026674,3.2e-07,0.44597105
core_low,secondary_first,100.0,0.1778279410038923,72.0,0.62885047,0.65932582,0.59900379,0.36064934,0.06032203,0.3549276,2472.42964899,2490.27615191,441.89023735,1291.52603453,1.468e-05,0.91229794
core_low,secondary_first,100.0,0.464158883361278,24.0,0.00289369,0.01153321,0.00274906,0.95065632,0.00878416,0.00262035,4638.53726373,3248.94201244,229.90246294,306.59057348,0.0,0.01638665
core_low,secondary_first,100.0,0.464158883361278,48.0,0.42826245,0.53762394,0.4074061,0.50948008,0.13021784,0.3144146,6059.98225634,5741.70121887,808.73862627,1621.23522955,6.41e-06,0.75202977
core_low,secondary_first,100.0,0.464158883361278,72.0,0.77280506,0.8024575,0.74656225,0.21981063,0.05589525,0.38249248,6272.63633805,6335.94552948,1130.35851767,3319.74046707,0.00029737,0.97496659
core_low,secondary_first,100.0,1.2115276586285888,24.0,0.02101747,0.07036307,0.01996765,0.89454321,0.05039542,0.01887812,11835.75786177,8353.19125971,594.17976702,793.00593028,1e-08,0.09993932
core_low,secondary_first,100.0,1.2115276586285888,48.0,0.58784923,0.68673873,0.56388563,0.35985053,0.1228531,0.40353384,14811.47556896,14219.1176716,2035.04833152,4107.40327122,0.00015441,0.87716019
core_low,secondary_first,100.0,1.2115276586285888,72.0,0.89735055,0.92101761,0.88206316,0.09804174,0.03895445,0.40866669,14835.64057958,15142.60461124,2755.53703976,8235.06524743,0.00748367,0.9891414
core_low,secondary_first,100.0,3.1622776601683795,24.0,0.07285065,0.18954608,0.06923071,0.80744764,0.12031537,0.06441423,28081.7702767,20552.98211327,1495.79152329,2002.80088745,4.2e-07,0.26828864
core_low,secondary_first,100.0,3.1622776601683795,48.0,0.73093194,0.82972772,0.71323006,0.22249192,0.11649766,0.48476974,28797.35043207,29268.30831934,4518.8868977,9427.22723755,0.00663672,0.92561014
core_low,secondary_first,100.0,3.1622776601683795,72.0,0.94852845,0.95873325,0.93882105,0.04996955,0.0199122,0.3808095,26218.4020958,27564.51639668,5390.30460525,17360.6127982,0.21791332,0.99367026
core_low,secondary_first,100.0,8.25404185268019,24.0,0.14394203,0.31243617,0.13735536,0.70890978,0.17508081,0.12543062,43630.94742239,38053.67602174,3159.54604208,4319.76610853,4.058e-05,0.4194394
core_low,secondary_first,100.0,8.25404185268019,48.0,0.82501478,0.900029,0.81374608,0.13999964,0.08628292,0.52032515,33676.79936983,36636.08673373,6593.25141728,15146.18667159,0.17601879,0.94666767
core_low,secondary_first,100.0,8.25404185268019,72.0,0.97479683,0.9841564,0.97072569,0.0227638,0.01343071,0.35367214,29651.17729538,31503.04866698,6635.52725796,24521.79489464,0.73261214,0.99549956
core_low,secondary_first,100.0,21.544346900318843,24.0,0.21655907,0.43148868,0.20993221,0.62197187,0.22155647,0.18914134,43662.78483952,43793.91827453,4330.71926652,6172.82566599,0.00199851,0.5060711
core_low,secondary_first,100.0,21.544346900318843,48.0,0.86624921,0.92787616,0.85839997,0.10560355,0.06947619,0.52193298,34175.02148126,37324.00902232,7119.96976145,17557.99643991,0.38695308,0.95593286
core_low,secondary_first,100.0,21.544346900318843,72.0,0.98293674,0.99019493,0.98056257,0.01491344,0.00963236,0.33173035,30373.44749775,32180.17022065,6862.80761137,27109.33647096,0.84856904,0.99628749
core_low,secondary_first,100.0,56.23413251903491,24.0,0.25986791,0.4886133,0.25408758,0.57840227,0.23452572,0.22676113,43389.60809021,44686.14947687,4729.6134378,6908.37679017,0.00670517,0.54328319
core_low,secondary_first,100.0,56.23413251903491,48.0,0.8811447,0.9372698,0.87451206,0.09338654,0.06275774,0.5184697,34233.5893768,37386.64259168,7246.69633567,18362.83303944,0.46625828,0.95961626
core_low,secondary_first,100.0,56.23413251903491,72.0,0.98535021,0.99178966,0.98342425,0.01267514,0.00836541,0.32147724,30520.51915668,32303.21070097,6908.68005081,27938.33068752,0.87666762,0.99659922
core_low,secondary_first,100.0,146.77992676220705,24.0,0.24103503,0.46405899,0.23573966,0.59963084,0.22831933,0.21106256,29509.33381902,30685.7569143,3340.83858253,4936.93188535,0.00366598,0.51673056
core_low,secondary_first,100.0,146.77992676220705,48.0,0.87108471,0.92787097,0.86331664,0.10324296,0.06455433,0.51667148,23347.48280454,25497.7085466,4975.47120803,12761.94464011,0.30788427,0.95633211
core_low,secondary_first,100.0,146.77992676220705,72.0,0.98070662,0.98693177,0.97740485,0.01797962,0.00952692,0.32422309,20840.11981548,22048.84281332,4721.50375402,19294.55399539,0.75495467,0.99628836
core_low,secondary_first,100.0,383.1186849557293,24.0,0.15536537,0.33876916,0.15123207,0.69774706,0.18753709,0.13759042,11417.66404542,12253.36655606,1407.67262716,2115.75207378,0.00066048,0.39288494
core_low,secondary_first,100.0,383.1186849557293,48.0,0.82679589,0.89677715,0.81709339,0.14195442,0.07968377,0.5155017,9002.70209967,9861.69209836,1965.31148907,5174.75278912,0.0630334,0.93826712
core_low,secondary_first,100.0,383.1186849557293,72.0,0.96323351,0.9663117,0.95541208,0.03825835,0.01089961,0.3387028,8035.24094805,8502.8270116,1833.27570674,7696.28270646,0.26074468,0.99449333
core_low,secondary_first,100.0,1000.0,24.0,0.08372525,0.20691431,0.08141551,0.79252183,0.12549881,0.07495246,4433.21113252,5122.68419031,654.61580388,1013.26712894,0.00023401,0.244804
core_low,secondary_first,100.0,1000.0,48.0,0.75409455,0.84816949,0.74376595,0.20465053,0.10440355,0.49795484,3458.76657421,3819.5268954,800.52900928,2230.26763616,0.01339877,0.89886396
core_low,secondary_first,100.0,1000.0,72.0,0.94626101,0.95196554,0.93657807,0.05546987,0.01538747,0.36542179,3083.81604726,3265.77127911,716.5624075,3201.46286725,0.05045402,0.98969522
core_low,precomplexed,0.1,0.01,24.0,2e-08,8e-08,2e-08,0.99916261,6e-08,2e-08,32.46801417,25.69182898,2.31667626,3.40216522,0.0,1.2e-07
core_low,precomplexed,0.1,0.01,48.0,1.531e-05,2.898e-05,1.454e-05,0.99568819,1.444e-05,1.258e-05,39.01608476,37.77561246,5.72221901,12.55125852,0.0,4.116e-05
core_low,precomplexed,0.1,0.01,72.0,0.00026242,0.0003747,0.00024933,0.99164348,0.00012537,0.00019258,39.39875834,40.12208184,7.37651225,23.47565409,0.0,0.00053198
core_low,precomplexed,0.1,0.026101572156825372,24.0,3.9e-07,1.34e-06,3.7e-07,0.99789302,9.7e-07,3.5e-07,82.07697683,64.9673669,5.86028545,8.60700932,0.0,1.9e-06
core_low,precomplexed,0.1,0.026101572156825372,48.0,0.0002348,0.00044174,0.00022307,0.98916369,0.00021866,0.00019265,98.56356691,95.44779865,14.46324004,31.73167824,0.0,0.0006274
core_low,precomplexed,0.1,0.026101572156825372,72.0,0.00381641,0.00540001,0.00362611,0.97682287,0.0017739,0.00278809,99.50003639,101.3359547,18.63539577,59.32810035,0.0,0.00766581
core_low,precomplexed,0.1,0.06812920690579614,24.0,5.3e-06,1.811e-05,5.04e-06,0.99498367,1.308e-05,4.74e-06,197.36260607,156.35234545,14.1170849,20.73941113,0.0,2.573e-05
core_low,precomplexed,0.1,0.06812920690579614,48.0,0.0028909,0.00535218,0.00274658,0.97310121,0.0026056,0.00236436,236.57677901,229.21395477,34.76459121,76.32158568,0.0,0.00760104
core_low,precomplexed,0.1,0.06812920690579614,72.0,0.04042946,0.05554666,0.03841509,0.92077198,0.01713157,0.02911469,238.63703852,243.09670202,44.73413169,142.55321683,5e-08,0.07882572
core_low,precomplexed,0.1,0.1778279410038923,24.0,4.993e-05,0.00016885,4.744e-05,0.98945377,0.00012142,4.463e-05,421.2571815,334.5048812,30.2824377,44.52083265,0.0,0.0002399
core_low,precomplexed,0.1,0.1778279410038923,48.0,0.02186945,0.03889742,0.02077825,0.93342835,0.01811917,0.01774347,502.393965,487.44804613,74.11978117,163.01624748,2e-08,0.05522817
core_low,precomplexed,0.1,0.1778279410038923,72.0,0.20607729,0.26086651,0.19584305,0.74632145,0.06502346,0.14179081,505.68829569,515.46042021,95.02632071,303.62854974,5e-07,0.36964164
core_low,precomplexed,0.1,0.464158883361278,24.0,0.00023973,0.00079816,0.00022775,0.98226004,0.00057042,0.00021406,713.70147919,570.30535216,51.97929262,76.5597607,0.0,0.00113397
core_low,precomplexed,0.1,0.464158883361278,48.0,0.07436804,0.12360439,0.07066219,0.86455898,0.0529422,0.05946485,837.91743043,816.63678467,125.11903337,276.57021889,1.1e-07,0.17538944
core_low,precomplexed,0.1,0.464158883361278,72.0,0.41394697,0.47681446,0.39362089,0.55235637,0.08319357,0.26400915,837.26637672,855.30430653,158.6077369,510.86425696,2.97e-06,0.67195109
core_low,precomplexed,0.1,1.2115276586285888,24.0,0.00052235,0.00171094,0.00049625,0.9770175,0.00121469,0.00046591,896.98441542,729.57895836,67.59747686,99.96480914,0.0,0.00243057
core_low,precomplexed,0.1,1.2115276586285888,48.0,0.11946109,0.1884805,0.11352772,0.81405853,0.07495278,0.09427973,994.66019335,985.8935437,155.01268647,347.86916135,3.7e-07,0.26701861
core_low,precomplexed,0.1,1.2115276586285888,72.0,0.5001218,0.55493188,0.47627384,0.47323094,0.07865804,0.3040984,965.03176212,994.70065119,188.6894252,624.89751523,1.102e-05,0.77121634
core_low,precomplexed,0.1,3.1622776601683795,24.0,0.00061346,0.00196169,0.00058284,0.97584566,0.00137885,0.0005463,794.85628351,694.61316808,68.3960967,102.48974672,0.0,0.00278537
core_low,precomplexed,0.1,3.1622776601683795,48.0,0.10986131,0.17091251,0.10450199,0.8242214,0.06641053,0.08621821,744.07002307,773.46579301,132.54609298,314.0506919,1.51e-06,0.24016059
core_low,precomplexed,0.1,3.1622776601683795,72.0,0.46374073,0.52474389,0.44339596,0.50168229,0.08134793,0.2854544,682.55730398,715.52717334,143.9278324,520.68908959,3.394e-05,0.70565634
core_low,precomplexed,0.1,8.25404185268019,24.0,0.00031357,0.00094476,0.00029816,0.98094195,0.0006466,0.0002781,419.0667661,414.22442394,47.30034005,73.88779272,0.0,0.00133307
core_low,precomplexed,0.1,8.25404185268019,48.0,0.04167363,0.06596979,0.03974171,0.90636849,0.02622808,0.0327565,356.47424009,381.02530733,71.69501274,185.77834334,1.65e-06,0.09104892
core_low,precomplexed,0.1,8.25404185268019,72.0,0.22324248,0.26786355,0.21365891,0.7292728,0.05420464,0.14470298,324.01689985,340.67345805,71.11338808,285.33304817,1.546e-05,0.35999367
core_low,precomplexed,0.1,21.544346900318843,24.0,5.429e-05,0.00015666,5.173e-05,0.98954935,0.00010493,4.804e-05,176.86158182,183.5925405,23.05089321,37.4368771,0.0,0.00021779
core_low,precomplexed,0.1,21.544346900318843,48.0,0.00602447,0.00962101,0.00575413,0.96545793,0.00386688,0.00473912,147.58060577,158.94043684,31.12955472,85.13940043,2.9e-07,0.01315866
core_low,precomplexed,0.1,21.544346900318843,72.0,0.03716327,0.04626106,0.03554706,0.92756988,0.01071399,0.02472879,134.1355823,141.03898449,29.83554101,126.44729873,1.9e-06,0.06265711
core_low,precomplexed,0.1,56.23413251903491,24.0,5.03e-06,1.426e-05,4.8e-06,0.9953074,9.45e-06,4.45e-06,70.13679604,74.29829358,9.73681304,16.12931911,0.0,1.961e-05
core_low,precomplexed,0.1,56.23413251903491,48.0,0.00050965,0.00081307,0.00048715,0.98686149,0.00032591,0.0004006,58.20663665,62.84398927,12.52220299,35.14488381,3e-08,0.00110722
core_low,precomplexed,0.1,56.23413251903491,72.0,0.0031978,0.0040063,0.00305868,0.9802406,0.00094762,0.00213561,52.93490965,55.65129763,11.83486493,51.45216512,1.5e-07,0.00543192
core_low,precomplexed,0.1,146.77992676220705,24.0,3.5e-07,9.8e-07,3.3e-07,0.99807798,6.5e-07,3.1e-07,27.21458547,29.06551694,3.87949999,6.4826921,0.0,1.34e-06
core_low,precomplexed,0.1,146.77992676220705,48.0,3.393e-05,5.405e-05,3.244e-05,0.99484566,2.161e-05,2.665e-05,22.54929466,24.36706502,4.88981903,13.87832623,0.0,7.347e-05
core_low,precomplexed,0.1,146.77992676220705,72.0,0.00021238,0.00026621,0.00020314,0.9930232,6.307e-05,0.00014183,20.51349497,21.5644451,4.59553445,20.19805949,1e-08,0.00036098
core_low,precomplexed,0.1,383.1186849557293,24.0,2e-08,6e-08,2e-08,0.99924354,4e-08,2e-08,10.47718663,11.22682201,1.50970514,2.53156892,0.0,8e-08
core_low,precomplexed,0.1,383.1186849557293,48.0,2.04e-06,3.25e-06,1.95e-06,0.99799224,1.3e-06,1.6e-06,8.67604198,9.37862732,1.88746288,5.38153306,0.0,4.42e-06
core_low,precomplexed,0.1,383.1186849557293,72.0,1.276e-05,1.599e-05,1.221e-05,0.99733586,3.79e-06,8.52e-06,7.89380264,8.29794315,1.76984743,7.8134573,0.0,2.169e-05
core_low,precomplexed,0.1,1000.0,24.0,0.0,0.0,0.0,0.99970711,0.0,0.0,4.02151539,4.3151121,0.58198406,0.97719728,0.0,0.0
core_low,precomplexed,0.1,1000.0,48.0,1.2e-07,1.9e-07,1.1e-07,0.99922479,7e-08,9e-08,3.32938993,3.59949931,0.72524815,2.0715527,0.0,2.6e-07
core_low,precomplexed,0.1,1000.0,72.0,7.4e-07,9.2e-07,7e-07,0.99897472,2.2e-07,4.9e-07,3.02938175,3.18443258,0.67943178,3.0048476,0.0,1.25e-06
core_low,precomplexed,3.0,0.01,24.0,9.8e-07,3.34e-06,9.3e-07,0.99716241,2.41e-06,8.8e-07,107.32399362,85.61496085,7.82186306,11.53872939,0.0,4.75e-06
core_low,precomplexed,3.0,0.01,48.0,0.00054158,0.001011,0.00051453,0.98565684,0.00049648,0.00044354,129.22258073,124.91715407,18.96834649,41.82185595,0.0,0.0014362
core_low,precomplexed,3.0,0.01,72.0,0.00839077,0.0117946,0.00797195,0.96705846,0.00382265,0.00610698,132.01646761,133.88515457,24.50399179,78.09216356,0.0,0.01674974
core_low,precomplexed,3.0,0.026101572156825372,24.0,1.668e-05,5.636e-05,1.585e-05,0.99273404,4.051e-05,1.491e-05,279.88254484,223.30301539,20.40377096,30.10021544,0.0,8.008e-05
core_low,precomplexed,3.0,0.026101572156825372,48.0,0.00792632,0.01442222,0.00753043,0.95943402,0.00689179,0.00645817,336.79627113,325.6313832,49.45853729,109.06196168,0.0,0.02048608
core_low,precomplexed,3.0,0.026101572156825372,72.0,0.09522476,0.12696748,0.0904759,0.85912379,0.03649158,0.06749555,343.94606826,348.85709551,63.86499948,203.58846079,8e-08,0.18023879
core_low,precomplexed,3.0,0.06812920690579614,24.0,0.00026394,0.00087549,0.00025075,0.98180558,0.00062474,0.0002356,728.81345147,581.71555456,53.17064304,78.44427161,0.0,0.00124393
core_low,precomplexed,3.0,0.06812920690579614,48.0,0.07925165,0.13115118,0.07529636,0.85960669,0.05585482,0.06329975,875.67342783,847.03616999,128.73699259,283.98136163,6e-08,0.18622444
core_low,precomplexed,3.0,0.06812920690579614,72.0,0.42736535,0.4888446,0.40619782,0.54229157,0.08264677,0.27086203,893.34686646,906.39750281,166.04669975,529.71104357,1.4e-06,0.69164577
core_low,precomplexed,3.0,0.1778279410038923,24.0,0.00348373,0.01097923,0.00330964,0.95558403,0.00766959,0.00309984,1890.19314868,1510.35087824,138.17537759,203.89240603,0.0,0.0155988
core_low,precomplexed,3.0,0.1778279410038923,48.0,0.31654972,0.42408161,0.30084115,0.62072184,0.12324045,0.23696072,2261.52781231,2190.36096365,333.50551444,736.39500386,1.05e-06,0.60026332
core_low,precomplexed,3.0,0.1778279410038923,72.0,0.6741038,0.69017106,0.64307521,0.32314011,0.04709585,0.34514589,2300.62527343,2336.34411288,428.81293618,1370.73329845,2.611e-05,0.94210103
core_low,precomplexed,3.0,0.464158883361278,24.0,0.02920632,0.07961452,0.02774757,0.89305585,0.05186695,0.02573777,4843.77170856,3882.74471357,356.13061125,525.78478189,2e-08,0.11307878
core_low,precomplexed,3.0,0.464158883361278,48.0,0.53752597,0.6172,0.51225734,0.4203076,0.10494266,0.36371681,5722.71850598,5564.00444286,851.75745148,1886.08216756,2.079e-05,0.84684917
core_low,precomplexed,3.0,0.464158883361278,72.0,0.81667044,0.84087184,0.79288019,0.17990131,0.04799165,0.36812076,5771.56925004,5877.33239433,1084.91819384,3489.05123809,0.0005276,0.98492284
core_low,precomplexed,3.0,1.2115276586285888,24.0,0.11050488,0.23602464,0.10500703,0.780162,0.13101761,0.0952769,11866.03734672,9617.78788688,889.78016963,1315.88946383,3.9e-07,0.33441287
core_low,precomplexed,3.0,1.2115276586285888,48.0,0.6899553,0.76995754,0.66640631,0.27396916,0.10355123,0.43713197,13379.48211896,13197.55882498,2060.82786948,4610.07468783,0.00049936,0.92765075
core_low,precomplexed,3.0,1.2115276586285888,72.0,0.92453304,0.93745675,0.9111266,0.07527946,0.02633016,0.37386261,13077.91279779,13450.36681974,2536.06168622,8339.77572047,0.01289935,0.99363092
core_low,precomplexed,3.0,3.1622776601683795,24.0,0.2011151,0.36238112,0.19142319,0.6750959,0.17095792,0.16950781,21409.05240894,18437.99026272,1785.54375485,2664.19768147,9.08e-06,0.50254144
core_low,precomplexed,3.0,3.1622776601683795,48.0,0.80685625,0.87703598,0.79098443,0.16308551,0.08605156,0.49249704,20050.81598335,20855.86216374,3551.93949321,8347.17399092,0.01490836,0.9531774
core_low,precomplexed,3.0,3.1622776601683795,72.0,0.95885869,0.96362281,0.94977435,0.04213694,0.01384846,0.34129666,18171.12015599,19132.07642245,3862.57375306,13900.69648891,0.23194945,0.99598366
core_low,precomplexed,3.0,8.25404185268019,24.0,0.21474148,0.3908185,0.20567546,0.65371089,0.18514304,0.1817965,12826.22469563,12777.2851164,1458.92766366,2274.83210853,0.0001004,0.50759895
core_low,precomplexed,3.0,8.25404185268019,48.0,0.83352611,0.89645376,0.82098599,0.1399598,0.07546777,0.50316559,10737.43326652,11528.49322453,2188.08186905,5689.87490229,0.03296123,0.95206003
core_low,precomplexed,3.0,8.25404185268019,72.0,0.96242601,0.9646014,0.95382269,0.03973766,0.01077872,0.32938877,9720.7481414,10234.40221676,2148.40932362,8689.49502064,0.21365577,0.99576852
core_low,precomplexed,3.0,21.544346900318843,24.0,0.14389001,0.28963726,0.13821293,0.73481683,0.15142432,0.12385734,5324.20183692,5547.1819146,699.48551663,1137.20654469,6.262e-05,0.37200501
core_low,precomplexed,3.0,21.544346900318843,48.0,0.77994883,0.86007849,0.76702342,0.18674552,0.09305507,0.49316271,4432.91132907,4777.85231085,938.50649632,2574.00184269,0.0067414,0.92439135
core_low,precomplexed,3.0,21.544346900318843,72.0,0.94937855,0.95303623,0.93922041,0.05339701,0.01381582,0.34997713,4027.30632647,4235.26792027,897.05705452,3814.94192535,0.03870559,0.99259932
core_low,precomplexed,3.0,56.23413251903491,24.0,0.04554764,0.10813023,0.04363922,0.86556365,0.06449101,0.03981889,2105.31026867,2232.4292331,293.05712759,485.75636331,8.6e-06,0.14365632
core_low,precomplexed,3.0,56.23413251903491,48.0,0.59102495,0.70453923,0.57622042,0.35646291,0.12831881,0.40828682,1746.5842521,1886.02161308,376.11098503,1056.68300386,0.00065299,0.80873186
core_low,precomplexed,3.0,56.23413251903491,72.0,0.89210479,0.91387343,0.87925606,0.10473032,0.03461737,0.39867396,1588.30118682,1669.84810158,355.21847782,1546.02577598,0.00352932,0.97394816
core_low,precomplexed,3.0,146.77992676220705,24.0,0.00610437,0.01613896,0.00583911,0.94606345,0.01029985,0.00537767,816.53012946,872.3207924,116.50287615,194.72705949,6.8e-07,0.02182555
core_low,precomplexed,3.0,146.77992676220705,48.0,0.24269458,0.33263359,0.23362111,0.68851783,0.09901248,0.18156992,676.50410603,731.06710955,146.74275773,416.6389452,4.559e-05,0.42693221
core_low,precomplexed,3.0,146.77992676220705,72.0,0.62233534,0.67637082,0.6043044,0.35306937,0.07206642,0.34722207,615.42080492,646.95354908,137.88237394,606.23984573,0.00023994,0.81057473
core_low,precomplexed,3.0,383.1186849557293,24.0,0.00048755,0.00133627,0.00046607,0.97842581,0.0008702,0.00043052,314.32445974,336.84789954,45.30709797,75.98136683,4e-08,0.00181764
core_low,precomplexed,3.0,383.1186849557293,48.0,0.03516169,0.05360821,0.03367878,0.91710908,0.01992943,0.02726444,260.28303987,281.36412757,56.62995139,161.48516482,2.76e-06,0.07187915
core_low,precomplexed,3.0,383.1186849557293,72.0,0.16493915,0.1967986,0.15829518,0.78925002,0.03850342,0.1052597,236.81503715,248.93966131,53.09728081,234.4436308,1.443e-05,0.26003978
core_low,precomplexed,3.0,1000.0,24.0,3.15e-05,8.738e-05,3.01e-05,0.99142932,5.728e-05,2.783e-05,120.64649019,129.45924486,17.46179883,29.32088409,0.0,0.00011914
core_low,precomplexed,3.0,1000.0,48.0,0.0027081,0.0042534,0.00259087,0.97568345,0.00166253,0.00211795,99.88184845,107.98559751,21.75828183,62.15218499,1.6e-07,0.00575695
core_low,precomplexed,3.0,1000.0,72.0,0.01561559,0.01933532,0.01494882,0.95741146,0.0043865,0.01031015,90.88151226,95.5330853,20.38319615,90.15110729,8.3e-07,0.02606203
core_low,precomplexed,100.0,0.01,24.0,1.18e-06,4.01e-06,1.12e-06,0.99698947,2.89e-06,1.05e-06,113.94761799,90.85106715,8.30059612,12.24750835,0.0,5.69e-06
core_low,precomplexed,100.0,0.01,48.0,0.00064585,0.00120492,0.00061358,0.98475072,0.00059134,0.00052886,137.61826259,132.9070116,20.15784521,44.42558132,0.0,0.00171173
core_low,precomplexed,100.0,0.01,72.0,0.00995553,0.0139802,0.00945852,0.96419804,0.00452168,0.00724235,140.96334062,142.83197999,26.10078558,83.06929085,0.0,0.01985481
core_low,precomplexed,100.0,0.026101572156825372,24.0,1.999e-05,6.744e-05,1.899e-05,0.9922966,4.845e-05,1.786e-05,297.26354982,237.0435687,21.66011095,31.96028713,0.0,9.583e-05
core_low,precomplexed,100.0,0.026101572156825372,48.0,0.00933776,0.01694329,0.00887132,0.95637761,0.00807197,0.00760387,358.82387465,346.59538808,52.57978087,115.89438487,0.0,0.02406811
core_low,precomplexed,100.0,0.026101572156825372,72.0,0.10898538,0.14439713,0.10354933,0.84464468,0.0408478,0.07698957,367.41481465,372.32745936,68.05436348,216.64768875,8e-08,0.20499408
core_low,precomplexed,100.0,0.06812920690579614,24.0,0.00031488,0.00104195,0.00029914,0.98072642,0.00074281,0.00028103,774.82013135,618.08963536,56.49679366,83.36896676,0.0,0.00148048
core_low,precomplexed,100.0,0.06812920690579614,48.0,0.08969225,0.14684069,0.08521537,0.84782609,0.06162532,0.07146061,933.95505687,902.51183366,136.99798876,302.06645359,6e-08,0.20851096
core_low,precomplexed,100.0,0.06812920690579614,72.0,0.45113206,0.51020741,0.42878953,0.52138215,0.08141788,0.28247731,955.40622875,968.4734238,177.1303006,564.26955056,1.47e-06,0.72179976
core_low,precomplexed,100.0,0.1778279410038923,24.0,0.0041082,0.01286433,0.00390288,0.95287274,0.00896144,0.00365395,2014.83138054,1608.91751621,147.19130648,217.24256321,0.0,0.01827742
core_low,precomplexed,100.0,0.1778279410038923,48.0,0.33487497,0.44204094,0.31825728,0.60411034,0.12378365,0.24906642,2419.23835602,2340.53937894,355.87968178,785.38945707,1.09e-06,0.62564127
core_low,precomplexed,100.0,0.1778279410038923,72.0,0.68228189,0.69595511,0.65099891,0.31614855,0.0449562,0.34396722,2468.29390998,2504.14951785,458.7991139,1464.29181545,2.75e-05,0.94813179
core_low,precomplexed,100.0,0.464158883361278,24.0,0.03341895,0.08953551,0.03174969,0.88603659,0.05778583,0.02941177,5204.01101654,4167.8368122,382.22994934,564.4398886,2e-08,0.12717302
core_low,precomplexed,100.0,0.464158883361278,48.0,0.54902315,0.62546593,0.52327009,0.41072159,0.10219583,0.36839829,6176.92131647,5997.06124081,916.37115881,2027.67916573,2.171e-05,0.85697106
core_low,precomplexed,100.0,0.464158883361278,72.0,0.82154916,0.84536053,0.79802166,0.17530173,0.04733888,0.36661056,6252.07028903,6359.05216383,1171.22156456,3758.87289784,0.00055846,0.98613331
core_low,precomplexed,100.0,1.2115276586285888,24.0,0.12246572,0.2543913,0.11637283,0.76653882,0.13801847,0.10524782,13136.80206418,10626.49088078,982.38517435,1453.12928061,4.2e-07,0.36040887
core_low,precomplexed,100.0,1.2115276586285888,48.0,0.69931946,0.77721278,0.67576385,0.266005,0.10144893,0.43931912,14952.83742001,14707.42804876,2287.74007574,5108.98413712,0.00053412,0.9325049
core_low,precomplexed,100.0,1.2115276586285888,72.0,0.92695308,0.93897351,0.91370072,0.07316715,0.02527279,0.37027531,14702.95598603,15092.85438684,2834.08771274,9280.84991074,0.0139902,0.99410132
core_low,precomplexed,100.0,3.1622776601683795,24.0,0.23665193,0.40388666,0.22535975,0.63922634,0.17852691,0.19752044,29478.10907338,25101.60509296,2411.49789531,3594.11273295,1.395e-05,0.55612706
core_low,precomplexed,100.0,3.1622776601683795,48.0,0.82539102,0.88890195,0.81007428,0.14763281,0.07882767,0.49322371,28147.47421363,29121.67212548,4906.27331962,11448.19270081,0.02260922,0.95968886
core_low,precomplexed,100.0,3.1622776601683795,72.0,0.96339037,0.96851766,0.95512857,0.03721576,0.01338909,0.33306201,25663.7636232,26973.63015253,5407.78131302,19246.20131999,0.33083495,0.99658124
core_low,precomplexed,100.0,8.25404185268019,24.0,0.35224933,0.55684488,0.34004565,0.51349856,0.21679923,0.29091211,40145.71800617,40279.30293533,4549.10637686,7051.49238714,0.00149645,0.66875759
core_low,precomplexed,100.0,8.25404185268019,48.0,0.89216233,0.9373089,0.88282851,0.08873558,0.05448039,0.49760835,32358.17637695,35072.12959901,6758.68585292,17624.5563602,0.32525542,0.97119372
core_low,precomplexed,100.0,8.25404185268019,72.0,0.98435225,0.98992612,0.98145632,0.01453125,0.0084698,0.30530014,29048.77358152,30673.07038729,6511.23995308,26670.64101269,0.81476371,0.99757181
core_low,precomplexed,100.0,21.544346900318843,24.0,0.4478262,0.6589909,0.43843059,0.42420552,0.22056031,0.36717545,40159.32137517,43080.24666282,5612.42114139,9187.49936122,0.02171746,0.72335554
core_low,precomplexed,100.0,21.544346900318843,48.0,0.91969782,0.9563943,0.91346468,0.06495183,0.04292962,0.48620088,32922.43594743,35688.57113495,7169.00719748,20080.71680284,0.54465969,0.97621326
core_low,precomplexed,100.0,21.544346900318843,72.0,0.98975516,0.99396464,0.9881217,0.00918159,0.00584294,0.28408218,29814.63848768,31392.78571266,6713.01046137,29306.33519417,0.89828813,0.99799724
core_low,precomplexed,100.0,56.23413251903491,24.0,0.49169568,0.69702513,0.48375078,0.38693004,0.21327435,0.39942391,40066.57079673,43440.63272509,5927.80951813,9962.58949557,0.04562895,0.74562126
core_low,precomplexed,100.0,56.23413251903491,48.0,0.92922921,0.96244938,0.92402032,0.05688723,0.03842906,0.47828696,33008.11576528,35758.43852415,7262.63074812,20889.56780658,0.61358145,0.97820176
core_low,precomplexed,100.0,56.23413251903491,72.0,0.99127352,0.99498161,0.98995588,0.0077375,0.00502573,0.27460188,29978.1052418,31534.53875369,6753.36688654,30144.20832762,0.91766415,0.99816515
core_low,precomplexed,100.0,146.77992676220705,24.0,0.46159851,0.67078301,0.45389904,0.41402919,0.21688397,0.37801857,27255.60458639,29466.12184027,4032.36247305,6808.28259671,0.0207706,0.72088182
core_low,precomplexed,100.0,146.77992676220705,48.0,0.91888978,0.95271433,0.91206838,0.06724596,0.04064595,0.47992224,22516.43201109,24369.28787544,4941.81293203,14240.23163387,0.425499,0.97569528
core_low,precomplexed,100.0,146.77992676220705,72.0,0.98708214,0.99075178,0.98448536,0.01250931,0.00626642,0.27987669,20474.41495925,21527.93304967,4604.3411467,20553.26499392,0.81056002,0.99793494
core_low,precomplexed,100.0,383.1186849557293,24.0,0.31768455,0.52617179,0.31017648,0.54956844,0.21599531,0.26789362,10487.087656,11279.11932428,1529.28260775,2573.8120401,0.0014536,0.59379732
core_low,precomplexed,100.0,383.1186849557293,48.0,0.87498653,0.92051419,0.86506045,0.10658775,0.05545374,0.49507277,8677.54515462,9384.36587865,1894.78766976,5429.53396773,0.06590166,0.96107921
core_low,precomplexed,100.0,383.1186849557293,72.0,0.96821621,0.96804565,0.96031545,0.03480568,0.0077302,0.30145209,7894.36637613,8298.97304787,1771.9947966,7862.17104294,0.24922478,0.99652514
core_low,precomplexed,100.0,1000.0,24.0,0.14243917,0.28597679,0.13755201,0.73863107,0.14842478,0.12297544,4022.70921481,4322.02898027,584.6720457,983.06275011,8.771e-05,0.35431569
core_low,precomplexed,100.0,1000.0,48.0,0.77199585,0.85342838,0.7597111,0.19448263,0.09371727,0.48875292,3329.5546162,3600.21209717,726.23406277,2078.16644685,0.00501864,0.91556923
core_low,precomplexed,100.0,1000.0,72.0,0.94644636,0.95078024,0.93618641,0.05636223,0.01459383,0.35085796,3029.44071678,3184.54731044,679.71563796,3011.54665606,0.02405929,0.99124873
fast_repair,simultaneous,0.1,0.01,24.0,0.0,0.0,0.0,0.99977245,0.0,0.0,31.6047196,23.67622592,1.93767448,2.74330968,0.0,0.0
fast_repair,simultaneous,0.1,0.01,48.0,1.3e-07,2.2e-07,1.3e-07,0.99922515,1e-07,1.1e-07,39.04907718,37.56821376,5.52291824,11.64600287,0.0,3.2e-07
fast_repair,simultaneous,0.1,0.01,72.0,1.02e-06,1.3e-06,9.7e-07,0.99892381,3.3e-07,6.9e-07,39.50451014,40.20176789,7.32852788,22.56584327,0.0,1.84e-06
fast_repair,simultaneous,0.1,0.026101572156825372,24.0,1e-08,3e-08,1e-08,0.99942368,2e-08,1e-08,79.96517285,60.01564496,4.9242848,6.97712453,0.0,4e-08
fast_repair,simultaneous,0.1,0.026101572156825372,48.0,2.1e-06,3.49e-06,1.99e-06,0.9980648,1.5e-06,1.67e-06,98.65144329,94.94065171,13.97250721,29.49669649,0.0,4.95e-06
fast_repair,simultaneous,0.1,0.026101572156825372,72.0,1.574e-05,1.991e-05,1.495e-05,0.9973193,4.96e-06,1.065e-05,99.78539323,101.55190442,18.51922031,57.08500333,0.0,2.825e-05
fast_repair,simultaneous,0.1,0.06812920690579614,24.0,1.3e-07,4.3e-07,1.3e-07,0.998606,3e-07,1.2e-07,192.7276859,145.33910608,12.00399003,17.04248727,0.0,6e-07
fast_repair,simultaneous,0.1,0.06812920690579614,48.0,2.754e-05,4.535e-05,2.617e-05,0.99545895,1.919e-05,2.186e-05,236.81710303,228.10566332,33.66686098,71.28165223,0.0,6.438e-05
fast_repair,simultaneous,0.1,0.06812920690579614,72.0,0.00019642,0.00024696,0.00018666,0.99367844,6.03e-05,0.00013217,239.42400506,243.69855415,44.48628656,137.51439638,4e-08,0.00035019
fast_repair,simultaneous,0.1,0.1778279410038923,24.0,1.43e-06,4.51e-06,1.36e-06,0.99696959,3.14e-06,1.28e-06,413.53417323,315.49334586,26.48063856,37.78229585,0.0,6.4e-06
fast_repair,simultaneous,0.1,0.1778279410038923,48.0,0.00024315,0.0003922,0.00023104,0.99063273,0.00016116,0.00019172,503.04888199,485.65155226,72.19535951,153.97481788,2e-08,0.00055658
fast_repair,simultaneous,0.1,0.1778279410038923,72.0,0.0015683,0.00194704,0.00149044,0.98643905,0.0004566,0.00104209,507.77628523,517.08740258,94.65159511,294.68568553,3.9e-07,0.00275928
fast_repair,simultaneous,0.1,0.464158883361278,24.0,8.73e-06,2.64e-05,8.29e-06,0.99463697,1.811e-05,7.74e-06,705.83371115,550.51396681,47.70481437,68.76454487,0.0,3.75e-05
fast_repair,simultaneous,0.1,0.464158883361278,48.0,0.00106956,0.00167272,0.00101632,0.98446773,0.0006564,0.00083441,839.56007751,815.23583285,123.05666188,266.40101024,1.2e-07,0.00237273
fast_repair,simultaneous,0.1,0.464158883361278,72.0,0.00597828,0.0072884,0.0056825,0.97588297,0.00160591,0.00389535,841.95278136,859.05111088,158.41993406,501.14887144,2.33e-06,0.01031443
fast_repair,simultaneous,0.1,1.2115276586285888,24.0,2.379e-05,6.878e-05,2.26e-05,0.99276128,4.618e-05,2.102e-05,892.61463021,717.88360504,64.90840673,94.90552721,0.0,9.769e-05
fast_repair,simultaneous,0.1,1.2115276586285888,48.0,0.00205662,0.00311033,0.00195459,0.98046503,0.00115574,0.00158469,1000.9457453,988.58036264,154.02029314,341.78538753,4.3e-07,0.00440531
fast_repair,simultaneous,0.1,1.2115276586285888,72.0,0.00980761,0.01169978,0.00932824,0.96930573,0.00237155,0.00623422,978.45196694,1005.95846647,189.67456187,620.83019726,9.57e-06,0.0164751
fast_repair,simultaneous,0.1,3.1622776601683795,24.0,3.059e-05,8.405e-05,2.907e-05,0.99232904,5.498e-05,2.691e-05,803.05127774,694.12586041,67.44173678,100.53103936,0.0,0.00011926
fast_repair,simultaneous,0.1,3.1622776601683795,48.0,0.00169028,0.0024326,0.00160908,0.98209405,0.00082352,0.00127791,790.584946,807.970094,135.30998702,316.51833107,3.25e-06,0.00339682
fast_repair,simultaneous,0.1,3.1622776601683795,72.0,0.00637294,0.00739544,0.006093,0.97533226,0.00130244,0.00389755,746.44357451,775.55790257,152.41655997,536.79357871,9.669e-05,0.01000085
fast_repair,simultaneous,0.1,8.25404185268019,24.0,1.453e-05,3.655e-05,1.384e-05,0.99401167,2.271e-05,1.27e-05,477.21231026,452.37451975,49.41217089,76.36449397,6e-08,5.079e-05
fast_repair,simultaneous,0.1,8.25404185268019,48.0,0.00046293,0.00064497,0.00044653,0.9888521,0.00019844,0.00034618,413.84089431,439.20944482,80.43053356,202.90779238,7.932e-05,0.00081499
fast_repair,simultaneous,0.1,8.25404185268019,72.0,0.00144799,0.00166876,0.001411,0.98747239,0.00025776,0.00086538,377.39550871,396.36568486,81.84134067,318.34153539,0.00054699,0.00197901
fast_repair,simultaneous,0.1,21.544346900318843,24.0,2.39e-06,5.78e-06,2.31e-06,0.99665953,3.47e-06,2.11e-06,207.56095607,212.19498414,25.93424218,41.67112218,8.6e-07,7.26e-06
fast_repair,simultaneous,0.1,21.544346900318843,48.0,5.682e-05,7.823e-05,5.575e-05,0.99477904,2.248e-05,4.252e-05,174.42338583,187.36875728,36.23129676,97.49731069,3.952e-05,8.853e-05
fast_repair,simultaneous,0.1,21.544346900318843,72.0,0.00015843,0.00018175,0.00015646,0.99474316,2.529e-05,9.287e-05,158.546531,166.69525458,35.10900169,146.28136184,0.00012171,0.00019765
fast_repair,simultaneous,0.1,56.23413251903491,24.0,2.3e-07,5.4e-07,2.2e-07,0.99849447,3.2e-07,2e-07,83.24378129,87.55076515,11.31131887,18.62208228,2.5e-07,6.1e-07
fast_repair,simultaneous,0.1,56.23413251903491,48.0,4.59e-06,6.27e-06,4.54e-06,0.99781455,1.73e-06,3.43e-06,69.19875449,74.65202039,14.78779797,41.14779646,4.68e-06,6.67e-06
fast_repair,simultaneous,0.1,56.23413251903491,72.0,1.202e-05,1.374e-05,1.194e-05,0.99788377,1.8e-06,6.95e-06,62.91538481,66.14761696,14.04222863,60.52831075,1.151e-05,1.431e-05
fast_repair,simultaneous,0.1,146.77992676220705,24.0,2e-08,4e-08,2e-08,0.99938217,2e-08,1e-08,32.408582,34.50208729,4.57237929,7.61560542,3e-08,4e-08
fast_repair,simultaneous,0.1,146.77992676220705,48.0,3e-07,4.1e-07,3e-07,0.99913057,1.1e-07,2.3e-07,26.86422936,29.02154475,5.80817447,16.41411213,3.5e-07,4.2e-07
fast_repair,simultaneous,0.1,146.77992676220705,72.0,7.7e-07,8.8e-07,7.6e-07,0.99916892,1.1e-07,4.4e-07,24.43521491,25.68799624,5.4700959,23.94214505,8e-07,8.9e-07
fast_repair,simultaneous,0.1,383.1186849557293,24.0,0.0,0.0,0.0,0.99975673,0.0,0.0,12.48995535,13.36041435,1.78915153,2.99428931,0.0,0.0
fast_repair,simultaneous,0.1,383.1186849557293,48.0,2e-08,2e-08,2e-08,0.99966182,1e-08,1e-08,10.34447375,11.18057355,2.24672988,6.38986731,2e-08,3e-08
fast_repair,simultaneous,0.1,383.1186849557293,72.0,5e-08,5e-08,5e-08,0.99967817,1e-08,3e-08,9.41112287,9.89310657,2.10917662,9.28926218,5e-08,5e-08
fast_repair,simultaneous,0.1,1000.0,24.0,0.0,0.0,0.0,0.99990585,0.0,0.0,4.79571548,5.13908037,0.69082001,1.15809094,0.0,0.0
fast_repair,simultaneous,0.1,1000.0,48.0,0.0,0.0,0.0,0.99986968,0.0,0.0,3.97081691,4.29248766,0.86386346,2.46256806,0.0,0.0
fast_repair,simultaneous,0.1,1000.0,72.0,0.0,0.0,0.0,0.99987617,0.0,0.0,3.61289028,3.79782484,0.81002802,3.57561572,0.0,0.0
fast_repair,simultaneous,3.0,0.01,24.0,6e-08,1.7e-07,6e-08,0.99903373,1.1e-07,5e-08,108.02303821,86.59180305,7.96386087,11.7658712,0.0,2.4e-07
fast_repair,simultaneous,3.0,0.01,48.0,6.49e-06,1.029e-05,6.17e-06,0.99735347,4.12e-06,5.08e-06,129.53654378,125.34789047,19.09441458,42.23307303,0.0,1.462e-05
fast_repair,simultaneous,3.0,0.01,72.0,4.042e-05,5.024e-05,3.841e-05,0.9964582,1.183e-05,2.678e-05,132.24299693,134.14308057,24.58155299,78.59349013,0.0,7.132e-05
fast_repair,simultaneous,3.0,0.026101572156825372,24.0,9.9e-07,2.86e-06,9.4e-07,0.99752628,1.92e-06,8.8e-07,281.70609713,225.85096036,20.77378099,30.69171924,0.0,4.07e-06
fast_repair,simultaneous,3.0,0.026101572156825372,48.0,0.00010231,0.00016053,9.72e-05,0.99335555,6.333e-05,7.972e-05,337.61899073,326.75724953,49.78749564,110.13384138,0.0,0.00022798
fast_repair,simultaneous,3.0,0.026101572156825372,72.0,0.00060451,0.00074598,0.00057438,0.99087703,0.0001716,0.00039762,344.54665449,349.53782978,64.06805304,204.89669203,3e-08,0.00105883
fast_repair,simultaneous,3.0,0.06812920690579614,24.0,1.588e-05,4.504e-05,1.509e-05,0.99384316,2.995e-05,1.4e-05,733.56588101,588.35297677,54.13203443,79.97860118,0.0,6.399e-05
fast_repair,simultaneous,3.0,0.06812920690579614,48.0,0.00135632,0.002078,0.00128864,0.98360544,0.00078935,0.00104815,877.84448332,849.98594316,129.59442252,286.76872432,4e-08,0.00295045
fast_repair,simultaneous,3.0,0.06812920690579614,72.0,0.00712097,0.00864489,0.00676651,0.97426357,0.00187838,0.0046017,894.97930271,908.22592547,166.58179044,533.12398089,5.9e-07,0.01226354
fast_repair,simultaneous,3.0,0.1778279410038923,24.0,0.00021764,0.00059423,0.00020677,0.98556055,0.00038746,0.00019129,1902.54159066,1527.57189427,140.65227335,207.82717914,0.0,0.00084416
fast_repair,simultaneous,3.0,0.1778279410038923,48.0,0.01253918,0.01829075,0.01191463,0.958063,0.00637612,0.00950855,2267.36978365,2198.14273291,335.73488623,743.59361579,7.2e-07,0.02595014
fast_repair,simultaneous,3.0,0.1778279410038923,72.0,0.05215679,0.06123829,0.04957438,0.91612888,0.01166391,0.03236546,2305.37374093,2341.50460603,430.24756883,1379.62924272,1.09e-05,0.08668414
fast_repair,simultaneous,3.0,0.464158883361278,24.0,0.00215824,0.00545276,0.00205048,0.96922265,0.00340228,0.00188401,4875.47191744,3926.73081981,362.32192699,535.4827644,3e-08,0.00774395
fast_repair,simultaneous,3.0,0.464158883361278,48.0,0.0638225,0.08603914,0.06066932,0.89260656,0.02536982,0.04662814,5739.50292448,5585.02994776,857.50010694,1904.23222619,1.431e-05,0.12161855
fast_repair,simultaneous,3.0,0.464158883361278,72.0,0.18879207,0.21105594,0.17970166,0.77532411,0.03135428,0.10848339,5788.28076177,5894.23123835,1088.99651331,3512.19841608,0.00021579,0.29537227
fast_repair,simultaneous,3.0,1.2115276586285888,24.0,0.01230072,0.02747407,0.0116883,0.9413085,0.01578576,0.01060303,11941.93464105,9719.69367,902.85733233,1335.17160047,6.9e-07,0.03895952
fast_repair,simultaneous,3.0,1.2115276586285888,48.0,0.16665046,0.20761316,0.15881266,0.78406585,0.0488005,0.11558213,13444.96398808,13262.97224008,2075.04219265,4650.67607068,0.00034478,0.28701949
fast_repair,simultaneous,3.0,1.2115276586285888,72.0,0.36674403,0.39665895,0.35168965,0.60136861,0.0449693,0.19298283,13180.29389847,13541.46161679,2551.40130956,8401.30979657,0.00502437,0.52324132
fast_repair,simultaneous,3.0,3.1622776601683795,24.0,0.03184551,0.06358258,0.03028884,0.90843276,0.03329374,0.02707481,21554.96318238,18500.86790818,1781.00571091,2648.30090839,1.715e-05,0.08924954
fast_repair,simultaneous,3.0,3.1622776601683795,48.0,0.26268664,0.31805052,0.25311278,0.68488288,0.06493775,0.17701202,20894.2511149,21448.65599653,3602.37426597,8409.53058881,0.01124854,0.40080696
fast_repair,simultaneous,3.0,3.1622776601683795,72.0,0.50458053,0.54504352,0.49274321,0.46301404,0.05230031,0.25470016,19626.73854308,20424.20882255,4031.276728,14229.70920322,0.10826604,0.62778246
fast_repair,simultaneous,3.0,8.25404185268019,24.0,0.03148719,0.06187078,0.03012809,0.90602068,0.03174269,0.02679559,14659.92819425,13857.22583986,1509.57250451,2329.87101053,0.0005577,0.0819869
fast_repair,simultaneous,3.0,8.25404185268019,48.0,0.2500387,0.30708428,0.24490668,0.69341381,0.0621776,0.17100781,12607.08149882,13430.71732853,2464.49174696,6210.52115117,0.12062509,0.34598982
fast_repair,simultaneous,3.0,8.25404185268019,72.0,0.47412763,0.51738678,0.46932306,0.48686526,0.04806372,0.24068287,11418.47687381,12018.47481731,2493.53769742,9724.37395609,0.35496924,0.54967963
fast_repair,simultaneous,3.0,21.544346900318843,24.0,0.01401563,0.02903272,0.0136203,0.93444653,0.01541241,0.0121677,6266.28739987,6428.42399252,787.77055242,1266.18349377,0.00776181,0.03452493
fast_repair,simultaneous,3.0,21.544346900318843,48.0,0.13482243,0.17070602,0.13329771,0.81095487,0.03740831,0.0948668,5248.19606895,5643.66174086,1094.52748246,2951.68841593,0.11830758,0.18295728
fast_repair,simultaneous,3.0,21.544346900318843,72.0,0.27896022,0.31016719,0.27723571,0.67662135,0.03293148,0.14793578,4766.9009758,5013.23143338,1057.45408504,4419.73401652,0.25647194,0.32278877
fast_repair,simultaneous,3.0,56.23413251903491,24.0,0.00282366,0.00619257,0.00277545,0.96513443,0.00341712,0.00249377,2499.73672073,2631.93154591,340.58280625,560.99422408,0.00338509,0.00688862
fast_repair,simultaneous,3.0,56.23413251903491,48.0,0.03550951,0.04649911,0.03525587,0.92518557,0.01124324,0.02570972,2076.94134249,2241.04938036,444.31821406,1237.56726346,0.03761492,0.04866238
fast_repair,simultaneous,3.0,56.23413251903491,72.0,0.08149804,0.09214448,0.08115211,0.88207525,0.01099237,0.04515633,1888.18078352,1985.2553685,421.58812776,1819.27920842,0.08141104,0.09479908
fast_repair,simultaneous,3.0,146.77992676220705,24.0,0.00030883,0.00070306,0.00030548,0.98379231,0.00039758,0.0002755,972.42125117,1035.56364714,137.32064485,228.77156325,0.00049565,0.00075311
fast_repair,simultaneous,3.0,146.77992676220705,48.0,0.00466218,0.00622723,0.00464042,0.9743876,0.00158682,0.00343197,805.98694014,870.74942055,174.31222843,492.79264604,0.00544118,0.00641735
fast_repair,simultaneous,3.0,146.77992676220705,72.0,0.01125676,0.0128069,0.01122489,0.96872023,0.00158202,0.00635798,733.10011638,770.69084926,164.12923981,718.65285357,0.01180262,0.01305369
fast_repair,simultaneous,3.0,383.1186849557293,24.0,2.343e-05,5.43e-05,2.323e-05,0.99312415,3.108e-05,2.099e-05,374.71247956,400.86884942,53.69433887,89.8706406,4.2e-05,5.735e-05
fast_repair,simultaneous,3.0,383.1186849557293,48.0,0.00038773,0.00052247,0.0003863,0.99033074,0.00013617,0.00028754,310.3380788,335.42570175,67.40976832,191.74469623,0.00047133,0.00053517
fast_repair,simultaneous,3.0,383.1186849557293,72.0,0.00095385,0.00108663,0.00095172,0.99018775,0.0001349,0.00054229,282.33625461,296.79638538,63.27793368,278.72792157,0.00102077,0.00110316
fast_repair,simultaneous,3.0,1000.0,24.0,1.49e-06,3.47e-06,1.48e-06,0.99724318,2e-06,1.33e-06,143.8729539,154.17971949,20.72740816,34.74879204,2.74e-06,3.66e-06
fast_repair,simultaneous,3.0,1000.0,48.0,2.566e-05,3.471e-05,2.557e-05,0.9961995,9.13e-06,1.909e-05,119.12479254,128.77550009,25.91695489,73.88392644,3.151e-05,3.551e-05
fast_repair,simultaneous,3.0,1000.0,72.0,6.361e-05,7.248e-05,6.347e-05,0.99634435,9.01e-06,3.625e-05,108.38686167,113.93496446,24.30115857,107.27547593,6.836e-05,7.353e-05
fast_repair,simultaneous,100.0,0.01,24.0,7e-08,1.9e-07,6e-08,0.99899404,1.3e-07,6e-08,114.03440912,90.92917718,8.31087754,12.26514925,0.0,2.7e-07
fast_repair,simultaneous,100.0,0.01,48.0,7.55e-06,1.201e-05,7.17e-06,0.99721086,4.84e-06,5.91e-06,137.78108242,133.04533667,20.1771013,44.47209302,0.0,1.706e-05
fast_repair,simultaneous,100.0,0.01,72.0,4.78e-05,5.955e-05,4.542e-05,0.99624266,1.413e-05,3.175e-05,141.19560218,143.04534497,26.13343228,83.16487125,0.0,8.455e-05
fast_repair,simultaneous,100.0,0.026101572156825372,24.0,1.12e-06,3.23e-06,1.06e-06,0.99742588,2.17e-06,9.9e-07,297.49102858,237.2482378,21.68695973,32.00635255,0.0,4.59e-06
fast_repair,simultaneous,100.0,0.026101572156825372,48.0,0.00011834,0.00018621,0.00011243,0.99300644,7.377e-05,9.231e-05,359.25399181,346.96016466,52.63038758,116.01635177,0.0,0.00026446
fast_repair,simultaneous,100.0,0.026101572156825372,72.0,0.00070859,0.00087602,0.00067326,0.99030359,0.00020276,0.00046695,368.03069929,372.89269503,68.14056886,216.89935448,3e-08,0.00124358
fast_repair,simultaneous,100.0,0.06812920690579614,24.0,1.786e-05,5.073e-05,1.697e-05,0.99359989,3.376e-05,1.575e-05,775.42173904,618.62770372,56.56705075,83.48942725,0.0,7.208e-05
fast_repair,simultaneous,100.0,0.06812920690579614,48.0,0.00155069,0.00237912,0.00147329,0.98273946,0.00090583,0.00119905,935.11386535,903.48993257,137.13244857,302.3887373,3e-08,0.00337837
fast_repair,simultaneous,100.0,0.06812920690579614,72.0,0.0081886,0.00994815,0.0077808,0.97237069,0.00216736,0.00529615,957.08115452,970.00650505,177.36273403,564.94199735,5.3e-07,0.01411486
fast_repair,simultaneous,100.0,0.1778279410038923,24.0,0.00024435,0.00066689,0.00023214,0.98501376,0.00043475,0.00021474,2016.45948474,1610.34770153,147.37601319,217.55864755,0.0,0.00094745
fast_repair,simultaneous,100.0,0.1778279410038923,48.0,0.01402424,0.02043435,0.01332541,0.95564134,0.00710894,0.0106308,2422.52756698,2343.28294608,356.2483347,786.25924502,6e-07,0.02899654
fast_repair,simultaneous,100.0,0.1778279410038923,72.0,0.05795123,0.06795764,0.05507977,0.90967772,0.01287787,0.03591074,2473.16764871,2508.57993082,459.46065541,1466.16126912,9.73e-06,0.09622211
fast_repair,simultaneous,100.0,0.464158883361278,24.0,0.00242508,0.00609653,0.00230395,0.96804219,0.00379258,0.00211569,5208.70649442,4171.77704231,382.72193166,565.27717848,2e-08,0.00865924
fast_repair,simultaneous,100.0,0.464158883361278,48.0,0.06934336,0.09309049,0.06591378,0.88657211,0.02717672,0.05054901,6187.71542617,6005.79505126,917.47745091,2030.17969862,1.192e-05,0.13164014
fast_repair,simultaneous,100.0,0.464158883361278,72.0,0.2014918,0.22458526,0.19177506,0.76308878,0.0328102,0.11519257,6269.1260482,6374.29019191,1173.41092156,3764.70568703,0.0001917,0.31446608
fast_repair,simultaneous,100.0,1.2115276586285888,24.0,0.01417064,0.03115288,0.01346455,0.93814619,0.01768833,0.01218872,13153.54823585,10638.77684598,983.76111685,1455.42826778,4.8e-07,0.04419215
fast_repair,simultaneous,100.0,1.2115276586285888,48.0,0.17833945,0.22057079,0.16992093,0.77286798,0.05064986,0.12294473,15007.31865567,14748.40657321,2292.22427135,5118.01608746,0.00028312,0.30532696
fast_repair,simultaneous,100.0,1.2115276586285888,72.0,0.38312251,0.41287982,0.36733806,0.58628902,0.04554176,0.19958791,14802.77407287,15178.78567787,2845.4487054,9307.39814795,0.0044198,0.54508795
fast_repair,simultaneous,100.0,3.1622776601683795,24.0,0.04486177,0.08477821,0.04266785,0.89232355,0.04211036,0.03779837,29617.77094289,25172.88052122,2416.72358089,3602.09678077,1.625e-05,0.11897993
fast_repair,simultaneous,100.0,3.1622776601683795,48.0,0.30228832,0.35984983,0.29137188,0.64753007,0.06847795,0.19967956,28960.61161526,29686.92036678,4956.85664837,11531.37949249,0.01079348,0.45180888
fast_repair,simultaneous,100.0,3.1622776601683795,72.0,0.54963943,0.58925444,0.5369999,0.4211749,0.05225454,0.26941028,27223.44526689,28316.79600046,5577.50324233,19595.25409096,0.1081245,0.67555776
fast_repair,simultaneous,100.0,8.25404185268019,24.0,0.0888698,0.15276906,0.08531968,0.83622336,0.06744938,0.07393815,45141.04552645,42637.07774456,4658.80563921,7189.0736672,0.0022423,0.19553493
fast_repair,simultaneous,100.0,8.25404185268019,48.0,0.41461988,0.4841812,0.40792285,0.53498706,0.07625835,0.26662795,39199.43257013,41835.35865125,7646.13516196,19221.2713597,0.22257923,0.52783616
fast_repair,simultaneous,100.0,8.25404185268019,72.0,0.65797171,0.70062583,0.6534747,0.31292202,0.04715113,0.29981376,34850.84380932,36889.92543585,7711.52320113,30096.15418817,0.53375531,0.72718574
fast_repair,simultaneous,100.0,21.544346900318843,24.0,0.13160954,0.21518926,0.12911538,0.78890571,0.08607388,0.11002094,48561.92033661,51396.92456078,6425.83983178,10351.57937924,0.10060584,0.23691659
fast_repair,simultaneous,100.0,21.544346900318843,48.0,0.47383426,0.5436803,0.47151884,0.47684693,0.07216145,0.29437008,39489.41469304,42856.35019795,8529.27651642,23424.26986759,0.46509334,0.5579441
fast_repair,simultaneous,100.0,21.544346900318843,72.0,0.69701325,0.73763664,0.6956531,0.27472458,0.04198354,0.29794574,35647.26034085,37573.54031069,8029.41320713,34484.55913309,0.69261403,0.74579405
fast_repair,simultaneous,100.0,56.23413251903491,24.0,0.15518808,0.24498989,0.15412259,0.76519468,0.0908673,0.12958614,47988.1350245,51918.39357395,6996.77079885,11672.63483808,0.20110806,0.2533095
fast_repair,simultaneous,100.0,56.23413251903491,48.0,0.49487677,0.56366803,0.49403809,0.45645908,0.06962994,0.30104967,39447.50802275,42754.25376364,8662.67012407,24740.90634889,0.53626459,0.56882193
fast_repair,simultaneous,100.0,56.23413251903491,72.0,0.70968029,0.74936729,0.70919524,0.26249042,0.04017205,0.29493229,35790.11286821,37660.97431661,8065.15702335,35799.62468319,0.73379111,0.75229574
fast_repair,simultaneous,100.0,146.77992676220705,24.0,0.13016182,0.21132447,0.12972054,0.79088294,0.08160393,0.10977059,32522.3836772,35070.78225581,4762.10796413,8007.06819939,0.19248584,0.21497156
fast_repair,simultaneous,100.0,146.77992676220705,48.0,0.45325474,0.5218375,0.45284918,0.49544367,0.06898832,0.28089516,26860.54009877,29068.56810318,5880.7806409,16866.44331969,0.50853508,0.52442136
fast_repair,simultaneous,100.0,146.77992676220705,72.0,0.67103031,0.71243323,0.67077514,0.29831747,0.04165809,0.28743671,24417.65260748,25676.22017149,5488.55484663,24396.66151773,0.70430688,0.71401906
fast_repair,simultaneous,100.0,383.1186849557293,24.0,0.0567949,0.10295767,0.05656352,0.87317516,0.04639415,0.04913182,12505.42306639,13428.6645715,1813.28631584,3045.64543519,0.0922764,0.10535267
fast_repair,simultaneous,100.0,383.1186849557293,48.0,0.29230617,0.35086626,0.29193317,0.6509095,0.05893308,0.19327679,10348.27687608,11189.97003071,2256.18326803,6449.15078968,0.33902861,0.35354586
fast_repair,simultaneous,100.0,383.1186849557293,72.0,0.49485637,0.53672076,0.49454959,0.4652042,0.04217117,0.23560813,9413.44213822,9896.13807243,2112.21916319,9349.97598606,0.52754719,0.53881513
fast_repair,simultaneous,100.0,1000.0,24.0,0.01357948,0.0275306,0.01350413,0.93691068,0.01402646,0.01197012,4797.3791955,5147.80567845,694.1194305,1165.24045268,0.0236445,0.02847477
fast_repair,simultaneous,100.0,1000.0,48.0,0.11266844,0.14225233,0.11243982,0.83566182,0.02981252,0.0789174,3971.13189813,4293.49917226,865.09916498,2470.68635359,0.13476097,0.14407655
fast_repair,simultaneous,100.0,1000.0,72.0,0.22623717,0.25187516,0.22598538,0.72987185,0.02588978,0.11862625,3613.05508733,3798.06654007,810.39954487,3583.87069316,0.24431284,0.25372752
fast_repair,primary_first,0.1,0.01,24.0,0.0,0.0,0.0,0.99984763,0.0,0.0,30.17164261,20.57734356,1.40169938,1.85131752,0.0,0.0
fast_repair,primary_first,0.1,0.01,48.0,9e-08,1.6e-07,8e-08,0.99927704,7e-08,7e-08,38.9334728,37.09962845,5.21157396,10.34876257,0.0,2.2e-07
fast_repair,primary_first,0.1,0.01,72.0,8.7e-07,1.13e-06,8.2e-07,0.99894135,3e-07,6e-07,39.4801122,40.1414623,7.22766048,21.21478407,0.0,1.6e-06
fast_repair,primary_first,0.1,0.026101572156825372,24.0,0.0,1e-08,0.0,0.99961411,0.0,0.0,76.34064426,52.14813597,3.55813878,4.70106326,0.0,1e-08
fast_repair,primary_first,0.1,0.026101572156825372,48.0,1.38e-06,2.44e-06,1.31e-06,0.99819372,1.14e-06,1.12e-06,98.35738804,93.74792751,13.18046574,26.19154543,0.0,3.47e-06
fast_repair,primary_first,0.1,0.026101572156825372,72.0,1.336e-05,1.732e-05,1.269e-05,0.99736391,4.62e-06,9.27e-06,99.73998427,101.41041587,18.2635907,53.64432437,0.0,2.456e-05
fast_repair,primary_first,0.1,0.06812920690579614,24.0,2e-08,9e-08,2e-08,0.99906679,7e-08,2e-08,184.00710343,126.22277604,8.64988397,11.43854747,0.0,1.3e-07
fast_repair,primary_first,0.1,0.06812920690579614,48.0,1.811e-05,3.184e-05,1.721e-05,0.99576175,1.463e-05,1.469e-05,236.09852615,225.18724203,31.73197735,63.1756512,0.0,4.518e-05
fast_repair,primary_first,0.1,0.06812920690579614,72.0,0.00016676,0.00021477,0.00015847,0.99380031,5.63e-05,0.00011511,239.41336801,243.42527561,43.86763135,129.08523658,4e-08,0.00030449
fast_repair,primary_first,0.1,0.1778279410038923,24.0,2.5e-07,9.7e-07,2.3e-07,0.99797377,7.4e-07,2.2e-07,394.81635451,273.69031472,18.96348597,25.13447053,0.0,1.38e-06
fast_repair,primary_first,0.1,0.1778279410038923,48.0,0.00015951,0.00027513,0.00015157,0.99129059,0.00012357,0.00012875,501.40072336,479.09541428,67.89942242,135.82975362,2e-08,0.00039037
fast_repair,primary_first,0.1,0.1778279410038923,72.0,0.001329,0.0016908,0.00126307,0.98683837,0.00042774,0.00090784,508.21656494,516.80119239,93.29952952,275.84966442,3.8e-07,0.00239562
fast_repair,primary_first,0.1,0.464158883361278,24.0,1.42e-06,5.46e-06,1.35e-06,0.99644103,4.11e-06,1.28e-06,671.44026384,475.06718366,33.67388759,44.85224882,0.0,7.75e-06
fast_repair,primary_first,0.1,0.464158883361278,48.0,0.00068835,0.00115525,0.0006541,0.98576359,0.00050115,0.00055152,835.71375115,801.98354238,114.98577743,232.23974252,1e-07,0.0016384
fast_repair,primary_first,0.1,0.464158883361278,72.0,0.00500382,0.00626028,0.00475643,0.97706553,0.00150385,0.0033661,843.80888066,859.04094473,155.86613408,465.61550463,2.21e-06,0.00885725
fast_repair,primary_first,0.1,1.2115276586285888,24.0,3.39e-06,1.268e-05,3.22e-06,0.99534362,9.46e-06,3.06e-06,836.15836804,605.98139991,44.187193,59.2508354,0.0,1.8e-05
fast_repair,primary_first,0.1,1.2115276586285888,48.0,0.00123481,0.00201932,0.00117358,0.98257621,0.00084574,0.00098211,992.81081178,965.43491617,141.53556391,290.01319547,3.1e-07,0.00285955
fast_repair,primary_first,0.1,1.2115276586285888,72.0,0.00785855,0.00966054,0.00747489,0.97153708,0.00218564,0.00520007,981.38580781,1005.33960488,185.51141537,566.47576388,8.43e-06,0.01359792
fast_repair,primary_first,0.1,3.1622776601683795,24.0,3.29e-06,1.195e-05,3.13e-06,0.99540561,8.82e-06,2.97e-06,738.55525069,562.95748703,42.8485049,57.93885833,0.0,1.696e-05
fast_repair,primary_first,0.1,3.1622776601683795,48.0,0.00085174,0.00134737,0.00081112,0.98457529,0.00053625,0.00067157,781.30743117,781.80566463,120.7800927,255.34731159,2.09e-06,0.00187662
fast_repair,primary_first,0.1,3.1622776601683795,72.0,0.00455363,0.00550308,0.00435673,0.9776065,0.00114635,0.00295786,748.54834359,773.92788185,147.52468696,472.5841916,8.094e-05,0.00740445
fast_repair,primary_first,0.1,8.25404185268019,24.0,8.6e-07,3.02e-06,8.2e-07,0.99683909,2.2e-06,7.7e-07,437.05695043,352.92765174,28.31607399,38.70843816,1e-08,4.11e-06
fast_repair,primary_first,0.1,8.25404185268019,48.0,0.00017525,0.00027826,0.00016981,0.99065217,0.00010844,0.00013989,409.29121511,423.25540435,69.44501745,152.29044615,4.918e-05,0.00034157
fast_repair,primary_first,0.1,8.25404185268019,72.0,0.00087286,0.0010667,0.00085364,0.98851778,0.00021307,0.00057319,378.50230064,395.52894838,78.38330667,265.97880978,0.00042245,0.0012359
fast_repair,primary_first,0.1,21.544346900318843,24.0,1e-07,3.6e-07,1e-07,0.99839021,2.6e-07,9e-08,194.30632464,165.03416248,13.94172603,19.26789024,1.1e-07,4.4e-07
fast_repair,primary_first,0.1,21.544346900318843,48.0,1.836e-05,2.924e-05,1.804e-05,0.99565901,1.12e-05,1.481e-05,173.40759433,181.84064189,30.89326894,69.60565419,1.788e-05,3.289e-05
fast_repair,primary_first,0.1,21.544346900318843,72.0,8.652e-05,0.00010591,8.556e-05,0.99506708,2.034e-05,5.687e-05,158.88825375,166.49337487,33.5548596,117.83624429,7.927e-05,0.00011431
fast_repair,primary_first,0.1,56.23413251903491,24.0,1e-08,3e-08,1e-08,0.99927784,2e-08,1e-08,79.81438465,70.24649706,6.13679053,8.53708553,2e-08,4e-08
fast_repair,primary_first,0.1,56.23413251903491,48.0,1.45e-06,2.3e-06,1.44e-06,0.99816781,8.6e-07,1.17e-06,68.95627589,72.9545258,12.70604485,29.17928457,1.82e-06,2.45e-06
fast_repair,primary_first,0.1,56.23413251903491,72.0,6.44e-06,7.86e-06,6.41e-06,0.99799106,1.45e-06,4.21e-06,62.9716156,66.05919597,13.45410193,48.39087893,6.88e-06,8.16e-06
fast_repair,primary_first,0.1,146.77992676220705,24.0,0.0,0.0,0.0,0.99969977,0.0,0.0,31.4067468,28.23254901,2.52298149,3.52663242,0.0,0.0
fast_repair,primary_first,0.1,146.77992676220705,48.0,1e-07,1.5e-07,1e-07,0.9992669,6e-08,8e-08,26.78805436,28.45086035,5.02079381,11.6625474,1.3e-07,1.6e-07
fast_repair,primary_first,0.1,146.77992676220705,72.0,4.1e-07,5e-07,4.1e-07,0.99920834,9e-08,2.7e-07,24.44072393,25.64828719,5.24973688,19.13277683,4.7e-07,5.1e-07
fast_repair,primary_first,0.1,383.1186849557293,24.0,0.0,0.0,0.0,0.99988034,0.0,0.0,12.16518356,11.05460328,0.99999656,1.40139857,0.0,0.0
fast_repair,primary_first,0.1,383.1186849557293,48.0,1e-08,1e-08,1e-08,0.99971369,0.0,0.0,10.31838339,10.97847645,1.95017051,4.55684681,1e-08,1e-08
fast_repair,primary_first,0.1,383.1186849557293,72.0,2e-08,3e-08,2e-08,0.99969298,1e-08,2e-08,9.41069687,9.87723898,2.02656811,7.43557937,3e-08,3e-08
fast_repair,primary_first,0.1,1000.0,24.0,0.0,0.0,0.0,0.99995327,0.0,0.0,4.68273821,4.27849645,0.38946461,0.54650639,0.0,0.0
fast_repair,primary_first,0.1,1000.0,48.0,0.0,0.0,0.0,0.99988937,0.0,0.0,3.96148214,4.21854469,0.75182984,1.76203351,0.0,0.0
fast_repair,primary_first,0.1,1000.0,72.0,0.0,0.0,0.0,0.99988177,0.0,0.0,3.6123624,3.79174547,0.77890154,2.86749624,0.0,0.0
fast_repair,primary_first,3.0,0.01,24.0,3e-08,1e-07,3e-08,0.99911582,7e-08,3e-08,112.83721556,90.26751558,7.58792942,10.56359806,0.0,1.5e-07
fast_repair,primary_first,3.0,0.01,48.0,6.43e-06,1.038e-05,6.1e-06,0.99730481,4.27e-06,5.07e-06,130.74310527,127.46004156,19.45790668,41.9393557,0.0,1.473e-05
fast_repair,primary_first,3.0,0.01,72.0,4.164e-05,5.176e-05,3.956e-05,0.99642126,1.219e-05,2.769e-05,132.20291358,134.49117739,24.81002163,78.60767441,0.0,7.346e-05
fast_repair,primary_first,3.0,0.026101572156825372,24.0,5.1e-07,1.73e-06,4.9e-07,0.99773507,1.24e-06,4.6e-07,294.2201347,235.35650339,19.77690616,27.52825227,0.0,2.46e-06
fast_repair,primary_first,3.0,0.026101572156825372,48.0,0.00010087,0.00016125,9.584e-05,0.99324119,6.541e-05,7.939e-05,340.74323937,332.23464425,50.72465703,109.32617159,0.0,0.00022894
fast_repair,primary_first,3.0,0.026101572156825372,72.0,0.00062069,0.00076618,0.00058977,0.99077889,0.00017641,0.00040985,344.43291973,350.43145771,64.65835042,204.88607511,5e-08,0.00108726
fast_repair,primary_first,3.0,0.06812920690579614,24.0,8.16e-06,2.719e-05,7.76e-06,0.99435779,1.944e-05,7.31e-06,765.872947,612.55174918,51.42241383,71.54722731,0.0,3.863e-05
fast_repair,primary_first,3.0,0.06812920690579614,48.0,0.00132625,0.00207041,0.00126014,0.98339117,0.00081027,0.00103604,885.82574723,864.03724554,131.96090015,284.37828481,7e-08,0.00293869
fast_repair,primary_first,3.0,0.06812920690579614,72.0,0.00725858,0.0088193,0.00689762,0.97397077,0.00192168,0.00471312,894.62103067,910.45755348,168.07992911,532.76774849,8.2e-07,0.01250679
fast_repair,primary_first,3.0,0.1778279410038923,24.0,0.00011083,0.00035764,0.0001053,0.98678633,0.00025234,9.904e-05,1984.35855689,1586.41811111,132.8266779,184.60561737,0.0,0.00050789
fast_repair,primary_first,3.0,0.1778279410038923,48.0,0.0120546,0.0179305,0.01145524,0.95809954,0.00647526,0.00925939,2286.98704185,2233.09208856,341.35248687,735.37926272,1.31e-06,0.02542254
fast_repair,primary_first,3.0,0.1778279410038923,72.0,0.05243277,0.06168353,0.04984234,0.91561727,0.01184119,0.03277299,2304.01078772,2346.62251521,433.85980675,1376.40072047,1.512e-05,0.08724781
fast_repair,primary_first,3.0,0.464158883361278,24.0,0.0010657,0.0032307,0.00101257,0.97234991,0.00221813,0.00094874,5070.39803514,4048.17315466,336.41563372,466.13541368,7e-08,0.00458546
fast_repair,primary_first,3.0,0.464158883361278,48.0,0.05967015,0.08227658,0.05673787,0.89575495,0.02553871,0.04440777,5781.85542923,5663.56525033,868.04700582,1868.41938963,2.56e-05,0.11606115
fast_repair,primary_first,3.0,0.464158883361278,72.0,0.18634963,0.20923846,0.17744965,0.77708212,0.03178881,0.10863346,5781.7247297,5902.52309699,1096.24534257,3487.04147243,0.00029549,0.2919963
fast_repair,primary_first,3.0,1.2115276586285888,24.0,0.00544218,0.01515372,0.00517222,0.95104877,0.0099815,0.00481921,12291.36110842,9760.3031662,792.12663144,1088.12086058,1.27e-06,0.02145625
fast_repair,primary_first,3.0,1.2115276586285888,48.0,0.1496697,0.1925047,0.14279075,0.79820628,0.04971395,0.10729982,13489.87229776,13367.28710285,2068.9632683,4443.85039458,0.00057778,0.26389159
fast_repair,primary_first,3.0,1.2115276586285888,72.0,0.35603874,0.38848968,0.34192506,0.60991271,0.04656462,0.19349668,13147.48771511,13530.25475585,2553.59498877,8204.85813147,0.00658255,0.5072813
fast_repair,primary_first,3.0,3.1622776601683795,24.0,0.0100729,0.02697544,0.0095814,0.93605138,0.01739404,0.00890277,20869.69079551,16289.11235769,1263.04938304,1713.1267629,9.49e-06,0.03786358
fast_repair,primary_first,3.0,3.1622776601683795,48.0,0.21393709,0.27284347,0.20650082,0.72786122,0.06634265,0.15292031,20829.42887647,21163.89539031,3358.78693206,7209.23623702,0.01288751,0.33959803
fast_repair,primary_first,3.0,3.1622776601683795,72.0,0.4690419,0.51470217,0.45881565,0.49387962,0.05588652,0.25232047,19637.76249261,20405.37117995,3957.86625727,12998.88299707,0.11749928,0.58626557
fast_repair,primary_first,3.0,8.25404185268019,24.0,0.00544021,0.01554618,0.00521849,0.94483583,0.01032769,0.00486743,13447.78690912,10868.49639011,873.50674139,1194.62882061,0.00018216,0.02033118
fast_repair,primary_first,3.0,8.25404185268019,48.0,0.16663475,0.22264025,0.16370633,0.77050061,0.05893392,0.12389444,12460.29604068,12938.98141043,2132.15986671,4683.03472643,0.09995853,0.24634762
fast_repair,primary_first,3.0,8.25404185268019,72.0,0.39877998,0.44797536,0.39546001,0.55515627,0.05251536,0.22419886,11445.69475049,11985.80634495,2387.69083221,8141.74467765,0.32786511,0.47061927
fast_repair,primary_first,3.0,21.544346900318843,24.0,0.00124868,0.00391469,0.00121386,0.96511958,0.00270083,0.0011384,5866.59143804,4995.69620457,423.04590805,584.9582443,0.00153141,0.00471582
fast_repair,primary_first,3.0,21.544346900318843,48.0,0.06825641,0.09691944,0.0675161,0.87688705,0.02940333,0.05266727,5217.05484388,5476.11626549,932.39965366,2103.99541488,0.0740756,0.10396409
fast_repair,primary_first,3.0,21.544346900318843,72.0,0.20088022,0.23314299,0.19973418,0.75023951,0.03340881,0.12044535,4776.67830455,5006.53160688,1010.19826096,3555.15965263,0.20335031,0.24225578
fast_repair,primary_first,3.0,56.23413251903491,24.0,0.00016624,0.00055325,0.00016299,0.98169241,0.00039026,0.00015336,2397.21580303,2111.68047758,184.66059796,256.94969556,0.00030875,0.00063046
fast_repair,primary_first,3.0,56.23413251903491,48.0,0.01447969,0.02161383,0.01437327,0.9494773,0.00724057,0.01145773,2069.66025008,2190.10763557,381.66749667,876.94205557,0.01809694,0.02268667
fast_repair,primary_first,3.0,56.23413251903491,72.0,0.05100702,0.06073672,0.05080155,0.91237641,0.00993518,0.03197299,1889.83897944,1982.57354109,403.89114504,1453.58000647,0.05519138,0.06243704
fast_repair,primary_first,3.0,146.77992676220705,24.0,1.488e-05,5.104e-05,1.469e-05,0.99165014,3.635e-05,1.384e-05,942.42996873,847.40838937,75.75404158,105.89888368,3.644e-05,5.561e-05
fast_repair,primary_first,3.0,146.77992676220705,48.0,0.00167049,0.00256547,0.0016629,0.98002829,0.00090257,0.00133997,803.70595265,853.63804038,150.67007124,350.04138337,0.00231203,0.00264428
fast_repair,primary_first,3.0,146.77992676220705,72.0,0.0064702,0.00779676,0.00645423,0.97416567,0.00134252,0.00413884,733.26404693,769.49943293,157.51363841,574.16842987,0.00737067,0.00793082
fast_repair,primary_first,3.0,383.1186849557293,24.0,1.05e-06,3.64e-06,1.04e-06,0.99652082,2.6e-06,9.8e-07,364.98017989,331.69361911,30.00894841,42.05612464,2.92e-06,3.85e-06
fast_repair,primary_first,3.0,383.1186849557293,48.0,0.0001313,0.00020425,0.00013092,0.99190043,7.334e-05,0.00010597,309.5564816,329.365329,58.51082585,136.72722602,0.00019144,0.00020821
fast_repair,primary_first,3.0,383.1186849557293,72.0,0.00052878,0.00063993,0.00052798,0.99098174,0.00011195,0.00034089,282.32347092,296.32065445,60.79927392,223.09089913,0.00061856,0.00064666
fast_repair,primary_first,3.0,1000.0,24.0,7e-08,2.3e-07,6e-08,0.99861547,1.6e-07,6e-08,140.48551497,128.36325501,11.68536003,16.39743967,1.9e-07,2.4e-07
fast_repair,primary_first,3.0,1000.0,48.0,8.53e-06,1.334e-05,8.51e-06,0.99676927,4.82e-06,6.9e-06,118.84494871,126.55771393,22.55573498,52.86434555,1.273e-05,1.352e-05
fast_repair,primary_first,3.0,1000.0,72.0,3.484e-05,4.222e-05,3.48e-05,0.99652977,7.42e-06,2.252e-05,108.37103772,113.75264979,23.36733846,86.02841071,4.124e-05,4.252e-05
fast_repair,primary_first,100.0,0.01,24.0,5e-08,1.6e-07,5e-08,0.99899906,1.1e-07,4e-08,120.0095943,97.22138404,8.47485011,11.97821248,0.0,2.3e-07
fast_repair,primary_first,100.0,0.01,48.0,8.24e-06,1.315e-05,7.83e-06,0.99711379,5.33e-06,6.47e-06,139.26110142,135.74721241,20.84678986,45.46845721,0.0,1.868e-05
fast_repair,primary_first,100.0,0.01,72.0,5.131e-05,6.357e-05,4.876e-05,0.99618577,1.481e-05,3.396e-05,141.15687911,143.48623787,26.47430742,84.54997696,0.0,9.024e-05
fast_repair,primary_first,100.0,0.026101572156825372,24.0,8.3e-07,2.69e-06,7.9e-07,0.99743848,1.9e-06,7.4e-07,313.05311388,253.64164335,22.1121539,31.25340776,0.0,3.82e-06
fast_repair,primary_first,100.0,0.026101572156825372,48.0,0.00012846,0.00020287,0.00012205,0.99276901,8.081e-05,0.0001006,363.09281576,353.9840089,54.37304547,118.60435542,0.0,0.00028806
fast_repair,primary_first,100.0,0.026101572156825372,72.0,0.00075753,0.00093153,0.00071978,0.99013457,0.00021175,0.00049758,367.91845198,374.02756003,69.02591138,220.49588336,4e-08,0.0013221
fast_repair,primary_first,100.0,0.06812920690579614,24.0,1.327e-05,4.21e-05,1.261e-05,0.99363172,2.949e-05,1.183e-05,815.80549073,661.2097514,57.65765934,81.49666606,0.0,5.98e-05
fast_repair,primary_first,100.0,0.06812920690579614,48.0,0.0016637,0.00256177,0.00158074,0.9821623,0.00098104,0.00129197,944.96596978,921.62658002,141.64430339,309.05663374,7e-08,0.00363657
fast_repair,primary_first,100.0,0.06812920690579614,72.0,0.00867405,0.01048896,0.00824247,0.97168091,0.00224649,0.00559388,956.7114479,972.85930723,179.642766,574.19951662,7.8e-07,0.01487743
fast_repair,primary_first,100.0,0.1778279410038923,24.0,0.00018092,0.00055191,0.00017189,0.98511804,0.00038003,0.00016094,2120.21169134,1720.04575028,150.08871024,212.16606312,0.0,0.00078383
fast_repair,primary_first,100.0,0.1778279410038923,48.0,0.01470561,0.02151217,0.01397411,0.95424857,0.00753806,0.01120478,2447.05614246,2389.23303717,367.76622718,803.0523574,1.26e-06,0.030506
fast_repair,primary_first,100.0,0.1778279410038923,72.0,0.06033072,0.07051451,0.05734788,0.90716087,0.01316662,0.03731602,2471.6583235,2515.25062065,465.19402886,1489.41118264,1.428e-05,0.09976556
fast_repair,primary_first,100.0,0.464158883361278,24.0,0.00178249,0.00501695,0.00169362,0.96862693,0.00332333,0.0015767,5467.31479665,4447.543808,388.83587503,549.82479174,9e-08,0.00712097
fast_repair,primary_first,100.0,0.464158883361278,48.0,0.07035692,0.09500815,0.06689721,0.88467415,0.02811094,0.05169075,6242.8374752,6115.35867145,945.62889503,2069.52989904,2.459e-05,0.13405152
fast_repair,primary_first,100.0,0.464158883361278,72.0,0.20525669,0.22859488,0.19544455,0.75923381,0.03315033,0.11755358,6261.12954195,6385.90169822,1186.75194001,3818.64571442,0.00027802,0.31909832
fast_repair,primary_first,100.0,1.2115276586285888,24.0,0.01026987,0.02538896,0.00976105,0.94127223,0.01562792,0.00898982,13726.37905915,11272.42646376,992.03155023,1404.19950278,2.09e-06,0.03592753
fast_repair,primary_first,100.0,1.2115276586285888,48.0,0.17591229,0.22004792,0.16783743,0.77362657,0.05221048,0.12315205,15077.4436891,14947.39792625,2349.79071624,5183.88766047,0.00056545,0.30147107
fast_repair,primary_first,100.0,1.2115276586285888,72.0,0.385515,0.41660581,0.37025692,0.58308182,0.04634889,0.20311492,14752.50842988,15164.13745438,2867.02010139,9392.87697861,0.00619363,0.54358792
fast_repair,primary_first,100.0,3.1622776601683795,24.0,0.03155247,0.06800308,0.03006737,0.90273328,0.03793572,0.02728407,30112.38890558,25946.90719745,2360.87624737,3359.54696819,7.494e-05,0.09386423
fast_repair,primary_first,100.0,3.1622776601683795,48.0,0.29402982,0.35604133,0.28463774,0.65278898,0.07140359,0.19980837,28842.95869958,29686.33216035,4978.03528054,11378.19024728,0.01888429,0.4339765
fast_repair,primary_first,100.0,3.1622776601683795,72.0,0.54845935,0.59045613,0.53737994,0.42058442,0.05307619,0.27417877,27087.27601207,28184.81559686,5567.14231734,19416.71704471,0.13423992,0.66455486
fast_repair,primary_first,100.0,8.25404185268019,24.0,0.05620143,0.11519891,0.05465178,0.86437169,0.06054712,0.04912953,45257.74922946,41731.73055176,4060.37970385,5860.30624747,0.00832205,0.1349221
fast_repair,primary_first,100.0,8.25404185268019,48.0,0.38551973,0.46126369,0.38179346,0.55863652,0.07947022,0.25916026,38701.34271737,41332.39396861,7420.04114049,17745.65065473,0.27475069,0.48360274
fast_repair,primary_first,100.0,8.25404185268019,72.0,0.64021848,0.68685855,0.63770669,0.32720427,0.04915185,0.30335392,34594.55607033,36551.10890414,7592.06515783,28498.53728312,0.56957302,0.70039968
fast_repair,primary_first,100.0,21.544346900318843,24.0,0.06679413,0.13674548,0.06665052,0.84915879,0.07009496,0.05973905,47885.22746234,47199.52758977,4836.87590835,7038.99860939,0.12819975,0.13783128
fast_repair,primary_first,100.0,21.544346900318843,48.0,0.40904307,0.48741775,0.40899218,0.53363209,0.07842557,0.27318512,39250.41993765,42302.91352414,7930.81584856,19642.48520594,0.48501356,0.48750862
fast_repair,primary_first,100.0,21.544346900318843,72.0,0.65679277,0.70378495,0.6568036,0.30986444,0.04698134,0.30425689,35540.73302889,37409.11835503,7840.02447266,30618.36909319,0.70359631,0.7036166
fast_repair,primary_first,100.0,56.23413251903491,24.0,0.06398558,0.13223504,0.06366572,0.85228778,0.06856932,0.05717495,47768.67422145,46616.98991853,4708.58749391,6820.74644356,0.11762375,0.1355845
fast_repair,primary_first,100.0,56.23413251903491,48.0,0.40518043,0.48357557,0.40482,0.53743363,0.07875557,0.27139189,39368.9996248,42339.32718158,7880.30539122,19372.65377542,0.47347037,0.48592186
fast_repair,primary_first,100.0,56.23413251903491,72.0,0.65435318,0.7014749,0.65414215,0.31226567,0.04733274,0.30446036,35755.96593892,37593.87664092,7848.00665807,30382.2328868,0.69581842,0.70280485
fast_repair,primary_first,100.0,146.77992676220705,24.0,0.03133344,0.07486465,0.03109226,0.89192142,0.0437724,0.02845984,31747.11586232,28992.33280492,2642.39241816,3712.54340489,0.06408246,0.07826416
fast_repair,primary_first,100.0,146.77992676220705,48.0,0.32735367,0.40492571,0.32683535,0.6107194,0.07809036,0.22941327,26804.31732115,28559.23124091,5093.69666489,11947.15248826,0.39283609,0.40874681
fast_repair,primary_first,100.0,146.77992676220705,72.0,0.58653732,0.63748297,0.58617188,0.3751799,0.05131109,0.29188029,24422.01447554,25641.71920686,5271.18146886,19426.556513,0.62959829,0.63999605
fast_repair,primary_first,100.0,383.1186849557293,24.0,0.00800883,0.02239693,0.00795936,0.93578665,0.01443757,0.00739088,12198.1912663,11128.89699831,1012.07635198,1420.34220148,0.01956886,0.02325872
fast_repair,primary_first,100.0,383.1186849557293,48.0,0.17844947,0.23567115,0.1782022,0.75810322,0.05746895,0.13223186,10323.91611071,10992.26578026,1957.68843812,4585.86182774,0.22912121,0.23768154
fast_repair,primary_first,100.0,383.1186849557293,72.0,0.39568198,0.4436238,0.39544663,0.55696116,0.04817716,0.21747712,9413.03939585,9880.78215797,2029.35698657,7466.56291567,0.43808443,0.44534328
fast_repair,primary_first,100.0,1000.0,24.0,0.00115188,0.00361003,0.00114557,0.96626693,0.00246445,0.00107267,4686.86934768,4288.70504815,391.20403588,549.25497986,0.00317598,0.00373777
fast_repair,primary_first,100.0,1000.0,48.0,0.05505014,0.07810876,0.05497388,0.89374843,0.02313488,0.04262313,3962.05538702,4220.22131377,752.85090088,1766.11142699,0.07579973,0.07879592
fast_repair,primary_first,100.0,1000.0,72.0,0.15771744,0.18341162,0.15761515,0.79533799,0.02579647,0.09427419,3612.54374182,3792.07635564,779.25536085,2871.7939449,0.18077912,0.18420695
fast_repair,secondary_first,0.1,0.01,24.0,0.0,0.0,0.0,0.99989266,0.0,0.0,26.93596672,16.912451,1.03336813,1.32886944,0.0,0.0
fast_repair,secondary_first,0.1,0.01,48.0,6e-08,1.1e-07,5e-08,0.9993461,5e-08,5e-08,38.1967797,35.64124432,4.76857678,9.10512033,0.0,1.5e-07
fast_repair,secondary_first,0.1,0.01,72.0,7.1e-07,9.4e-07,6.7e-07,0.99897401,2.7e-07,5e-07,39.68364713,40.05260902,7.03794925,19.78378891,0.0,1.34e-06
fast_repair,secondary_first,0.1,0.026101572156825372,24.0,0.0,0.0,0.0,0.99972673,0.0,0.0,68.25842366,42.97084902,2.63319362,3.38818629,0.0,0.0
fast_repair,secondary_first,0.1,0.026101572156825372,48.0,9e-07,1.67e-06,8.5e-07,0.99836294,8.2e-07,7.4e-07,96.51010248,90.09877786,12.07151219,23.0746666,0.0,2.37e-06
fast_repair,secondary_first,0.1,0.026101572156825372,72.0,1.094e-05,1.454e-05,1.039e-05,0.99744497,4.15e-06,7.74e-06,100.23942922,101.17993305,17.78791598,50.05730315,0.0,2.063e-05
fast_repair,secondary_first,0.1,0.06812920690579614,24.0,1e-08,3e-08,1e-08,0.99933064,2e-08,1e-08,165.17269991,104.68938721,6.46321323,8.32901928,0.0,4e-08
fast_repair,secondary_first,0.1,0.06812920690579614,48.0,1.201e-05,2.212e-05,1.141e-05,0.99614241,1.071e-05,9.86e-06,231.75680623,216.65053242,29.13293969,55.84665228,0.0,3.141e-05
fast_repair,secondary_first,0.1,0.06812920690579614,72.0,0.00013781,0.00018185,0.00013095,0.99399924,5.09e-05,9.704e-05,240.52441964,242.83882284,42.74875327,120.6491229,2e-08,0.00025793
fast_repair,secondary_first,0.1,0.1778279410038923,24.0,8e-08,3.6e-07,8e-08,0.99850364,2.8e-07,7e-08,357.80672222,230.5676701,14.49637952,18.75135311,0.0,5.1e-07
fast_repair,secondary_first,0.1,0.1778279410038923,48.0,0.00011027,0.00019864,0.00010477,0.99201363,9.388e-05,9.006e-05,492.7928077,462.24579656,62.72102848,121.08342727,1e-08,0.00028198
fast_repair,secondary_first,0.1,0.1778279410038923,72.0,0.00112084,0.00145749,0.00106514,0.98733328,0.00039235,0.00078051,510.19637648,515.48129892,91.06457832,258.89643462,2.2e-07,0.00206624
fast_repair,secondary_first,0.1,0.464158883361278,24.0,5.8e-07,2.4e-06,5.5e-07,0.99721993,1.85e-06,5.2e-07,621.21808061,413.47070495,26.97771796,35.17383628,0.0,3.41e-06
fast_repair,secondary_first,0.1,0.464158883361278,48.0,0.00051377,0.00089459,0.00048816,0.98676902,0.00040642,0.0004161,825.03385072,779.87428931,107.78256574,211.07207213,4e-08,0.00126954
fast_repair,secondary_first,0.1,0.464158883361278,72.0,0.00438627,0.0055848,0.00416888,0.97799211,0.00141592,0.00300166,846.74020752,857.76367883,152.89694839,441.66199279,1.33e-06,0.00790848
fast_repair,secondary_first,0.1,1.2115276586285888,24.0,1.87e-06,7.4e-06,1.77e-06,0.99603786,5.63e-06,1.69e-06,805.14989494,558.16388137,38.26312387,50.46446577,0.0,1.052e-05
fast_repair,secondary_first,0.1,1.2115276586285888,48.0,0.00104985,0.00176196,0.00099764,0.98329649,0.00076432,0.00084194,994.58976168,958.64133685,137.00585426,274.30901162,1.3e-07,0.00249808
fast_repair,secondary_first,0.1,1.2115276586285888,72.0,0.00742269,0.00922215,0.00705829,0.97209392,0.00216386,0.00497156,987.91250574,1010.6306707,184.70752854,551.03019757,5.27e-06,0.01300751
fast_repair,secondary_first,0.1,3.1622776601683795,24.0,2.86e-06,1.081e-05,2.71e-06,0.99556155,8.1e-06,2.58e-06,775.88850051,577.21250483,42.12373232,56.27736308,0.0,1.536e-05
fast_repair,secondary_first,0.1,3.1622776601683795,48.0,0.00094299,0.00149992,0.00089702,0.98417958,0.0006029,0.00074531,800.28853603,805.91973215,124.51774624,260.78743421,8.7e-07,0.00210737
fast_repair,secondary_first,0.1,3.1622776601683795,72.0,0.00505024,0.00606946,0.00482267,0.97683068,0.00124678,0.00326991,757.12945503,786.01918951,150.91463566,482.93565849,5.107e-05,0.00827696
fast_repair,secondary_first,0.1,8.25404185268019,24.0,1.85e-06,6.41e-06,1.76e-06,0.99622013,4.64e-06,1.67e-06,491.26053541,411.64789418,33.9452347,46.51319696,0.0,9.04e-06
fast_repair,secondary_first,0.1,8.25404185268019,48.0,0.00028133,0.00042787,0.00027046,0.98959263,0.00015741,0.00022012,427.01959518,451.47430416,76.99352331,172.47005609,3.067e-05,0.00055312
fast_repair,secondary_first,0.1,8.25404185268019,72.0,0.00119136,0.00141552,0.00115854,0.98765868,0.00025698,0.00075661,384.42538144,405.35100426,82.60062528,291.01570027,0.00039985,0.00169935
fast_repair,secondary_first,0.1,21.544346900318843,24.0,3.8e-07,1.24e-06,3.7e-07,0.99769939,8.7e-07,3.5e-07,221.499089,208.19668648,19.44881564,27.45355714,7e-08,1.63e-06
fast_repair,secondary_first,0.1,21.544346900318843,48.0,3.663e-05,5.478e-05,3.583e-05,0.99494905,1.896e-05,2.876e-05,180.63515968,194.65267549,35.564996,84.79954441,2.375e-05,6.311e-05
fast_repair,secondary_first,0.1,21.544346900318843,72.0,0.00013429,0.00015846,0.00013246,0.99468881,2.6e-05,8.399e-05,161.45678176,170.68081244,35.72898792,135.14258705,0.00010108,0.00017359
fast_repair,secondary_first,0.1,56.23413251903491,24.0,4e-08,1.3e-07,4e-08,0.99889906,9e-08,4e-08,89.71613675,88.77063786,8.96031617,12.94418615,4e-08,1.6e-07
fast_repair,secondary_first,0.1,56.23413251903491,48.0,3.13e-06,4.62e-06,3.09e-06,0.99784705,1.53e-06,2.46e-06,71.73252336,77.89535425,14.72369986,36.40986373,3.19e-06,4.98e-06
fast_repair,secondary_first,0.1,56.23413251903491,72.0,1.049e-05,1.231e-05,1.042e-05,0.99784137,1.89e-06,6.47e-06,64.04916851,67.74169996,14.35232273,56.44436327,1e-05,1.288e-05
fast_repair,secondary_first,0.1,146.77992676220705,24.0,0.0,1e-08,0.0,0.99951929,1e-08,0.0,35.09695776,35.92404746,3.82412865,5.61663126,1e-08,1e-08
fast_repair,secondary_first,0.1,146.77992676220705,48.0,2.2e-07,3.3e-07,2.2e-07,0.99912887,1e-07,1.8e-07,27.85783083,30.36829662,5.86661623,14.88151904,2.6e-07,3.4e-07
fast_repair,secondary_first,0.1,146.77992676220705,72.0,7e-07,8.2e-07,7e-07,0.99914724,1.2e-07,4.3e-07,24.87207536,26.31039511,5.61461779,22.67182871,7.1e-07,8.4e-07
fast_repair,secondary_first,0.1,383.1186849557293,24.0,0.0,0.0,0.0,0.99978886,0.0,0.0,13.60345385,14.48864231,1.64350182,2.46077613,0.0,0.0
fast_repair,secondary_first,0.1,383.1186849557293,48.0,2e-08,2e-08,2e-08,0.99965065,1e-08,1e-08,10.73289264,11.74893061,2.32964847,6.09604449,2e-08,2e-08
fast_repair,secondary_first,0.1,383.1186849557293,72.0,5e-08,5e-08,5e-08,0.99966665,1e-08,3e-08,9.57922797,10.13636004,2.18196648,9.10143568,5e-08,5e-08
fast_repair,secondary_first,0.1,1000.0,24.0,0.0,0.0,0.0,0.99989882,0.0,0.0,5.28391641,6.05532037,0.76405526,1.17841853,0.0,0.0
fast_repair,secondary_first,0.1,1000.0,48.0,0.0,0.0,0.0,0.99985617,0.0,0.0,4.12490781,4.55158627,0.94845386,2.62460669,0.0,0.0
fast_repair,secondary_first,0.1,1000.0,72.0,0.0,0.0,0.0,0.99986906,0.0,0.0,3.67775458,3.89456707,0.85288016,3.78252944,0.0,0.0
fast_repair,secondary_first,3.0,0.01,24.0,0.0,2e-08,0.0,0.99947258,1e-08,0.0,96.18030025,67.6048576,4.79796318,6.39602509,0.0,3e-08
fast_repair,secondary_first,3.0,0.01,48.0,3.06e-06,5.37e-06,2.91e-06,0.99770649,2.46e-06,2.48e-06,126.7324634,119.70930339,16.82658521,33.73157802,0.0,7.62e-06
fast_repair,secondary_first,3.0,0.01,72.0,2.888e-05,3.751e-05,2.744e-05,0.99661438,1.007e-05,2.002e-05,132.45114278,133.38128305,23.67591908,69.32073906,0.0,5.325e-05
fast_repair,secondary_first,3.0,0.026101572156825372,24.0,8e-08,3.2e-07,8e-08,0.99863876,2.4e-07,7e-08,250.86345606,176.3513463,12.51634194,16.6850918,0.0,4.5e-07
fast_repair,secondary_first,3.0,0.026101572156825372,48.0,4.913e-05,8.521e-05,4.667e-05,0.99423616,3.854e-05,3.967e-05,330.35159111,312.09913662,43.87905033,87.97072307,0.0,0.00012103
fast_repair,secondary_first,3.0,0.026101572156825372,72.0,0.0004363,0.00056207,0.00041454,0.99136874,0.00014753,0.0003005,345.11406606,347.58340722,61.71364545,180.733639,2e-08,0.00079791
fast_repair,secondary_first,3.0,0.06812920690579614,24.0,1.36e-06,5.24e-06,1.3e-06,0.99654721,3.94e-06,1.23e-06,653.53589834,459.55982548,32.62055229,43.48475419,0.0,7.44e-06
fast_repair,secondary_first,3.0,0.06812920690579614,48.0,0.00067886,0.00114922,0.00064497,0.98596592,0.00050425,0.00054487,859.23190594,812.13737267,114.24853491,229.10678669,1e-08,0.00163203
fast_repair,secondary_first,3.0,0.06812920690579614,72.0,0.00525914,0.00665101,0.00499719,0.97663635,0.00165382,0.00356678,896.62779575,903.36054901,160.50156508,470.33264341,3.5e-07,0.00943723
fast_repair,secondary_first,3.0,0.1778279410038923,24.0,2.079e-05,7.783e-05,1.975e-05,0.99159548,5.808e-05,1.876e-05,1696.98647691,1194.26781885,84.79757029,113.03514983,0.0,0.00011059
fast_repair,secondary_first,3.0,0.1778279410038923,48.0,0.00682019,0.01097013,0.00648013,0.96607247,0.00449,0.00539789,2221.31556042,2102.26254394,296.21582575,594.40658135,2.5e-07,0.01557088
fast_repair,secondary_first,3.0,0.1778279410038923,72.0,0.04032182,0.04911929,0.03832206,0.92778226,0.01079723,0.02640387,2310.86408954,2330.47847309,414.83793126,1217.69685377,6.46e-06,0.06957236
fast_repair,secondary_first,3.0,0.464158883361278,24.0,0.00025577,0.00090646,0.00024299,0.98122547,0.00066347,0.00023008,4363.65619589,3077.88789178,218.71390516,291.51246884,0.0,0.00128777
fast_repair,secondary_first,3.0,0.464158883361278,48.0,0.03946152,0.05824739,0.03750387,0.91747731,0.02074352,0.0303634,5638.32747966,5356.60453703,758.34603789,1524.66282663,5.03e-06,0.08247941
fast_repair,secondary_first,3.0,0.464158883361278,72.0,0.15589284,0.17963029,0.14832944,0.80547728,0.03130085,0.09549645,5811.46236021,5877.99173525,1052.22769742,3104.19302714,0.00012819,0.25209769
fast_repair,secondary_first,3.0,1.2115276586285888,24.0,0.00204078,0.00654342,0.00193889,0.96361124,0.00460453,0.00182562,10816.16730851,7682.91091223,547.04645595,728.82615527,3e-08,0.0092921
fast_repair,secondary_first,3.0,1.2115276586285888,48.0,0.11699418,0.15705189,0.11136466,0.83059454,0.04568723,0.08632615,13340.1505878,12852.42191551,1850.45912343,3744.83454021,0.00012043,0.21918373
fast_repair,secondary_first,3.0,1.2115276586285888,72.0,0.31922125,0.35279107,0.3055993,0.64451329,0.04719177,0.18055788,13304.1058366,13596.13417769,2483.95943848,7460.99214196,0.00302645,0.47108773
fast_repair,secondary_first,3.0,3.1622776601683795,24.0,0.00719748,0.02059359,0.00683965,0.94384468,0.01375394,0.00639221,20719.80877428,15244.41610523,1102.84872773,1471.08336724,6.3e-07,0.02917616
fast_repair,secondary_first,3.0,3.1622776601683795,48.0,0.19650445,0.25241738,0.18858627,0.74603295,0.06383111,0.14114768,21215.17695365,21460.78531295,3316.28383509,6923.80258618,0.00407649,0.32767245
fast_repair,secondary_first,3.0,3.1622776601683795,72.0,0.45015571,0.49496505,0.43835144,0.51297137,0.05661361,0.24532428,19922.53640909,20725.02795122,3997.50515771,12806.28387197,0.07352217,0.58058111
fast_repair,secondary_first,3.0,8.25404185268019,24.0,0.00789628,0.02146148,0.00751767,0.94047102,0.0139438,0.00699309,15026.56207213,12581.09418988,1033.96888589,1414.56571056,1.301e-05,0.02981419
fast_repair,secondary_first,3.0,8.25404185268019,48.0,0.1878846,0.24494077,0.18318718,0.75115615,0.06175359,0.13686623,13047.30381291,13837.63768495,2359.30514897,5275.65097682,0.06760342,0.28352586
fast_repair,secondary_first,3.0,8.25404185268019,72.0,0.42462755,0.47193797,0.41956956,0.53243951,0.05236842,0.23331091,11644.65589408,12310.8584898,2520.46852181,8892.10212377,0.29932456,0.50639715
fast_repair,secondary_first,3.0,21.544346900318843,24.0,0.00335474,0.00939009,0.00323188,0.95457907,0.00615821,0.00300668,6702.27637126,6321.26889393,591.02057124,834.09722118,0.00090831,0.0118722
fast_repair,secondary_first,3.0,21.544346900318843,48.0,0.09900422,0.13359112,0.09763829,0.8449753,0.03595283,0.0740111,5437.22442767,5867.56301163,1075.34740037,2567.99666793,0.08387716,0.14523298
fast_repair,secondary_first,3.0,21.544346900318843,72.0,0.24647138,0.27951074,0.24472938,0.70673391,0.03478136,0.14054978,4854.92291496,5134.14983674,1076.62671555,4083.61505126,0.22442466,0.29238505
fast_repair,secondary_first,3.0,56.23413251903491,24.0,0.00065254,0.00190387,0.00063727,0.9738868,0.0012666,0.0005938,2694.93496447,2670.24700575,269.8733796,389.94762152,0.00071218,0.00220789
fast_repair,secondary_first,3.0,56.23413251903491,48.0,0.0256366,0.0358878,0.02541182,0.93495166,0.01047599,0.01960621,2153.08583987,2338.68810179,442.46081429,1094.96547495,0.0273536,0.03791559
fast_repair,secondary_first,3.0,56.23413251903491,72.0,0.07178364,0.08288291,0.07143286,0.89091302,0.01145005,0.04247198,1922.2302367,2033.14883451,430.92826159,1696.34316983,0.07160869,0.08559381
fast_repair,secondary_first,3.0,146.77992676220705,24.0,7.91e-05,0.00023404,7.784e-05,0.98714861,0.0001562,7.253e-05,1053.10502919,1078.27672864,114.82775456,168.66632814,0.00012316,0.0002589
fast_repair,secondary_first,3.0,146.77992676220705,48.0,0.00351936,0.00500759,0.00349705,0.97546479,0.00151053,0.00271842,835.79985741,911.16320998,176.05761605,446.68658037,0.00405857,0.00520994
fast_repair,secondary_first,3.0,146.77992676220705,72.0,0.01026991,0.01190821,0.0102323,0.96926649,0.00167591,0.00614553,746.207887,789.3659354,168.46369737,680.41674165,0.01056973,0.01219566
fast_repair,secondary_first,3.0,383.1186849557293,24.0,8.69e-06,2.514e-05,8.57e-06,0.99399819,1.657e-05,7.97e-06,408.10711265,434.66087227,49.30486655,73.82267624,1.3e-05,2.73e-05
fast_repair,secondary_first,3.0,383.1186849557293,48.0,0.0003449,0.00048647,0.00034284,0.99009409,0.00014363,0.00026521,321.98978471,352.4710428,69.88984019,182.8814891,0.00037911,0.00050415
fast_repair,secondary_first,3.0,383.1186849557293,72.0,0.00096532,0.001111,0.00096186,0.98988773,0.00014914,0.00057059,287.37944125,304.09358656,65.45952909,273.04404797,0.00095878,0.00113586
fast_repair,secondary_first,3.0,1000.0,24.0,1.22e-06,3.35e-06,1.21e-06,0.99704502,2.14e-06,1.12e-06,158.51213376,181.62510012,22.91325455,35.33809824,1.57e-06,3.51e-06
fast_repair,secondary_first,3.0,1000.0,48.0,3.377e-05,4.601e-05,3.361e-05,0.99581578,1.24e-05,2.548e-05,123.74689467,136.54448279,28.45000159,78.72010159,3.254e-05,4.711e-05
fast_repair,secondary_first,3.0,1000.0,72.0,8.257e-05,9.321e-05,8.231e-05,0.99612681,1.09e-05,4.68e-05,110.33274695,116.83687309,25.5853827,113.45748449,7.479e-05,9.47e-05
fast_repair,secondary_first,100.0,0.01,24.0,1e-08,2e-08,0.0,0.99945349,2e-08,0.0,101.12271243,70.56747785,4.98036127,6.63892686,0.0,3e-08
fast_repair,secondary_first,100.0,0.01,48.0,3.54e-06,6.22e-06,3.36e-06,0.9975883,2.86e-06,2.87e-06,134.62081465,126.8397491,17.74071694,35.45340907,0.0,8.84e-06
fast_repair,secondary_first,100.0,0.01,72.0,3.404e-05,4.432e-05,3.234e-05,0.9964136,1.198e-05,2.364e-05,141.30485354,142.0994204,25.13979836,73.27863047,0.0,6.293e-05
fast_repair,secondary_first,100.0,0.026101572156825372,24.0,9e-08,3.5e-07,9e-08,0.99858954,2.7e-07,8e-08,263.84684913,184.14404814,12.9972317,17.32581045,0.0,5e-07
fast_repair,secondary_first,100.0,0.026101572156825372,48.0,5.652e-05,9.835e-05,5.37e-05,0.99394756,4.465e-05,4.568e-05,351.05430932,330.81671834,46.28002347,92.49572959,0.0,0.0001397
fast_repair,secondary_first,100.0,0.026101572156825372,72.0,0.00051006,0.00065844,0.00048461,0.99085012,0.00017382,0.00035188,368.34072114,370.45741536,65.55565751,191.12673184,2e-08,0.00093482
fast_repair,secondary_first,100.0,0.06812920690579614,24.0,1.53e-06,5.87e-06,1.45e-06,0.99642249,4.41e-06,1.38e-06,687.9990917,480.31543673,33.90904208,45.20363947,0.0,8.33e-06
fast_repair,secondary_first,100.0,0.06812920690579614,48.0,0.00077391,0.00131244,0.00073526,0.9852813,0.00057718,0.00062148,914.05034754,861.72804331,120.61925536,241.13101771,1e-08,0.001864
fast_repair,secondary_first,100.0,0.06812920690579614,72.0,0.00604099,0.00764609,0.00573997,0.97504632,0.00190612,0.00410027,958.06283603,963.8840344,170.67543914,497.89238534,3.1e-07,0.01085093
fast_repair,secondary_first,100.0,0.1778279410038923,24.0,2.341e-05,8.742e-05,2.224e-05,0.99129057,6.518e-05,2.112e-05,1791.04133755,1251.41173739,88.39897625,117.85428823,0.0,0.00012422
fast_repair,secondary_first,100.0,0.1778279410038923,48.0,0.00763819,0.0122759,0.0072572,0.96433768,0.0050187,0.00604424,2369.95632956,2236.93248763,313.58403593,627.31328044,2.1e-07,0.01742683
fast_repair,secondary_first,100.0,0.1778279410038923,72.0,0.04486712,0.05458707,0.04264041,0.92247414,0.01194666,0.02934818,2476.95831279,2494.26359398,442.42906742,1292.70954167,5.7e-06,0.07733674
fast_repair,secondary_first,100.0,0.464158883361278,24.0,0.00029215,0.00102845,0.00027755,0.98050689,0.00075089,0.00026268,4640.77106041,3250.07067083,229.96219051,306.66643271,0.0,0.00146117
fast_repair,secondary_first,100.0,0.464158883361278,48.0,0.04313795,0.06339425,0.04099609,0.91306024,0.02239816,0.03313813,6068.73298713,5748.1841906,809.37068623,1622.28108103,4.07e-06,0.08979818
fast_repair,secondary_first,100.0,0.464158883361278,72.0,0.16697038,0.19177129,0.15885745,0.7946377,0.03291384,0.10184501,6288.31206482,6349.52678163,1132.14322012,3323.57103498,0.00011254,0.26927579
fast_repair,secondary_first,100.0,1.2115276586285888,24.0,0.00246524,0.00775184,0.00234211,0.96167671,0.00540973,0.00220212,11843.84153883,8357.02134045,594.3706308,793.24584826,2e-08,0.01100996
fast_repair,secondary_first,100.0,1.2115276586285888,48.0,0.12649455,0.16833489,0.1203892,0.82119999,0.04794569,0.09287673,14854.19785421,14248.97448881,2037.7359673,4111.69248587,9.619e-05,0.23520374
fast_repair,secondary_first,100.0,1.2115276586285888,72.0,0.33488821,0.36853908,0.3205397,0.63003006,0.04799938,0.18771376,14925.06918673,15217.2120623,2764.70572599,8253.65150236,0.00262761,0.49263588
fast_repair,secondary_first,100.0,3.1622776601683795,24.0,0.01176557,0.03141464,0.01118032,0.93400939,0.02023432,0.01039086,28141.3613439,20576.39236374,1496.76059592,2003.98207507,6.1e-07,0.04451326
fast_repair,secondary_first,100.0,3.1622776601683795,48.0,0.23180226,0.29128267,0.22251631,0.71224557,0.06876636,0.16362088,29405.50811309,29659.20719883,4549.49015409,9472.75864875,0.00386198,0.37699635
fast_repair,secondary_first,100.0,3.1622776601683795,72.0,0.49502014,0.5394697,0.48226633,0.47125743,0.05720337,0.2626522,27624.67790724,28725.37848713,5525.9949136,17618.43011126,0.07287045,0.62989295
fast_repair,secondary_first,100.0,8.25404185268019,24.0,0.03131785,0.07158208,0.02985117,0.89756542,0.04173091,0.0273212,45916.51560325,38805.4647993,3183.87615003,4348.04764338,7.062e-05,0.09793604
fast_repair,secondary_first,100.0,8.25404185268019,48.0,0.33531476,0.41075023,0.32848287,0.60732192,0.08226736,0.23226825,40732.52595904,43079.57285906,7297.45657266,16277.294886,0.13657999,0.45856952
fast_repair,secondary_first,100.0,8.25404185268019,72.0,0.60811557,0.65688997,0.60302913,0.3584522,0.05386084,0.30377721,35664.34288543,37941.23873726,7809.73328692,27503.84294781,0.46702842,0.68723694
fast_repair,secondary_first,100.0,21.544346900318843,24.0,0.05453768,0.11582498,0.05294673,0.86318247,0.06287825,0.04788272,53212.24685509,51392.03826507,4807.67330065,6770.79593929,0.0216412,0.13586712
fast_repair,secondary_first,100.0,21.544346900318843,48.0,0.3975368,0.47588171,0.3949588,0.5460193,0.08092291,0.26867739,41043.85387449,44852.90947882,8436.05954046,20386.80924594,0.38634675,0.49216679
fast_repair,secondary_first,100.0,21.544346900318843,72.0,0.6521465,0.69889323,0.65058262,0.31535209,0.04831061,0.30741889,36340.16038387,38547.93506413,8205.90161735,31848.09913603,0.64703459,0.70829054
fast_repair,secondary_first,100.0,56.23413251903491,24.0,0.07111071,0.14376537,0.07027705,0.84436119,0.07348832,0.06298431,52066.27551502,53271.13987639,5529.27416232,8018.51780197,0.09967513,0.1522757
fast_repair,secondary_first,100.0,56.23413251903491,48.0,0.42091707,0.49857717,0.4199699,0.5233249,0.07860726,0.27938223,40932.22330735,44720.96176024,8634.89373303,21713.9729153,0.46713436,0.50450076
fast_repair,secondary_first,100.0,56.23413251903491,72.0,0.66663427,0.71233715,0.66607444,0.30135578,0.04626271,0.30591623,36447.15307908,38591.75552076,8250.97111988,33160.84594065,0.69435785,0.71572161
fast_repair,secondary_first,100.0,146.77992676220705,24.0,0.06040575,0.12442913,0.06000274,0.85780157,0.06442638,0.05384845,35224.97876687,36453.30798883,3927.98927053,5783.19361345,0.10288769,0.12875852
fast_repair,secondary_first,100.0,146.77992676220705,48.0,0.3863912,0.46217466,0.38583693,0.55612278,0.07633774,0.25924971,27856.02974127,30415.5234138,5916.78341319,15106.20358848,0.44398389,0.46581343
fast_repair,secondary_first,100.0,146.77992676220705,72.0,0.63065713,0.67733275,0.63029472,0.33490158,0.04703802,0.29543651,24855.81708021,26300.0283824,5627.65888622,22899.02575307,0.66600919,0.67960753
fast_repair,secondary_first,100.0,383.1186849557293,24.0,0.02698235,0.06077567,0.02675471,0.90437796,0.03402096,0.02427803,13604.25165783,14476.13092446,1639.79788333,2454.10674134,0.04423849,0.06366074
fast_repair,secondary_first,100.0,383.1186849557293,48.0,0.25472977,0.3163267,0.2541097,0.6852803,0.06221699,0.17802504,10735.47722517,11750.47685495,2328.49989593,6088.58600307,0.29073917,0.32064968
fast_repair,secondary_first,100.0,383.1186849557293,72.0,0.47102677,0.51562524,0.47048573,0.48700786,0.04513951,0.23789983,9581.57026582,10138.78342807,2182.02511777,9094.59474299,0.49498955,0.51910988
fast_repair,secondary_first,100.0,1000.0,24.0,0.00973597,0.02300326,0.00966312,0.9392589,0.01334014,0.00880988,5276.72872671,6011.11621862,753.11271815,1159.57044551,0.01377046,0.02387867
fast_repair,secondary_first,100.0,1000.0,48.0,0.11925869,0.15223946,0.11889617,0.82750563,0.03334329,0.08538104,4124.43743407,4547.59904834,943.77915861,2601.08511267,0.12642364,0.15450148
fast_repair,secondary_first,100.0,1000.0,72.0,0.24305056,0.27005411,0.24262705,0.71313218,0.02742706,0.12868103,3677.86469476,3894.35945964,851.55551405,3758.61745482,0.24270858,0.27242079
fast_repair,precomplexed,0.1,0.01,24.0,0.0,0.0,0.0,0.99971821,0.0,0.0,32.50122006,25.71091264,2.31787788,3.40377483,0.0,1e-08
fast_repair,precomplexed,0.1,0.01,48.0,1.7e-07,2.8e-07,1.7e-07,0.99919046,1.1e-07,1.4e-07,39.10549904,37.84708945,5.73003662,12.56512046,0.0,4e-07
fast_repair,precomplexed,0.1,0.01,72.0,1.14e-06,1.43e-06,1.09e-06,0.99891244,3.4e-07,7.6e-07,39.52913499,40.24153178,7.39381106,23.51639787,0.0,2.03e-06
fast_repair,precomplexed,0.1,0.026101572156825372,24.0,2e-08,6e-08,2e-08,0.99929086,4e-08,2e-08,82.16076248,65.01542648,5.86331592,8.61106847,0.0,9e-08
fast_repair,precomplexed,0.1,0.026101572156825372,48.0,2.73e-06,4.37e-06,2.6e-06,0.99798131,1.77e-06,2.14e-06,98.79065512,95.62911361,14.48304208,31.76672103,0.0,6.2e-06
fast_repair,precomplexed,0.1,0.026101572156825372,72.0,1.756e-05,2.187e-05,1.668e-05,0.99729106,5.19e-06,1.168e-05,99.83301015,101.64053892,18.67944132,59.43154903,0.0,3.103e-05
fast_repair,precomplexed,0.1,0.06812920690579614,24.0,3e-07,8.8e-07,2.8e-07,0.99831178,5.9e-07,2.6e-07,197.5628363,156.46698001,14.12432413,20.74910655,0.0,1.24e-06
fast_repair,precomplexed,0.1,0.06812920690579614,48.0,3.514e-05,5.578e-05,3.339e-05,0.99527812,2.239e-05,2.75e-05,237.12944891,229.65334536,34.81235795,76.40585662,0.0,7.919e-05
fast_repair,precomplexed,0.1,0.06812920690579614,72.0,0.00021719,0.00026915,0.00020638,0.99360512,6.276e-05,0.00014368,239.45923125,243.84576662,44.84171266,142.80461561,4e-08,0.00038171
fast_repair,precomplexed,0.1,0.1778279410038923,24.0,2.82e-06,8.19e-06,2.68e-06,0.99645789,5.51e-06,2.5e-06,421.67988499,334.74590627,30.29760021,44.54116677,0.0,1.164e-05
fast_repair,precomplexed,0.1,0.1778279410038923,48.0,0.00029598,0.0004631,0.00028123,0.99031237,0.00018187,0.00023055,503.61613572,488.40822204,74.22262913,163.19687848,2e-08,0.00065728
fast_repair,precomplexed,0.1,0.1778279410038923,72.0,0.00170087,0.002087,0.00161639,0.98623595,0.00047062,0.00111369,507.57279279,517.16004801,95.26632916,304.18227413,3.8e-07,0.00295807
fast_repair,precomplexed,0.1,0.464158883361278,24.0,1.359e-05,3.883e-05,1.291e-05,0.99408333,2.592e-05,1.199e-05,714.45477494,570.72559821,52.00542228,76.59477358,0.0,5.516e-05
fast_repair,precomplexed,0.1,0.464158883361278,48.0,0.00121043,0.00185631,0.00115016,0.98407822,0.00070615,0.00093631,840.36858631,818.51071257,125.31274503,276.9049741,1.3e-07,0.0026334
fast_repair,precomplexed,0.1,0.464158883361278,72.0,0.00629685,0.00762003,0.0059852,0.97551443,0.00163482,0.00406142,841.35169674,858.91210797,159.09907873,511.96362601,2.33e-06,0.01078499
fast_repair,precomplexed,0.1,1.2115276586285888,24.0,2.944e-05,8.269e-05,2.797e-05,0.99241918,5.472e-05,2.594e-05,898.63078154,730.42385929,67.64555472,100.02793391,0.0,0.00011745
fast_repair,precomplexed,0.1,1.2115276586285888,48.0,0.00218654,0.00327596,0.00207804,0.9801882,0.00119792,0.00167736,1001.73235937,991.03701258,155.50338985,348.679767,4.4e-07,0.00464022
fast_repair,precomplexed,0.1,1.2115276586285888,72.0,0.01008108,0.01198206,0.00958819,0.96900537,0.00239387,0.00637298,978.01159893,1005.91058444,190.14353825,627.97904564,9.66e-06,0.01687436
fast_repair,precomplexed,0.1,3.1622776601683795,24.0,3.341e-05,9.075e-05,3.175e-05,0.99218074,5.9e-05,2.936e-05,805.5562399,699.45052389,68.6255642,102.7770987,0.0,0.00012878
fast_repair,precomplexed,0.1,3.1622776601683795,48.0,0.00174131,0.00249594,0.0016576,0.98197486,0.00083833,0.00131369,790.90934549,808.97705466,135.93862935,319.50563113,3.28e-06,0.00348605
fast_repair,precomplexed,0.1,3.1622776601683795,72.0,0.00647102,0.00749585,0.00618645,0.97521747,0.0013094,0.00394557,746.31309028,775.57620119,152.61724448,539.88989064,9.718e-05,0.01014037
fast_repair,precomplexed,0.1,8.25404185268019,24.0,1.511e-05,3.782e-05,1.439e-05,0.99396312,2.343e-05,1.319e-05,477.73134232,453.77809696,49.77270334,77.07219195,6e-08,5.258e-05
fast_repair,precomplexed,0.1,8.25404185268019,48.0,0.00047005,0.00065354,0.00045332,0.9888224,0.00020022,0.00035105,413.88972902,439.41486372,80.59818647,203.79301481,7.963e-05,0.00082667
fast_repair,precomplexed,0.1,8.25404185268019,72.0,0.00146029,0.00168128,0.0014228,0.98745361,0.00025848,0.00087114,377.37103638,396.36659474,81.89122932,319.24730814,0.00054825,0.00199566
fast_repair,precomplexed,0.1,21.544346900318843,24.0,2.43e-06,5.86e-06,2.35e-06,0.99664909,3.51e-06,2.14e-06,207.61351924,212.41427641,26.00518113,41.81864938,8.6e-07,7.37e-06
fast_repair,precomplexed,0.1,21.544346900318843,48.0,5.72e-05,7.866e-05,5.61e-05,0.99477426,2.256e-05,4.277e-05,174.42622716,187.39161053,36.25942078,97.66947253,3.955e-05,8.913e-05
fast_repair,precomplexed,0.1,21.544346900318843,72.0,0.00015902,0.00018234,0.00015702,0.99474132,2.532e-05,9.314e-05,158.54403855,166.69500724,35.11680235,146.45557899,0.00012177,0.00019846
fast_repair,precomplexed,0.1,56.23413251903491,24.0,2.3e-07,5.4e-07,2.2e-07,0.99849344,3.2e-07,2e-07,83.24617207,87.56678463,11.31794995,18.63696706,2.5e-07,6.1e-07
fast_repair,precomplexed,0.1,56.23413251903491,48.0,4.59e-06,6.28e-06,4.55e-06,0.99781415,1.73e-06,3.43e-06,69.19885763,74.65338336,14.79014631,41.16435257,4.68e-06,6.69e-06
fast_repair,precomplexed,0.1,56.23413251903491,72.0,1.203e-05,1.375e-05,1.195e-05,0.99788365,1.8e-06,6.95e-06,62.91528565,66.14762988,14.04286249,60.54498932,1.151e-05,1.433e-05
fast_repair,precomplexed,0.1,146.77992676220705,24.0,2e-08,4e-08,2e-08,0.99938251,2e-08,1e-08,32.40761384,34.49616107,4.57020888,7.61101038,3e-08,4e-08
fast_repair,precomplexed,0.1,146.77992676220705,48.0,3e-07,4.1e-07,3e-07,0.99913071,1.1e-07,2.2e-07,26.86415688,29.02099756,5.80737057,16.40888909,3.5e-07,4.2e-07
fast_repair,precomplexed,0.1,146.77992676220705,72.0,7.7e-07,8.7e-07,7.6e-07,0.99916896,1.1e-07,4.4e-07,24.4352221,25.68795986,5.46987257,23.93686682,8e-07,8.9e-07
fast_repair,precomplexed,0.1,383.1186849557293,24.0,0.0,0.0,0.0,0.99975704,0.0,0.0,12.48930271,13.35575188,1.78724078,2.99007607,0.0,0.0
fast_repair,precomplexed,0.1,383.1186849557293,48.0,2e-08,2e-08,2e-08,0.99966194,1e-08,1e-08,10.34442229,11.1801664,2.24605177,6.38516894,2e-08,3e-08
fast_repair,precomplexed,0.1,383.1186849557293,72.0,5e-08,5e-08,5e-08,0.9996782,1e-08,3e-08,9.41112308,9.89307563,2.10899016,9.28452239,5e-08,5e-08
fast_repair,precomplexed,0.1,1000.0,24.0,0.0,0.0,0.0,0.99990599,0.0,0.0,4.79544609,5.13702005,0.68994476,1.15613672,0.0,0.0
fast_repair,precomplexed,0.1,1000.0,48.0,0.0,0.0,0.0,0.99986974,0.0,0.0,3.97079476,4.29231091,0.86355685,2.46040098,0.0,0.0
fast_repair,precomplexed,0.1,1000.0,72.0,0.0,0.0,0.0,0.99987619,0.0,0.0,3.61288923,3.79781052,0.80994394,3.57343055,0.0,0.0
fast_repair,precomplexed,3.0,0.01,24.0,5e-08,1.6e-07,5e-08,0.99905244,1.1e-07,5e-08,107.38991307,85.65463302,7.824544,11.54239465,0.0,2.3e-07
fast_repair,precomplexed,3.0,0.01,48.0,6.3e-06,1.002e-05,5.98e-06,0.9973706,4.04e-06,4.93e-06,129.38933116,125.05163694,18.98343831,41.84915665,0.0,1.423e-05
fast_repair,precomplexed,3.0,0.01,72.0,3.981e-05,4.957e-05,3.782e-05,0.99646603,1.174e-05,2.643e-05,132.26197497,134.10906905,24.53650653,78.16978063,0.0,7.037e-05
fast_repair,precomplexed,3.0,0.026101572156825372,24.0,9.3e-07,2.69e-06,8.8e-07,0.99757334,1.81e-06,8.2e-07,280.05592513,223.40743892,20.41079815,30.10982459,0.0,3.82e-06
fast_repair,precomplexed,3.0,0.026101572156825372,48.0,9.932e-05,0.00015637,9.436e-05,0.99339854,6.201e-05,7.749e-05,337.23732544,325.98666108,49.49833435,109.13390219,0.0,0.00022208
fast_repair,precomplexed,3.0,0.026101572156825372,72.0,0.00059564,0.00073635,0.00056595,0.99090208,0.00017041,0.00039258,344.59740387,349.45067189,63.9510035,203.79356481,3e-08,0.00104518
fast_repair,precomplexed,3.0,0.06812920690579614,24.0,1.49e-05,4.242e-05,1.416e-05,0.99395556,2.827e-05,1.314e-05,729.27596298,581.99318483,53.18926009,78.4697002,0.0,6.027e-05
fast_repair,precomplexed,3.0,0.06812920690579614,48.0,0.00131944,0.0020283,0.00125361,0.98372313,0.0007747,0.00102102,876.86544333,847.99334603,128.84367187,284.17388613,4e-08,0.00287998
fast_repair,precomplexed,3.0,0.06812920690579614,72.0,0.00702494,0.00854266,0.00667522,0.97438537,0.00186744,0.00454914,895.12087941,908.01069645,166.27946669,530.26413674,5.6e-07,0.01211889
fast_repair,precomplexed,3.0,0.1778279410038923,24.0,0.00020532,0.00056302,0.00019506,0.98580351,0.00036796,0.00018052,1891.47251184,1511.11109721,138.22591798,203.96126639,0.0,0.00079986
fast_repair,precomplexed,3.0,0.1778279410038923,48.0,0.01224949,0.01792507,0.01163927,0.95846219,0.0062858,0.00930259,2264.93866773,2193.07851688,333.8050075,736.93212028,6.6e-07,0.02543293
fast_repair,precomplexed,3.0,0.1778279410038923,72.0,0.0515782,0.06064734,0.04902392,0.91670217,0.01162343,0.03207818,2305.80762336,2341.02991372,429.48195794,1372.30765403,1.044e-05,0.08585388
fast_repair,precomplexed,3.0,0.464158883361278,24.0,0.00206117,0.00522881,0.00195823,0.96968212,0.00327058,0.00179982,4847.67622357,3885.0063565,356.27716728,525.98319601,2e-08,0.00742643
fast_repair,precomplexed,3.0,0.464158883361278,48.0,0.06276085,0.08483187,0.05965838,0.89371336,0.02517349,0.04592538,5734.14128533,5572.91791348,852.71056801,1887.76362476,1.309e-05,0.11993858
fast_repair,precomplexed,3.0,0.464158883361278,72.0,0.18735262,0.20966993,0.17832391,0.77666248,0.03134602,0.10791192,5789.89495005,5893.66016516,1087.18837037,3494.25758859,0.00020685,0.29352026
fast_repair,precomplexed,3.0,1.2115276586285888,24.0,0.01203766,0.02691897,0.011438,0.9419435,0.01548097,0.01037553,11881.95000407,9626.38048162,890.29673213,1316.5764951,5.3e-07,0.03818239
fast_repair,precomplexed,3.0,1.2115276586285888,48.0,0.1651565,0.20600516,0.15736669,0.78555879,0.04863847,0.11465525,13439.84405101,13242.21931893,2065.23904398,4617.52825368,0.00031607,0.28510648
fast_repair,precomplexed,3.0,1.2115276586285888,72.0,0.36508206,0.3950268,0.35003362,0.60294907,0.04499319,0.19241262,13187.78109977,13545.21352552,2548.47167056,8366.55708528,0.00482827,0.52173514
fast_repair,precomplexed,3.0,3.1622776601683795,24.0,0.03270281,0.06473914,0.03110086,0.90773136,0.03363827,0.02775631,21563.8085719,18508.04762056,1788.95075605,2668.50790044,1.482e-05,0.09096204
fast_repair,precomplexed,3.0,3.1622776601683795,48.0,0.2635084,0.31857006,0.25381825,0.68430114,0.06475181,0.17717931,20906.22381472,21461.76520433,3606.21454108,8432.98411943,0.01071995,0.40241938
fast_repair,precomplexed,3.0,3.1622776601683795,72.0,0.50487903,0.54513412,0.492912,0.46287897,0.05222212,0.2544187,19634.84554212,20433.77137414,4033.8858429,14256.32303804,0.10626114,0.62890479
fast_repair,precomplexed,3.0,8.25404185268019,24.0,0.03227446,0.06305322,0.03087599,0.90513706,0.03217722,0.02743274,14686.54034297,13916.48402266,1523.40795332,2356.40402265,0.00055128,0.08366331
fast_repair,precomplexed,3.0,8.25404185268019,48.0,0.25170391,0.308693,0.2464962,0.69191555,0.0621968,0.17184319,12611.97548618,13442.81628406,2471.70753432,6245.36370087,0.12052264,0.34817689
fast_repair,precomplexed,3.0,8.25404185268019,72.0,0.47557126,0.51868465,0.47070756,0.48558544,0.04797709,0.2409267,11418.74187979,12020.3123091,2496.0384305,9760.80081597,0.35498277,0.55139742
fast_repair,precomplexed,3.0,21.544346900318843,24.0,0.01419197,0.02932325,0.01378789,0.93419082,0.01553536,0.01231263,6268.8011994,6437.43928849,790.48316608,1271.72113259,0.00776373,0.0349344
fast_repair,precomplexed,3.0,21.544346900318843,48.0,0.1353851,0.17128666,0.13383539,0.81042738,0.03745127,0.09518523,5248.47892417,5644.8014933,1095.66122606,2958.2876298,0.11836866,0.18374856
fast_repair,precomplexed,3.0,21.544346900318843,72.0,0.27957018,0.31074322,0.27782005,0.67606799,0.03292317,0.14811565,4766.87796179,5013.32899886,1057.79047274,4426.46019278,0.25655751,0.32356426
fast_repair,precomplexed,3.0,56.23413251903491,24.0,0.00283519,0.00621239,0.0027861,0.96510435,0.00342629,0.00250308,2499.86873995,2632.62450055,340.84809922,561.57644896,0.00338066,0.00692215
fast_repair,precomplexed,3.0,56.23413251903491,48.0,0.03556223,0.04655416,0.0353043,0.92513314,0.01124987,0.02574055,2076.95625471,2241.1217341,444.41639759,1238.22535514,0.0375983,0.04875776
fast_repair,precomplexed,3.0,56.23413251903491,72.0,0.08156657,0.09220881,0.08121501,0.88201316,0.0109938,0.04518078,1888.18113809,1985.26248131,421.61604462,1819.94527948,0.08139094,0.0949108
fast_repair,precomplexed,3.0,146.77992676220705,24.0,0.00030831,0.00070193,0.00030493,0.9837996,0.000397,0.00027502,972.39620105,1035.40691474,137.26257702,228.64895951,0.00049456,0.00075259
fast_repair,precomplexed,3.0,146.77992676220705,48.0,0.00465859,0.0062227,0.0046366,0.97439373,0.0015861,0.0034294,805.98549957,870.73558162,174.29087744,492.65353537,0.00543621,0.0064153
fast_repair,precomplexed,3.0,146.77992676220705,72.0,0.01125152,0.0128011,0.0112193,0.96872638,0.00158179,0.00635555,733.10057409,770.69024813,164.12336088,718.51239652,0.01179611,0.01305108
fast_repair,precomplexed,3.0,383.1186849557293,24.0,2.33e-05,5.405e-05,2.31e-05,0.99313227,3.094e-05,2.088e-05,374.69290869,400.73190853,53.63774421,89.74595528,4.191e-05,5.707e-05
fast_repair,precomplexed,3.0,383.1186849557293,48.0,0.00038682,0.00052139,0.00038539,0.99033457,0.000136,0.00028693,310.33658324,335.41375778,67.38972283,191.60573842,0.00047091,0.00053403
fast_repair,precomplexed,3.0,383.1186849557293,72.0,0.0009525,0.00108524,0.00095039,0.9901899,0.00013485,0.0005417,282.33627557,296.79549383,63.27242739,278.58775211,0.00102021,0.00110169
fast_repair,precomplexed,3.0,1000.0,24.0,1.48e-06,3.45e-06,1.47e-06,0.99724721,1.99e-06,1.33e-06,143.86483961,154.1182969,20.70123155,34.69036711,2.74e-06,3.64e-06
fast_repair,precomplexed,3.0,1000.0,48.0,2.559e-05,3.462e-05,2.55e-05,0.99620108,9.12e-06,1.904e-05,119.12413471,128.77022768,25.907791,73.81915075,3.149e-05,3.541e-05
fast_repair,precomplexed,3.0,1000.0,72.0,6.35e-05,7.236e-05,6.336e-05,0.99634488,9e-06,3.62e-05,108.38683121,113.9345379,24.29864603,107.2101609,6.833e-05,7.339e-05
fast_repair,precomplexed,100.0,0.01,24.0,7e-08,1.9e-07,6e-08,0.99899514,1.3e-07,6e-08,114.00916918,90.88819205,8.30311746,12.25096366,0.0,2.7e-07
fast_repair,precomplexed,100.0,0.01,48.0,7.54e-06,1.2e-05,7.16e-06,0.99721165,4.83e-06,5.9e-06,137.77516248,133.03329806,20.17199092,44.45117254,0.0,1.704e-05
fast_repair,precomplexed,100.0,0.01,72.0,4.777e-05,5.952e-05,4.539e-05,0.99624301,1.413e-05,3.173e-05,141.19632481,143.0439344,26.13145313,83.14233607,0.0,8.45e-05
fast_repair,precomplexed,100.0,0.026101572156825372,24.0,1.11e-06,3.22e-06,1.06e-06,0.99742865,2.16e-06,9.8e-07,297.42559302,237.14098445,21.66672453,31.96935519,0.0,4.58e-06
fast_repair,precomplexed,100.0,0.026101572156825372,48.0,0.00011817,0.00018597,0.00011227,0.99300845,7.37e-05,9.218e-05,359.23868259,346.92883096,52.6170623,115.96178904,0.0,0.00026413
fast_repair,precomplexed,100.0,0.026101572156825372,72.0,0.00070811,0.00087551,0.0006728,0.99030476,0.0002027,0.00046669,368.03259358,372.88903251,68.13544675,216.84061949,3e-08,0.00124285
fast_repair,precomplexed,100.0,0.06812920690579614,24.0,1.778e-05,5.054e-05,1.69e-05,0.99360651,3.364e-05,1.568e-05,775.25134748,618.34901379,56.51427727,83.392912,0.0,7.18e-05
fast_repair,precomplexed,100.0,0.06812920690579614,48.0,0.00154856,0.00237632,0.00147127,0.98274522,0.00090505,0.00119751,935.07463811,903.40891984,137.09780082,302.24662962,3e-08,0.0033744
fast_repair,precomplexed,100.0,0.06812920690579614,72.0,0.00818349,0.00994277,0.00777594,0.97237681,0.00216683,0.00529343,957.08658635,969.99764182,177.34940063,564.78911791,5.3e-07,0.01410723
fast_repair,precomplexed,100.0,0.1778279410038923,24.0,0.00024335,0.00066453,0.00023118,0.98502826,0.00043334,0.00021387,2016.020764,1609.62538664,147.23867233,217.30727564,0.0,0.0009441
fast_repair,precomplexed,100.0,0.1778279410038923,48.0,0.01400756,0.02041391,0.01330955,0.95566246,0.00710436,0.01061919,2422.43021923,2343.07723534,356.15891445,785.89048328,6e-07,0.02896759
fast_repair,precomplexed,100.0,0.1778279410038923,72.0,0.0579209,0.06792706,0.05505092,0.90970713,0.01287614,0.03589634,2473.18418057,2508.56005727,459.42681585,1465.76572137,9.72e-06,0.09617902
fast_repair,precomplexed,100.0,0.464158883361278,24.0,0.00241629,0.00607819,0.00229561,0.96807196,0.00378258,0.00210818,5207.608651,4169.92694741,382.36636802,564.62515143,2e-08,0.00863321
fast_repair,precomplexed,100.0,0.464158883361278,48.0,0.06927962,0.0930208,0.06585313,0.88663544,0.02716767,0.05050861,6187.50013092,6005.30136564,917.25121832,2029.23324034,1.188e-05,0.13154249
fast_repair,precomplexed,100.0,0.464158883361278,72.0,0.20141444,0.22451224,0.19170118,0.76315952,0.03281106,0.11516518,6269.18742155,6374.26367375,1173.32956316,3763.69926196,0.00019141,0.3143668
fast_repair,precomplexed,100.0,1.2115276586285888,24.0,0.01412966,0.03108242,0.0134256,0.9382079,0.01765682,0.01215457,13151.08570727,10634.25228169,982.85724269,1453.75984916,4.7e-07,0.04409255
fast_repair,precomplexed,100.0,1.2115276586285888,48.0,0.17822024,0.22045267,0.16980662,0.7729792,0.05064604,0.12287986,15007.09019471,14747.49563544,2291.69752166,5115.68336402,0.00028225,0.30517362
fast_repair,precomplexed,100.0,1.2115276586285888,72.0,0.38301479,0.41278004,0.36723281,0.58638749,0.04554723,0.19956427,14803.07678506,15178.92778713,2845.29395248,9304.99178554,0.00441366,0.54497684
fast_repair,precomplexed,100.0,3.1622776601683795,24.0,0.04476385,0.0846411,0.04257449,0.89243434,0.04206662,0.03771995,29615.82644896,25164.54773615,2414.63534468,3598.11474278,1.609e-05,0.11879376
fast_repair,precomplexed,100.0,3.1622776601683795,48.0,0.30212639,0.35969244,0.29121209,0.64767974,0.06848035,0.19960176,28961.61133534,29687.1177619,4956.05495713,11526.63784159,0.01076611,0.45165158
fast_repair,precomplexed,100.0,3.1622776601683795,72.0,0.54951647,0.58914142,0.53687544,0.42128874,0.05226599,0.26939896,27224.32854883,28317.70983347,5577.42258422,19590.71695615,0.10802227,0.6754629
fast_repair,precomplexed,100.0,8.25404185268019,24.0,0.08871124,0.15256528,0.08516511,0.83638229,0.06740017,0.07381349,45143.00542086,42631.05412119,4655.64509455,7182.19546299,0.00222522,0.19531625
fast_repair,precomplexed,100.0,8.25404185268019,48.0,0.41444082,0.484016,0.40774159,0.53515173,0.07627441,0.26655895,39203.02416621,41838.57175181,7645.53313227,19214.48428739,0.2223448,0.52769266
fast_repair,precomplexed,100.0,8.25404185268019,72.0,0.65786147,0.70052846,0.65336215,0.31302358,0.04716631,0.29982886,34852.66278142,36892.31692375,7711.80910549,30090.20295759,0.53358899,0.72710344
fast_repair,precomplexed,100.0,21.544346900318843,24.0,0.13140476,0.21495005,0.12891005,0.78909861,0.08603999,0.10986203,48571.73621582,51400.89312865,6422.66778488,10343.13299623,0.10033418,0.23669829
fast_repair,precomplexed,100.0,21.544346900318843,48.0,0.47366304,0.54352791,0.4713451,0.47700373,0.07218281,0.29432317,39493.08118675,42861.21654283,8529.33638907,23417.41516774,0.46488433,0.55780959
fast_repair,precomplexed,100.0,21.544346900318843,72.0,0.696914,0.7375501,0.69555228,0.27481544,0.04199782,0.29797359,35648.89870529,37575.85226695,8029.90571742,34478.66556566,0.69249391,0.74571794
fast_repair,precomplexed,100.0,56.23413251903491,24.0,0.15497587,0.24475316,0.15390496,0.76539542,0.09084819,0.12942375,47999.18357101,51927.88075417,6994.52611003,11664.91247326,0.20073968,0.25312545
fast_repair,precomplexed,100.0,56.23413251903491,48.0,0.49471756,0.56352562,0.49387391,0.45660698,0.06965171,0.30101423,39451.85835325,42760.2894096,8663.28443052,24735.48750712,0.53603051,0.56871436
fast_repair,precomplexed,100.0,56.23413251903491,72.0,0.70959018,0.74928774,0.70910216,0.26257423,0.04018557,0.29496426,35792.04108398,37663.72156407,8065.88598881,35795.36898814,0.73365803,0.75223647
fast_repair,precomplexed,100.0,146.77992676220705,24.0,0.13071657,0.21195645,0.13024179,0.79037697,0.08171466,0.11017608,32529.05340905,35104.09781688,4774.7209058,8034.49875861,0.19239068,0.21592511
fast_repair,precomplexed,100.0,146.77992676220705,48.0,0.45383054,0.52233692,0.45339178,0.49494749,0.06894514,0.28108387,26861.96982778,29072.72388007,5885.54251633,16897.63850703,0.50848229,0.52516456
fast_repair,precomplexed,100.0,146.77992676220705,72.0,0.67141419,0.71275439,0.6711373,0.29798831,0.04161709,0.28740065,24418.12917995,25677.11158858,5489.99998605,24428.41853113,0.70427861,0.71449445
fast_repair,precomplexed,100.0,383.1186849557293,24.0,0.05673721,0.10286923,0.05650218,0.87324242,0.04636705,0.04908101,12505.28980952,13426.94689745,1812.53058702,3043.96633425,0.09218252,0.10531153
fast_repair,precomplexed,100.0,383.1186849557293,48.0,0.2922091,0.3507641,0.29182987,0.65100621,0.05893422,0.19322697,10348.30194135,11189.87622433,2255.92875269,6447.30713232,0.33891773,0.3534988
fast_repair,precomplexed,100.0,383.1186849557293,72.0,0.49477575,0.53664061,0.49446377,0.46528353,0.04217684,0.23559702,9413.4617237,9896.15423806,2112.15495286,9348.12839848,0.52745993,0.53877843
fast_repair,precomplexed,100.0,1000.0,24.0,0.01352417,0.02743839,0.01344966,0.93699589,0.01398873,0.01192332,4797.15859791,5146.04451821,693.36471068,1163.55239679,0.02361609,0.02837358
fast_repair,precomplexed,100.0,1000.0,48.0,0.11249966,0.14207246,0.11227336,0.83582658,0.0297991,0.07881957,3971.11568686,4293.35199165,864.83606884,2468.81744187,0.13470233,0.14388068
fast_repair,precomplexed,100.0,1000.0,72.0,0.22605015,0.25169181,0.22580089,0.73004787,0.02589092,0.11856816,3613.05519832,3798.05583034,810.32776493,3581.98702658,0.24425259,0.25352809
slow_repair,simultaneous,0.1,0.01,24.0,1e-08,4e-08,1e-08,0.99929689,3e-08,1e-08,31.60471962,23.67622596,1.93767448,2.74330968,0.0,6e-08
slow_repair,simultaneous,0.1,0.01,48.0,1.859e-05,3.816e-05,1.767e-05,0.99496607,2.049e-05,1.554e-05,39.04907651,37.56821468,5.5229183,11.64600284,0.0,5.418e-05
slow_repair,simultaneous,0.1,0.01,72.0,0.00055019,0.00084583,0.00052278,0.98792726,0.00032306,0.00041838,39.50451232,40.20177018,7.32852631,22.56584262,6e-08,0.00120034
slow_repair,simultaneous,0.1,0.026101572156825372,24.0,1.8e-07,6.9e-07,1.7e-07,0.99821651,5.1e-07,1.6e-07,79.96517285,60.01564496,4.9242848,6.97712453,0.0,9.7e-07
slow_repair,simultaneous,0.1,0.026101572156825372,48.0,0.00028866,0.00058794,0.00027426,0.98729476,0.00031368,0.00024094,98.65141968,94.94064687,13.97251819,29.49670082,2e-08,0.00083481
slow_repair,simultaneous,0.1,0.026101572156825372,72.0,0.00793383,0.01203511,0.00753874,0.96479506,0.00449637,0.00600279,99.7853991,101.55190513,18.51921204,57.08500245,9.8e-07,0.01707635
slow_repair,simultaneous,0.1,0.06812920690579614,24.0,2.63e-06,9.93e-06,2.5e-06,0.99566819,7.43e-06,2.37e-06,192.72766864,145.33917383,12.00398776,17.04248373,0.0,1.411e-05
slow_repair,simultaneous,0.1,0.06812920690579614,48.0,0.00365206,0.00729074,0.0034699,0.96803667,0.00382084,0.00303789,236.81706655,228.1056473,33.66688035,71.2816612,2.2e-07,0.01035081
slow_repair,simultaneous,0.1,0.06812920690579614,72.0,0.0787946,0.1132955,0.07487691,0.87022573,0.03841859,0.05843588,239.42391713,243.69840285,44.4863144,137.51443357,1.392e-05,0.16064013
slow_repair,simultaneous,0.1,0.1778279410038923,24.0,2.905e-05,0.00010757,2.76e-05,0.99047734,7.997e-05,2.613e-05,413.53418406,315.49332293,26.48064356,37.78229986,0.0,0.00015281
slow_repair,simultaneous,0.1,0.1778279410038923,48.0,0.02885755,0.05445985,0.0274192,0.91811523,0.02704066,0.02377573,503.04887076,485.65163116,72.19538401,153.97480966,2.27e-06,0.07729142
slow_repair,simultaneous,0.1,0.1778279410038923,72.0,0.32187043,0.40250612,0.3059896,0.62810691,0.09651652,0.22287431,507.77632023,517.087454,94.65158161,294.68567477,0.00014282,0.5685535
slow_repair,simultaneous,0.1,0.464158883361278,24.0,0.00018391,0.00065867,0.00017472,0.98271797,0.00048394,0.00016508,705.83369808,550.51401846,47.70478607,68.76453702,0.0,0.00093568
slow_repair,simultaneous,0.1,0.464158883361278,48.0,0.10175456,0.17323522,0.09669259,0.82674438,0.07654264,0.08218426,839.56008883,815.23585721,123.05666679,266.40100481,1.273e-05,0.24561928
slow_repair,simultaneous,0.1,0.464158883361278,72.0,0.53098741,0.59191806,0.50553586,0.439419,0.0863822,0.33175523,841.95279487,859.05113167,158.41992802,501.1488649,0.00081815,0.82379546
slow_repair,simultaneous,0.1,1.2115276586285888,24.0,0.0005318,0.00182945,0.00050523,0.97582389,0.00132421,0.00047607,892.61455293,717.88369967,64.90839149,94.90552357,1e-08,0.00259866
slow_repair,simultaneous,0.1,1.2115276586285888,48.0,0.16821496,0.26437817,0.15988826,0.75560347,0.10448991,0.13322659,1000.94569568,988.58031774,154.02032225,341.7854062,4.211e-05,0.37388184
slow_repair,simultaneous,0.1,1.2115276586285888,72.0,0.61131779,0.66114064,0.58400947,0.3650566,0.07713117,0.36036526,978.45197056,1005.95847167,189.67455573,620.8302007,0.00303274,0.88959451
slow_repair,simultaneous,0.1,3.1622776601683795,24.0,0.00073704,0.00243796,0.00070028,0.97336334,0.00173768,0.00065801,803.05121137,694.12600787,67.44171649,100.53102176,3e-08,0.00346092
slow_repair,simultaneous,0.1,3.1622776601683795,48.0,0.16625835,0.25792833,0.15826544,0.75608045,0.09966289,0.13092895,790.58492177,807.96984934,135.31004095,316.51838045,0.00026361,0.359708
slow_repair,simultaneous,0.1,3.1622776601683795,72.0,0.62580801,0.69820111,0.6034002,0.34014592,0.09480091,0.37877215,746.44354512,775.55780869,152.4165544,536.7936149,0.02417143,0.86766766
slow_repair,simultaneous,0.1,8.25404185268019,24.0,0.00041163,0.00128234,0.00039166,0.97789114,0.00089069,0.00036623,477.212314,452.37451846,49.41217237,76.36449522,7.3e-07,0.00179851
slow_repair,simultaneous,0.1,8.25404185268019,48.0,0.07742241,0.12796259,0.07439823,0.85114314,0.05356437,0.06206859,413.84090662,439.20935626,80.43053957,202.90780221,0.0076882,0.1660544
slow_repair,simultaneous,0.1,8.25404185268019,72.0,0.45264065,0.55177361,0.44190852,0.48802388,0.10986509,0.30192812,377.39551082,396.36568413,81.84133733,318.34153829,0.18522077,0.63642572
slow_repair,simultaneous,0.1,21.544346900318843,24.0,7.847e-05,0.00023765,7.546e-05,0.98681814,0.00016219,7.03e-05,207.56097657,212.19483284,25.93426088,41.67113512,1.891e-05,0.00030822
slow_repair,simultaneous,0.1,21.544346900318843,48.0,0.01355512,0.02347052,0.0132244,0.94262728,0.01024611,0.01108746,174.42338663,187.3687557,36.23129856,97.49731262,0.00827974,0.02762267
slow_repair,simultaneous,0.1,21.544346900318843,72.0,0.1172074,0.15795326,0.11534224,0.82190067,0.04261102,0.08383799,158.54653093,166.69526274,35.10900352,146.28136283,0.08926601,0.17549414
slow_repair,simultaneous,0.1,56.23413251903491,24.0,8.02e-06,2.42e-05,7.83e-06,0.99378554,1.636e-05,7.28e-06,83.24378129,87.55076515,11.31131887,18.62208228,8.71e-06,2.837e-05
slow_repair,simultaneous,0.1,56.23413251903491,48.0,0.00127425,0.00223538,0.00125723,0.97843282,0.00097815,0.00105338,69.19875449,74.65202039,14.78779797,41.14779646,0.0014044,0.00244564
slow_repair,simultaneous,0.1,56.23413251903491,72.0,0.01200944,0.01672871,0.01190247,0.95610786,0.00482624,0.00876456,62.91538542,66.14761712,14.04222766,60.5283105,0.01253802,0.01777636
slow_repair,simultaneous,0.1,146.77992676220705,24.0,6e-07,1.79e-06,5.9e-07,0.99739225,1.21e-06,5.4e-07,32.408582,34.50208729,4.57237929,7.61560542,1.06e-06,1.97e-06
slow_repair,simultaneous,0.1,146.77992676220705,48.0,8.945e-05,0.00015744,8.876e-05,0.99152569,6.868e-05,7.429e-05,26.86422936,29.02154475,5.80817447,16.41411213,0.00012268,0.00016586
slow_repair,simultaneous,0.1,146.77992676220705,72.0,0.00084628,0.00118688,0.00084197,0.98580167,0.00034491,0.00062061,24.43521491,25.68799624,5.4700959,23.94214505,0.00101255,0.00122907
slow_repair,simultaneous,0.1,383.1186849557293,24.0,4e-08,1.1e-07,4e-08,0.99896352,8e-08,3e-08,12.48995535,13.36041435,1.78915153,2.99428931,8e-08,1.2e-07
slow_repair,simultaneous,0.1,383.1186849557293,48.0,5.51e-06,9.7e-06,5.47e-06,0.99668504,4.22e-06,4.58e-06,10.34447375,11.18057355,2.24672988,6.38986731,8.14e-06,1.008e-05
slow_repair,simultaneous,0.1,383.1186849557293,72.0,5.197e-05,7.301e-05,5.178e-05,0.9946706,2.123e-05,3.816e-05,9.41112287,9.89310657,2.10917662,9.28926218,6.526e-05,7.493e-05
slow_repair,simultaneous,0.1,1000.0,24.0,0.0,1e-08,0.0,0.9995975,0.0,0.0,4.79571548,5.13908037,0.69082001,1.15809094,0.0,1e-08
slow_repair,simultaneous,0.1,1000.0,48.0,3.2e-07,5.6e-07,3.2e-07,0.99871748,2.5e-07,2.7e-07,3.97081691,4.29248766,0.86386346,2.46256806,4.8e-07,5.9e-07
slow_repair,simultaneous,0.1,1000.0,72.0,3.02e-06,4.25e-06,3.01e-06,0.99795148,1.24e-06,2.22e-06,3.61289028,3.79782484,0.81002802,3.57561572,3.84e-06,4.35e-06
slow_repair,simultaneous,3.0,0.01,24.0,1.42e-06,4.91e-06,1.34e-06,0.99672862,3.57e-06,1.27e-06,108.02305562,86.59178255,7.96386152,11.76587217,0.0,6.98e-06
slow_repair,simultaneous,3.0,0.01,48.0,0.00105319,0.00204241,0.00100059,0.98092908,0.00104182,0.00086943,129.53653551,125.34787369,19.09442248,42.23307716,1e-08,0.00290112
slow_repair,simultaneous,3.0,0.01,72.0,0.02180017,0.03199908,0.02071258,0.94264229,0.01128651,0.01622507,132.24303895,134.1431377,24.58150945,78.59347408,7.5e-07,0.04543357
slow_repair,simultaneous,3.0,0.026101572156825372,24.0,2.4e-05,8.273e-05,2.28e-05,0.9916239,5.993e-05,2.148e-05,281.70626106,225.85077229,20.77378421,30.69172752,0.0,0.00011755
slow_repair,simultaneous,3.0,0.026101572156825372,48.0,0.01497922,0.02806983,0.0142313,0.9431804,0.01383853,0.01229016,337.61907124,326.75722263,49.78745612,110.13383417,2.6e-07,0.0398668
slow_repair,simultaneous,3.0,0.026101572156825372,72.0,0.19946682,0.26401147,0.1895346,0.74764629,0.07447687,0.14190022,344.54663036,349.53778968,64.06805274,204.8967025,1.333e-05,0.37451738
slow_repair,simultaneous,3.0,0.06812920690579614,24.0,0.0003778,0.00127792,0.00035892,0.97899647,0.000919,0.00033771,733.56607965,588.35274,54.13204425,79.97861288,0.0,0.00181564
slow_repair,simultaneous,3.0,0.06812920690579614,48.0,0.12920067,0.21074496,0.12275836,0.79940476,0.08798659,0.10314648,877.84451953,849.98593803,129.5944014,286.76871975,4.63e-06,0.29910796
slow_repair,simultaneous,3.0,0.06812920690579614,72.0,0.55824347,0.60784232,0.53097381,0.4206892,0.07686851,0.33756363,894.97931728,908.22594789,166.58177116,533.1239743,0.00023629,0.85370484
slow_repair,simultaneous,3.0,0.1778279410038923,24.0,0.00489433,0.01564465,0.00464978,0.94826988,0.01099487,0.00436024,1902.54169375,1527.57176039,140.65228263,207.82718702,3e-08,0.02222553
slow_repair,simultaneous,3.0,0.1778279410038923,48.0,0.39360619,0.50490645,0.37420714,0.54214209,0.13069931,0.29012671,2267.36981332,2198.14272751,335.73486632,743.59361192,8.451e-05,0.71173261
slow_repair,simultaneous,3.0,0.1778279410038923,72.0,0.7346971,0.75466286,0.70499223,0.2589765,0.04967063,0.36274051,2305.37384153,2341.50475757,430.24747729,1379.62920036,0.00415019,0.97198054
slow_repair,simultaneous,3.0,0.464158883361278,24.0,0.03824797,0.10345259,0.03633856,0.87432776,0.06711402,0.0337082,4875.47190994,3926.73081931,362.32193452,535.48276683,6.4e-07,0.14690068
slow_repair,simultaneous,3.0,0.464158883361278,48.0,0.58888012,0.66912125,0.56277774,0.36482648,0.10634351,0.39288809,5739.5029505,5585.0299407,857.50008756,1904.23222332,0.00160261,0.88898139
slow_repair,simultaneous,3.0,0.464158883361278,72.0,0.87721045,0.90499184,0.85931491,0.1153634,0.04567693,0.39281087,5788.28092847,5894.23149465,1088.9963651,3512.19834215,0.06724484,0.99123739
slow_repair,simultaneous,3.0,1.2115276586285888,24.0,0.12894879,0.26995267,0.12255191,0.75054753,0.14740076,0.11104514,11941.93477219,9719.69352655,902.85733352,1335.17160513,1.364e-05,0.3817803
slow_repair,simultaneous,3.0,1.2115276586285888,48.0,0.73828728,0.82266136,0.71728755,0.22007257,0.10537381,0.4668464,13444.96411026,13262.97215531,2075.04208334,4650.6760479,0.03237966,0.94443853
slow_repair,simultaneous,3.0,1.2115276586285888,72.0,0.95391344,0.96977485,0.94584294,0.04115623,0.02393191,0.37642653,13180.29424391,13541.46208975,2551.40097808,8401.30961732,0.53704414,0.99581604
slow_repair,simultaneous,3.0,3.1622776601683795,24.0,0.21691065,0.38961963,0.20663494,0.64637787,0.18298469,0.18299677,21554.96317464,18500.86787943,1781.005711,2648.30090285,0.00029459,0.53435057
slow_repair,simultaneous,3.0,3.1622776601683795,48.0,0.84010014,0.91211508,0.82765582,0.12378708,0.08445926,0.51115697,20894.2512956,21448.65613716,3602.37419477,8409.53052351,0.38020397,0.96223622
slow_repair,simultaneous,3.0,3.1622776601683795,72.0,0.98313453,0.99243217,0.98111754,0.0129192,0.01131463,0.34635122,19626.73863563,20424.20915312,4031.27702421,14229.70911547,0.9297068,0.99718291
slow_repair,simultaneous,3.0,8.25404185268019,24.0,0.23744996,0.4325263,0.22811165,0.61440151,0.20441465,0.20164111,14659.92808853,13857.22607117,1509.57259789,2329.87114702,0.00729739,0.5440694
slow_repair,simultaneous,3.0,8.25404185268019,48.0,0.87691926,0.94372573,0.87126575,0.08853638,0.07245997,0.52835889,12607.08140472,13430.71721972,2464.49181061,6210.52129555,0.78867787,0.96242768
slow_repair,simultaneous,3.0,8.25404185268019,72.0,0.98908957,0.99572157,0.98848848,0.00775255,0.00723309,0.33052485,11418.47694519,12018.47437771,2493.53753977,9724.37407324,0.98334303,0.99717666
slow_repair,simultaneous,3.0,21.544346900318843,24.0,0.18059329,0.36805665,0.17592498,0.67278455,0.19213166,0.1578007,6266.28738765,6428.42403929,787.77054336,1266.18348828,0.11675154,0.4231503
slow_repair,simultaneous,3.0,21.544346900318843,48.0,0.85867961,0.93614403,0.85610009,0.10080808,0.08004395,0.53493187,5248.19592348,5643.66236755,1094.52742773,2951.68835201,0.88274137,0.94542834
slow_repair,simultaneous,3.0,21.544346900318843,72.0,0.9870687,0.99501075,0.98679239,0.00901451,0.00821836,0.34226771,4766.90094778,5013.23155153,1057.45412916,4419.73399942,0.99063975,0.9957627
slow_repair,simultaneous,3.0,56.23413251903491,24.0,0.0675997,0.16631874,0.06638465,0.81830446,0.09993409,0.06069718,2499.7367776,2631.93130358,340.5828346,560.99424224,0.08690399,0.18511199
slow_repair,simultaneous,3.0,56.23413251903491,48.0,0.74515139,0.86653402,0.74318589,0.1929858,0.12334813,0.51081985,2076.94131642,2241.0494891,444.31820418,1237.56725459,0.82222112,0.87564161
slow_repair,simultaneous,3.0,56.23413251903491,72.0,0.9712374,0.98798622,0.97094841,0.02071955,0.01703782,0.39359154,1888.18078188,1985.25540786,421.58813939,1819.27920582,0.98346316,0.9889054
slow_repair,simultaneous,3.0,146.77992676220705,24.0,0.01019748,0.02868934,0.01006596,0.92578633,0.01862339,0.00929878,972.42115931,1035.56387274,137.32060682,228.77153051,0.01830657,0.03118916
slow_repair,simultaneous,3.0,146.77992676220705,48.0,0.42662591,0.58596396,0.42509392,0.48195471,0.16087003,0.32798005,805.98692529,870.74946499,174.31222085,492.792622,0.53572493,0.59719246
slow_repair,simultaneous,3.0,146.77992676220705,72.0,0.87700387,0.93339073,0.87639292,0.09735568,0.05699781,0.46209189,733.10014842,770.69090446,164.12923303,718.65281616,0.92090591,0.93613014
slow_repair,simultaneous,3.0,383.1186849557293,24.0,0.00085107,0.002502,0.00084221,0.97042526,0.00165979,0.00078043,374.7123186,400.86922334,53.69430264,89.87061567,0.00177621,0.00268225
slow_repair,simultaneous,3.0,383.1186849557293,48.0,0.08533641,0.13988203,0.08493525,0.83996359,0.05494678,0.06968854,310.33807406,335.42571977,67.40976742,191.74469455,0.12209036,0.14419509
slow_repair,simultaneous,3.0,383.1186849557293,72.0,0.43720534,0.53936978,0.43630464,0.49639766,0.10306514,0.29264925,282.33625456,296.79638588,63.27793395,278.72792133,0.51127386,0.54609381
slow_repair,simultaneous,3.0,1000.0,24.0,5.566e-05,0.00016587,5.511e-05,0.98823828,0.00011076,5.112e-05,143.87294471,154.17973787,20.72740643,34.74879083,0.00012093,0.0001773
slow_repair,simultaneous,3.0,1000.0,48.0,0.00718522,0.01243184,0.00714911,0.95747502,0.00528273,0.00594947,119.12479205,128.77550188,25.91695481,73.88392628,0.01071473,0.01286182
slow_repair,simultaneous,3.0,1000.0,72.0,0.0589386,0.08059036,0.05875666,0.88976254,0.0218337,0.04255155,108.38686165,113.93496453,24.30115861,107.27547592,0.07375566,0.08229444
slow_repair,simultaneous,100.0,0.01,24.0,1.6e-06,5.55e-06,1.52e-06,0.99659952,4.03e-06,1.43e-06,114.03440912,90.92917718,8.31087754,12.26514925,0.0,7.88e-06
slow_repair,simultaneous,100.0,0.01,48.0,0.0012103,0.00235109,0.00114984,0.97993037,0.00120124,0.00099952,137.78111463,133.04532516,20.17708442,44.47209017,1e-08,0.00333981
slow_repair,simultaneous,100.0,0.01,72.0,0.02518574,0.0369453,0.02392888,0.93776992,0.01301643,0.01874548,141.19563302,143.04538646,26.13340339,83.16485935,6.5e-07,0.0524621
slow_repair,simultaneous,100.0,0.026101572156825372,24.0,2.707e-05,9.332e-05,2.571e-05,0.99129617,6.761e-05,2.422e-05,297.49109144,237.24816045,21.6869638,32.00635655,0.0,0.0001326
slow_repair,simultaneous,100.0,0.026101572156825372,48.0,0.01699849,0.03181564,0.01614956,0.9395473,0.01566608,0.01394579,359.25406645,346.96013153,52.63035249,116.01634621,2.1e-07,0.04519055
slow_repair,simultaneous,100.0,0.026101572156825372,72.0,0.21894572,0.28711397,0.20803967,0.72875399,0.07907429,0.15507635,368.03069644,372.89268898,68.14056037,216.89935589,1.153e-05,0.40734226
slow_repair,simultaneous,100.0,0.06812920690579614,24.0,0.0004255,0.00143803,0.00040423,0.97817623,0.00103379,0.00038031,775.42198726,618.62739844,56.5670655,83.48944281,0.0,0.0020432
slow_repair,simultaneous,100.0,0.06812920690579614,48.0,0.14051168,0.22684378,0.13350309,0.78740809,0.09334069,0.11192906,935.1138987,903.48992205,137.13242933,302.38873362,3.73e-06,0.32199784
slow_repair,simultaneous,100.0,0.06812920690579614,72.0,0.57194621,0.61764595,0.54399284,0.4093181,0.07365311,0.34179886,957.0811775,970.00653969,177.36271238,564.94198735,0.00020445,0.86756818
slow_repair,simultaneous,100.0,0.1778279410038923,24.0,0.00548613,0.01745352,0.00521197,0.94610276,0.01224154,0.00488576,2016.45930668,1610.34789174,147.37602006,217.55864131,2e-08,0.02479683
slow_repair,simultaneous,100.0,0.1778279410038923,48.0,0.40624627,0.51555266,0.38620443,0.53121056,0.12934824,0.29785849,2422.52757106,2343.28295335,356.24834515,786.25924333,6.795e-05,0.72704147
slow_repair,simultaneous,100.0,0.1778279410038923,72.0,0.73778617,0.75636097,0.70792572,0.25664531,0.04843525,0.36020807,2473.16774472,2508.58007485,459.46057082,1466.16122887,0.0035931,0.97407598
slow_repair,simultaneous,100.0,0.464158883361278,24.0,0.04222364,0.11243699,0.04011508,0.86830183,0.07232192,0.03716504,5208.70659277,4171.77693237,382.72193011,565.27718084,4.3e-07,0.15968094
slow_repair,simultaneous,100.0,0.464158883361278,48.0,0.59507855,0.67205008,0.56856824,0.36046441,0.10348184,0.39421005,6187.71546272,6005.79502263,917.47741855,2030.17969354,0.00128453,0.89449624
slow_repair,simultaneous,100.0,0.464158883361278,72.0,0.87763017,0.90491516,0.85960459,0.11525258,0.04531058,0.38998776,6269.1258433,6374.28986732,1173.41096556,3764.70576271,0.0587434,0.99172393
slow_repair,simultaneous,100.0,1.2115276586285888,24.0,0.14136906,0.28737002,0.1343473,0.73738449,0.15302272,0.12128075,13153.54841527,10638.77658947,983.7611258,1455.42827908,9.07e-06,0.40665938
slow_repair,simultaneous,100.0,1.2115276586285888,48.0,0.74248642,0.82412565,0.72112305,0.21752747,0.10300261,0.46517877,15007.31858001,14748.40640776,2292.22430469,5118.01611546,0.02608716,0.94774003
slow_repair,simultaneous,100.0,1.2115276586285888,72.0,0.95344471,0.96861229,0.94502364,0.04202481,0.02358865,0.37260541,14802.77407831,15178.78567222,2845.44861529,9307.39814071,0.50138628,0.99607419
slow_repair,simultaneous,100.0,3.1622776601683795,24.0,0.25842266,0.43505492,0.24628088,0.60602928,0.18877404,0.21532118,29617.77099814,25172.8808091,2416.72354388,3602.09674073,0.0002835,0.59270776
slow_repair,simultaneous,100.0,3.1622776601683795,48.0,0.85482482,0.919672,0.84251795,0.11300862,0.07715405,0.50742899,28960.61211223,29686.92023951,4956.8564382,11531.37938279,0.37145187,0.96783503
slow_repair,simultaneous,100.0,3.1622776601683795,72.0,0.98462139,0.993007,0.9826179,0.0118982,0.0103891,0.3360721,27223.44561096,28316.79773937,5577.50303912,19595.25375765,0.92811692,0.99760868
slow_repair,simultaneous,100.0,8.25404185268019,24.0,0.37753732,0.59160287,0.3652591,0.47438037,0.22634377,0.3118369,45141.04521911,42637.07805825,4658.80569461,7189.07378822,0.02896514,0.69670658
slow_repair,simultaneous,100.0,8.25404185268019,48.0,0.91881105,0.96496193,0.91471568,0.05749816,0.05024625,0.51044858,39199.4326627,41835.35724626,7646.13518745,19221.27159432,0.85601493,0.97679829
slow_repair,simultaneous,100.0,8.25404185268019,72.0,0.99321175,0.99739038,0.9928208,0.00479794,0.00456958,0.29709624,34850.84329679,36889.92811309,7711.52439394,30096.15412666,0.98911919,0.99827884
slow_repair,simultaneous,100.0,21.544346900318843,24.0,0.48363552,0.70893915,0.47687747,0.37065262,0.23206168,0.39850763,48561.91977899,51396.92692931,6425.83943668,10351.57876603,0.4570673,0.74766193
slow_repair,simultaneous,100.0,21.544346900318843,48.0,0.94381401,0.97773064,0.94268492,0.03836507,0.03504571,0.49174956,39489.41374314,42856.35389045,8529.27619396,23424.26918755,0.95645287,0.9808755
slow_repair,simultaneous,100.0,21.544346900318843,72.0,0.99548877,0.99834837,0.99539226,0.00307788,0.00295611,0.27205218,35647.2602515,37573.54151636,8029.41364145,34484.55871527,0.99676638,0.99858199
slow_repair,simultaneous,100.0,56.23413251903491,24.0,0.53821679,0.75571081,0.53561522,0.3241513,0.22009558,0.43992672,47988.13263199,51918.39754494,6996.77044502,11672.63458733,0.6813231,0.7686929
slow_repair,simultaneous,100.0,56.23413251903491,48.0,0.95214776,0.98150495,0.9517855,0.03225023,0.02971945,0.47864357,39447.50702279,42754.25702269,8662.67022307,24740.90611462,0.97563311,0.98252217
slow_repair,simultaneous,100.0,56.23413251903491,72.0,0.99619305,0.9986288,0.99616286,0.00256304,0.00246595,0.26048285,35790.11274531,37660.97499054,8065.15773674,35799.62470223,0.99819298,0.99870429
slow_repair,simultaneous,100.0,146.77992676220705,24.0,0.51665756,0.74016425,0.51553575,0.34135007,0.2246285,0.4262303,32522.38206404,35070.78455676,4762.10743994,8007.0680482,0.70868751,0.74594927
slow_repair,simultaneous,100.0,146.77992676220705,48.0,0.94879928,0.98017386,0.94863846,0.03441904,0.0315354,0.48329777,26860.54004087,29068.56819755,5880.78067181,16866.44329641,0.97765765,0.98063485
slow_repair,simultaneous,100.0,146.77992676220705,72.0,0.99590155,0.99852681,0.99588805,0.00275022,0.00263877,0.26454077,24417.65268627,25676.21991238,5488.5545354,24396.66149398,0.99833951,0.99856113
slow_repair,simultaneous,100.0,383.1186849557293,24.0,0.38810747,0.62835319,0.38712572,0.45522054,0.24122747,0.33195102,12505.42263637,13428.66547427,1813.28623654,3045.6453857,0.59702307,0.6349406
slow_repair,simultaneous,100.0,383.1186849557293,48.0,0.9254477,0.96997288,0.9252567,0.05067321,0.04471618,0.50927653,10348.27672623,11189.97057716,2256.18330536,6449.15077332,0.9671028,0.9705738
slow_repair,simultaneous,100.0,383.1186849557293,72.0,0.99380394,0.99773959,0.99378688,0.00418368,0.00395271,0.29049928,9413.44205789,9896.13807598,2112.2192498,9349.97603296,0.99752179,0.99778519
slow_repair,simultaneous,100.0,1000.0,24.0,0.20214618,0.40464107,0.20125062,0.64836359,0.20339045,0.17943362,4797.37903693,5147.80604356,694.11940455,1165.24044219,0.36512615,0.41376931
slow_repair,simultaneous,100.0,1000.0,48.0,0.86608538,0.94056086,0.86572037,0.09464323,0.07484049,0.53211809,3971.13178572,4293.49945877,865.09919944,2470.68635632,0.93461769,0.9419125
slow_repair,simultaneous,100.0,1000.0,72.0,0.98765963,0.99529641,0.98762125,0.00850376,0.00767516,0.33538256,3613.05507111,3798.06652125,810.39955579,3583.87071364,0.99480898,0.99540721
slow_repair,primary_first,0.1,0.01,24.0,0.0,1e-08,0.0,0.99960392,0.0,0.0,30.17164261,20.57734356,1.40169938,1.85131752,0.0,1e-08
slow_repair,primary_first,0.1,0.01,48.0,9.31e-06,2.043e-05,8.84e-06,0.99573578,1.158e-05,7.89e-06,38.93347827,37.09963392,5.21157166,10.34876103,0.0,2.9e-05
slow_repair,primary_first,0.1,0.01,72.0,0.00039274,0.00062271,0.00037318,0.98889892,0.00024953,0.00030316,39.48010772,40.14145652,7.22766791,21.21478517,6e-08,0.00088349
slow_repair,primary_first,0.1,0.026101572156825372,24.0,2e-08,9e-08,2e-08,0.99899609,7e-08,2e-08,76.34064348,52.14813439,3.55813897,4.7010634,0.0,1.3e-07
slow_repair,primary_first,0.1,0.026101572156825372,48.0,0.00014495,0.00031607,0.00013773,0.98929422,0.00017834,0.00012269,98.3574183,93.74788641,13.18046197,26.19154639,1e-08,0.00044867
slow_repair,primary_first,0.1,0.026101572156825372,72.0,0.0057077,0.00894053,0.00542367,0.96874434,0.00351685,0.00438769,99.74006655,101.41056669,18.26359764,53.64429084,9.4e-07,0.0126823
slow_repair,primary_first,0.1,0.06812920690579614,24.0,2.9e-07,1.33e-06,2.7e-07,0.99756713,1.06e-06,2.6e-07,184.00709662,126.22276352,8.64988549,11.43854859,0.0,1.89e-06
slow_repair,primary_first,0.1,0.06812920690579614,48.0,0.00185085,0.00396954,0.0017586,0.9738625,0.00221095,0.00156286,236.09856338,225.18719565,31.73197249,63.17565219,1.8e-07,0.00563425
slow_repair,primary_first,0.1,0.06812920690579614,72.0,0.05870583,0.08773867,0.05578914,0.89137039,0.03194954,0.04443397,239.41344856,243.42537125,43.8675795,129.08521331,1.324e-05,0.12437271
slow_repair,primary_first,0.1,0.1778279410038923,24.0,3.06e-06,1.401e-05,2.91e-06,0.9946888,1.111e-05,2.79e-06,394.81637063,273.69003493,18.96350886,25.13448848,0.0,1.991e-05
slow_repair,primary_first,0.1,0.1778279410038923,48.0,0.01508327,0.03097907,0.01433198,0.93800779,0.01664709,0.01265755,501.40080397,479.09547486,67.89939879,135.82972613,1.79e-06,0.04395688
slow_repair,primary_first,0.1,0.1778279410038923,72.0,0.26364602,0.34614291,0.25064017,0.67962314,0.09550274,0.18923991,508.2165921,516.80123385,93.29952043,275.84964732,0.00013272,0.48898318
slow_repair,primary_first,0.1,0.464158883361278,24.0,1.797e-05,8.075e-05,1.708e-05,0.9905597,6.367e-05,1.636e-05,671.44031511,475.06710052,33.67389417,44.85225459,0.0,0.00011469
slow_repair,primary_first,0.1,0.464158883361278,48.0,0.05612169,0.10653366,0.05333073,0.87632137,0.05320293,0.04653105,835.71374398,801.98354944,114.98578881,232.23974169,9.14e-06,0.15104417
slow_repair,primary_first,0.1,0.464158883361278,72.0,0.46889414,0.54612606,0.44632487,0.49050925,0.09980118,0.31040927,843.80881995,859.0408371,155.86615759,465.61552923,0.00071768,0.76187426
slow_repair,primary_first,0.1,1.2115276586285888,24.0,4.433e-05,0.00019449,4.211e-05,0.98744879,0.00015237,4.03e-05,836.15837817,605.98138871,44.18719358,59.25083591,0.0,0.00027623
slow_repair,primary_first,0.1,1.2115276586285888,48.0,0.09211693,0.16494217,0.08755401,0.83216485,0.07738815,0.07558438,992.81089908,965.43506676,141.53553945,290.01316176,2.502e-05,0.23340238
slow_repair,primary_first,0.1,1.2115276586285888,72.0,0.54555546,0.61446376,0.52072713,0.41899026,0.09373663,0.34667057,981.38574226,1005.33948551,185.51144985,566.47578725,0.00239978,0.83423031
slow_repair,primary_first,0.1,3.1622776601683795,24.0,4.486e-05,0.00019243,4.263e-05,0.98740271,0.0001498,4.075e-05,738.55523724,562.95753562,42.84850933,57.93886014,0.0,0.00027306
slow_repair,primary_first,0.1,3.1622776601683795,48.0,0.07563338,0.13625215,0.07200392,0.84964817,0.06424823,0.06209612,781.30737982,781.80547327,120.78014806,255.34735265,0.00013985,0.19013173
slow_repair,primary_first,0.1,3.1622776601683795,72.0,0.52091632,0.61501025,0.50151486,0.42916669,0.11349539,0.34420502,748.54831267,773.92777803,147.52470853,472.58422627,0.01821409,0.77605764
slow_repair,primary_first,0.1,8.25404185268019,24.0,1.239e-05,5.213e-05,1.183e-05,0.99114561,4.03e-05,1.129e-05,437.05695553,352.92764735,28.31607433,38.70843862,1.2e-07,7.152e-05
slow_repair,primary_first,0.1,8.25404185268019,48.0,0.02134834,0.0414281,0.02061596,0.92148371,0.02081214,0.01793421,409.29121539,423.25538248,69.44502013,152.29044838,0.00416361,0.05212073
slow_repair,primary_first,0.1,8.25404185268019,72.0,0.27639926,0.37208121,0.27038954,0.64960931,0.10169167,0.20135514,378.50230017,395.52893883,78.38330522,265.97881163,0.13717408,0.42598616
slow_repair,primary_first,0.1,21.544346900318843,24.0,1.51e-06,6.36e-06,1.46e-06,0.99538955,4.91e-06,1.39e-06,194.30626867,165.03418053,13.94172729,19.26789051,1.63e-06,8.05e-06
slow_repair,primary_first,0.1,21.544346900318843,48.0,0.00262139,0.00526596,0.00256673,0.96761157,0.00269923,0.00223925,173.40759725,181.84067429,30.89326296,69.60565249,0.00276139,0.00608854
slow_repair,primary_first,0.1,21.544346900318843,72.0,0.04766104,0.07027055,0.04700383,0.89841836,0.02326672,0.03633227,158.88824903,166.49335572,33.55486314,117.83624914,0.04798955,0.07734036
slow_repair,primary_first,0.1,56.23413251903491,24.0,1.4e-07,5.8e-07,1.3e-07,0.99790497,4.4e-07,1.3e-07,79.81438465,70.24649706,6.13679053,8.53708553,2.6e-07,6.8e-07
slow_repair,primary_first,0.1,56.23413251903491,48.0,0.0002241,0.00045399,0.00022136,0.98655885,0.00023263,0.00019304,68.95627646,72.95453597,12.70604316,29.1792834,0.00032402,0.00049437
slow_repair,primary_first,0.1,56.23413251903491,72.0,0.00427967,0.00645008,0.00424612,0.97038572,0.00220396,0.00330087,62.97161506,66.05919787,13.45410418,48.39087902,0.00525786,0.00681738
slow_repair,primary_first,0.1,146.77992676220705,24.0,1e-08,4e-08,1e-08,0.99912067,3e-08,1e-08,31.4067468,28.23254901,2.52298149,3.52663242,3e-08,5e-08
slow_repair,primary_first,0.1,146.77992676220705,48.0,1.547e-05,3.14e-05,1.536e-05,0.99456331,1.604e-05,1.339e-05,26.78805436,28.45086035,5.02079381,11.6625474,2.63e-05,3.299e-05
slow_repair,primary_first,0.1,146.77992676220705,72.0,0.00029356,0.00044449,0.00029228,0.989276,0.00015221,0.00022722,24.44072393,25.64828719,5.24973688,19.13277683,0.00039976,0.00045842
slow_repair,primary_first,0.1,383.1186849557293,24.0,0.0,0.0,0.0,0.99964776,0.0,0.0,12.16518356,11.05460328,0.99999656,1.40139857,0.0,0.0
slow_repair,primary_first,0.1,383.1186849557293,48.0,9.6e-07,1.94e-06,9.5e-07,0.99785685,9.9e-07,8.3e-07,10.31838339,10.97847645,1.95017051,4.55684681,1.75e-06,2.01e-06
slow_repair,primary_first,0.1,383.1186849557293,72.0,1.801e-05,2.73e-05,1.796e-05,0.99586709,9.34e-06,1.396e-05,9.41069687,9.87723898,2.02656811,7.43557937,2.563e-05,2.782e-05
slow_repair,primary_first,0.1,1000.0,24.0,0.0,0.0,0.0,0.9998621,0.0,0.0,4.68273821,4.27849645,0.38946461,0.54650639,0.0,0.0
slow_repair,primary_first,0.1,1000.0,48.0,6e-08,1.1e-07,6e-08,0.99916757,6e-08,5e-08,3.96148214,4.21854469,0.75182984,1.76203351,1.1e-07,1.2e-07
slow_repair,primary_first,0.1,1000.0,72.0,1.05e-06,1.6e-06,1.05e-06,0.9984026,5.5e-07,8.2e-07,3.6123624,3.79174547,0.77890154,2.86749624,1.53e-06,1.62e-06
slow_repair,primary_first,3.0,0.01,24.0,4.7e-07,1.92e-06,4.5e-07,0.99741497,1.47e-06,4.3e-07,112.83721559,90.26751562,7.58792941,10.56359806,0.0,2.72e-06
slow_repair,primary_first,3.0,0.01,48.0,0.00088454,0.00177285,0.0008404,0.98148051,0.00093245,0.00073657,130.74310684,127.46007358,19.45789731,41.93935179,3e-08,0.00251758
slow_repair,primary_first,3.0,0.01,72.0,0.0209301,0.03100187,0.01988674,0.94340928,0.01111513,0.01567514,132.20291174,134.49117902,24.81001831,78.60767477,1.19e-06,0.04400542
slow_repair,primary_first,3.0,0.026101572156825372,24.0,7.97e-06,3.235e-05,7.57e-06,0.99338033,2.477e-05,7.22e-06,294.22013828,235.35650803,19.77690528,27.52825184,0.0,4.595e-05
slow_repair,primary_first,3.0,0.026101572156825372,48.0,0.01261433,0.02446758,0.01198504,0.94618353,0.01248254,0.01044822,340.74324433,332.23474173,50.72462844,109.32615962,5.2e-07,0.03473953
slow_repair,primary_first,3.0,0.026101572156825372,72.0,0.19241897,0.25727419,0.18285124,0.75343074,0.07442295,0.13809393,344.43294196,350.43153454,64.65832516,204.8860618,2.117e-05,0.36476067
slow_repair,primary_first,3.0,0.06812920690579614,24.0,0.00012565,0.0005023,0.00011938,0.98347605,0.00038293,0.00011369,765.87293853,612.55177132,51.4224101,71.5472255,0.0,0.00071347
slow_repair,primary_first,3.0,0.06812920690579614,48.0,0.11139829,0.18932418,0.10585258,0.81556792,0.08347159,0.09014341,885.82575089,864.03722424,131.96091496,284.37828584,9.27e-06,0.26853249
slow_repair,primary_first,3.0,0.06812920690579614,72.0,0.54779384,0.60260708,0.52122227,0.42755337,0.08138481,0.33788947,894.62105689,910.45758504,168.07995687,532.76773806,0.00037334,0.84369317
slow_repair,primary_first,3.0,0.1778279410038923,24.0,0.0016473,0.00632438,0.00156507,0.96058735,0.00475931,0.00148779,1984.35855479,1586.41811638,132.82667734,184.60561711,7e-08,0.00898156
slow_repair,primary_first,3.0,0.1778279410038923,48.0,0.35695637,0.47813011,0.33948219,0.5697928,0.13864792,0.27002807,2286.98692569,2233.09184382,341.35247292,735.37931665,0.00016694,0.67181724
slow_repair,primary_first,3.0,0.1778279410038923,72.0,0.7357347,0.76320727,0.70732479,0.25438508,0.05588247,0.37875148,2304.01081512,2346.62269486,433.85969942,1376.40069538,0.00645623,0.96767035
slow_repair,primary_first,3.0,0.464158883361278,24.0,0.01380275,0.04735922,0.0131148,0.91209297,0.03424442,0.01240281,5070.39800471,4048.1729986,336.41566023,466.13543887,1.15e-06,0.06720764
slow_repair,primary_first,3.0,0.464158883361278,48.0,0.55571308,0.6574078,0.5319778,0.38485088,0.12543,0.38847612,5781.85542171,5663.56532173,868.04697345,1868.41938322,0.00305394,0.86033364
slow_repair,primary_first,3.0,0.464158883361278,72.0,0.8819371,0.91184998,0.86545039,0.10903954,0.04639958,0.41356503,5781.72446007,5902.52252188,1096.24538661,3487.04159893,0.09800727,0.98891334
slow_repair,primary_first,3.0,1.2115276586285888,24.0,0.05096886,0.14541639,0.04844809,0.83646329,0.0969683,0.04535809,12291.36123508,9760.303025,792.12661504,1088.12084251,1.832e-05,0.20546938
slow_repair,primary_first,3.0,1.2115276586285888,48.0,0.70507395,0.81078084,0.68630115,0.23983143,0.12447969,0.47531846,13489.87233706,13367.28752572,2068.96310713,4443.85030266,0.05351833,0.92075706
slow_repair,primary_first,3.0,1.2115276586285888,72.0,0.95371563,0.97219869,0.94673561,0.03968516,0.02546308,0.40045496,13147.48798005,13530.25540362,2553.5947909,8204.85795304,0.61860412,0.9940143
slow_repair,primary_first,3.0,3.1622776601683795,24.0,0.07669361,0.20127719,0.07299071,0.79107579,0.12828648,0.06794166,20869.69076524,16289.11262451,1263.04938935,1713.12676509,0.00010821,0.28027917
slow_repair,primary_first,3.0,3.1622776601683795,48.0,0.78295512,0.88389062,0.77106567,0.16338564,0.11282496,0.52109142,20829.42888067,21163.89529085,3358.78697598,7209.23631251,0.38244935,0.93519092
slow_repair,primary_first,3.0,3.1622776601683795,72.0,0.97752892,0.99033243,0.97554876,0.01664396,0.01478367,0.38345238,19637.76258383,20405.37196893,3957.8661545,12998.88294318,0.93173987,0.99514839
slow_repair,primary_first,3.0,8.25404185268019,24.0,0.0522505,0.15483801,0.05016047,0.81922048,0.10467754,0.04702845,13447.78689486,10868.49647008,873.50673467,1194.62881363,0.00177468,0.19982696
slow_repair,primary_first,3.0,8.25404185268019,48.0,0.78926458,0.89986923,0.78412824,0.15030621,0.11574099,0.53874612,12460.29609297,12938.98129339,2132.15993377,4683.03475489,0.74187721,0.91894747
slow_repair,primary_first,3.0,8.25404185268019,72.0,0.98026033,0.99232051,0.97964706,0.01372579,0.01267346,0.38516286,11445.69475713,11985.80683993,2387.69079174,8141.74461455,0.97931984,0.99384797
slow_repair,primary_first,3.0,21.544346900318843,24.0,0.0160168,0.05697079,0.01555785,0.89055594,0.04141294,0.01472489,5866.59166207,4995.69602569,423.04590732,584.95824472,0.0216255,0.06886193
slow_repair,primary_first,3.0,21.544346900318843,48.0,0.69934745,0.84592194,0.69670884,0.22042638,0.1492131,0.50887118,5217.05470933,5476.11529069,932.39979979,2103.99551067,0.79995812,0.8590119
slow_repair,primary_first,3.0,21.544346900318843,72.0,0.96850293,0.98746689,0.96813918,0.02189855,0.01932771,0.4198589,4776.67820578,5006.53067315,1010.19811053,3555.15972466,0.98334056,0.98863088
slow_repair,primary_first,3.0,56.23413251903491,24.0,0.00241878,0.00957612,0.0023666,0.94547044,0.00720952,0.00225035,2397.21676721,2111.68003917,184.66058725,256.94969079,0.00484057,0.01108932
slow_repair,primary_first,3.0,56.23413251903491,48.0,0.47664818,0.66411991,0.47456033,0.41810294,0.18955958,0.37629086,2069.66024462,2190.1076422,381.66748936,876.94202884,0.61359135,0.67866585
slow_repair,primary_first,3.0,56.23413251903491,72.0,0.92217475,0.96477418,0.9216534,0.05712396,0.04312078,0.47544545,1889.83896555,1982.57346901,403.89114318,1453.57998928,0.95774523,0.96677167
slow_repair,primary_first,3.0,146.77992676220705,24.0,0.00022548,0.00093239,0.00022215,0.97545303,0.00071024,0.00021159,942.43037647,847.40830246,75.75403604,105.89888145,0.0006161,0.00103248
slow_repair,primary_first,3.0,146.77992676220705,48.0,0.15645039,0.27077152,0.15568958,0.74377943,0.11508194,0.13158041,803.7059527,853.63812274,150.67005733,350.04137178,0.24340445,0.27911203
slow_repair,primary_first,3.0,146.77992676220705,72.0,0.71260924,0.82131679,0.71177531,0.23449707,0.10954147,0.45749778,733.26404513,769.4994251,157.51363882,574.16842811,0.80528387,0.82614617
slow_repair,primary_first,3.0,383.1186849557293,24.0,1.608e-05,6.765e-05,1.591e-05,0.98976063,5.174e-05,1.516e-05,364.98018027,331.69361914,30.00894841,42.05612464,5.132e-05,7.27e-05
slow_repair,primary_first,3.0,383.1186849557293,48.0,0.01863631,0.03629553,0.01856122,0.92613332,0.01773431,0.01604049,309.55648047,329.36536587,58.5108206,136.72722203,0.03297324,0.03731158
slow_repair,primary_first,3.0,383.1186849557293,72.0,0.22415383,0.30886227,0.22373195,0.69976396,0.08513032,0.16608187,282.3234714,296.3206586,60.79927402,223.09089845,0.29635668,0.31269448
slow_repair,primary_first,3.0,1000.0,24.0,1.01e-06,4.27e-06,1e-06,0.99591569,3.27e-06,9.5e-07,140.48551461,128.36325917,11.68535945,16.3974393,3.47e-06,4.51e-06
slow_repair,primary_first,3.0,1000.0,48.0,0.00134889,0.00270328,0.00134476,0.97499231,0.00135852,0.00116782,118.84494795,126.55773558,22.55573175,52.86434301,0.00250792,0.00276122
slow_repair,primary_first,3.0,1000.0,72.0,0.022492,0.03340643,0.0224535,0.9348052,0.01095293,0.01727136,108.37103786,113.7526526,23.36733861,86.02840997,0.03206311,0.03380789
slow_repair,primary_first,100.0,0.01,24.0,8.4e-07,3.28e-06,7.9e-07,0.99696648,2.49e-06,7.6e-07,120.00959534,97.22138437,8.47484993,11.97821226,0.0,4.66e-06
slow_repair,primary_first,100.0,0.01,48.0,0.00118992,0.00235265,0.00113052,0.9796439,0.00122213,0.00098777,139.2611015,135.74721868,20.84678785,45.46845637,3e-08,0.00334123
slow_repair,primary_first,100.0,0.01,72.0,0.02613669,0.03838277,0.02483334,0.93620983,0.01354943,0.01948909,141.15687879,143.48623711,26.47430759,84.54997712,1.15e-06,0.05448885
slow_repair,primary_first,100.0,0.026101572156825372,24.0,1.419e-05,5.526e-05,1.348e-05,0.99223595,4.178e-05,1.282e-05,313.05312185,253.64159841,22.11216359,31.25341214,0.0,7.85e-05
slow_repair,primary_first,100.0,0.026101572156825372,48.0,0.01661111,0.03163164,0.01578223,0.93923031,0.01584941,0.01370247,363.092815,353.98400988,54.37304509,118.60435549,5.2e-07,0.04491518
slow_repair,primary_first,100.0,0.026101572156825372,72.0,0.22335974,0.2927396,0.21225072,0.72388788,0.08048888,0.15846377,367.91845216,374.0275607,69.02591095,220.49588325,2.039e-05,0.41507209
slow_repair,primary_first,100.0,0.06812920690579614,24.0,0.00022368,0.00085519,0.00021251,0.98060651,0.00064268,0.00020183,815.80548321,661.20976546,57.65765778,81.49666521,0.0,0.00121475
slow_repair,primary_first,100.0,0.06812920690579614,48.0,0.1358218,0.22303468,0.12905919,0.79013858,0.09397549,0.10896488,944.96597249,921.62658934,141.64430275,309.056632,9.32e-06,0.316355
slow_repair,primary_first,100.0,0.06812920690579614,72.0,0.57360171,0.62080618,0.54582435,0.40623283,0.07498182,0.3448408,956.71143486,972.85928054,179.64276984,574.19952293,0.00035957,0.86832221
slow_repair,primary_first,100.0,0.1778279410038923,24.0,0.00292481,0.0106095,0.0027788,0.95323549,0.0078307,0.00263236,2120.21169287,1720.04572516,150.08871661,212.16606591,9e-08,0.01506759
slow_repair,primary_first,100.0,0.1778279410038923,48.0,0.39225663,0.5079051,0.37308436,0.53942182,0.13482073,0.29177437,2447.05615317,2389.23311864,367.76620181,803.05234578,0.00016851,0.71290059
slow_repair,primary_first,100.0,0.1778279410038923,72.0,0.74743297,0.77227097,0.7190904,0.24444567,0.05318058,0.37439294,2471.65833702,2515.25066183,465.19401277,1489.41117459,0.00622358,0.97279498
slow_repair,primary_first,100.0,0.464158883361278,24.0,0.02399502,0.07478577,0.02279931,0.89161356,0.05198647,0.02142737,5467.31478813,4447.54384066,388.8358686,549.82478881,1.72e-06,0.10611433
slow_repair,primary_first,100.0,0.464158883361278,48.0,0.58547821,0.67907197,0.56093198,0.36099842,0.11813999,0.40024171,6242.83748464,6115.35880756,945.62884989,2069.52988114,0.00311741,0.88115618
slow_repair,primary_first,100.0,0.464158883361278,72.0,0.89014571,0.91708903,0.87408031,0.10226029,0.04300872,0.40542675,6261.12951891,6385.90165004,1186.75195393,3818.64572516,0.09507901,0.99067185
slow_repair,primary_first,100.0,1.2115276586285888,24.0,0.08942793,0.21703826,0.08502876,0.78579279,0.1320095,0.07852121,13726.37904642,11272.42648556,992.03154746,1404.19950201,3.772e-05,0.30566033
slow_repair,primary_first,100.0,1.2115276586285888,48.0,0.74149311,0.83510257,0.72310797,0.21124473,0.1119946,0.48432084,15077.44370279,14947.39824671,2349.79059451,5183.88761215,0.05753742,0.93650705
slow_repair,primary_first,100.0,1.2115276586285888,72.0,0.95895437,0.97452662,0.95220268,0.03586569,0.02232394,0.38423583,14752.50854308,15164.13774958,2867.01999585,9392.87689875,0.61749537,0.99522692
slow_repair,primary_first,100.0,3.1622776601683795,24.0,0.17722352,0.36048692,0.1695078,0.66889438,0.19097912,0.15337209,30112.38884009,25946.90719271,2360.87625425,3359.54697681,0.001263,0.47505266
slow_repair,primary_first,100.0,3.1622776601683795,48.0,0.84871636,0.92332149,0.8394117,0.11296562,0.08390979,0.52732727,28842.95898816,29686.33254089,4978.03506139,11378.19010202,0.5181021,0.95751017
slow_repair,primary_first,100.0,3.1622776601683795,72.0,0.98530742,0.9937771,0.9839437,0.01089232,0.0098334,0.34788306,27087.27606645,28184.81565166,5567.14224222,19416.71695899,0.95165594,0.99683891
slow_repair,primary_first,100.0,8.25404185268019,24.0,0.26155626,0.49951938,0.25602292,0.560877,0.24349646,0.22902653,45257.7492699,41731.73059946,4060.37969522,5860.30624143,0.09527304,0.55055077
slow_repair,primary_first,100.0,8.25404185268019,48.0,0.90140961,0.95891902,0.89928926,0.0677307,0.05962977,0.53295458,38701.34296624,41332.39361612,7420.0411371,17745.65060507,0.89643296,0.96468972
slow_repair,primary_first,100.0,8.25404185268019,72.0,0.99177992,0.99694535,0.99157847,0.00562759,0.00536688,0.31685207,34594.55635329,36551.10769741,7592.06486788,28498.53716919,0.99222855,0.99737815
slow_repair,primary_first,100.0,21.544346900318843,24.0,0.29319629,0.54963855,0.29248568,0.52123795,0.25715287,0.26046489,47885.22695782,47199.52860467,4836.8757963,7038.99853772,0.51718536,0.55449369
slow_repair,primary_first,100.0,21.544346900318843,48.0,0.91171935,0.9646527,0.911577,0.05929874,0.0530757,0.52877951,39250.41874662,42302.92058348,7930.81587556,19642.48465286,0.96191401,0.96505758
slow_repair,primary_first,100.0,21.544346900318843,72.0,0.99274107,0.99737589,0.99272872,0.00485783,0.00464718,0.3078164,35540.73288406,37409.11884053,7840.02473149,30618.36908817,0.99717281,0.99740589
slow_repair,primary_first,100.0,56.23413251903491,24.0,0.28427224,0.53942,0.28305957,0.52988069,0.25636043,0.25266759,47768.67390957,46616.99059469,4708.58741324,6820.74639491,0.4964867,0.54893519
slow_repair,primary_first,100.0,56.23413251903491,48.0,0.90977579,0.96375218,0.9095142,0.06069346,0.05423798,0.5302613,39368.99930995,42339.32973118,7880.30466622,19372.65349731,0.9600027,0.9645781
slow_repair,primary_first,100.0,56.23413251903491,72.0,0.99256953,0.9973088,0.99254652,0.00497959,0.00476228,0.30971387,35755.96595718,37593.87734219,7848.00665944,30382.23280257,0.99702982,0.99737025
slow_repair,primary_first,100.0,146.77992676220705,24.0,0.18427918,0.41336125,0.18313175,0.6324411,0.2302295,0.16729767,31747.11677532,28992.33285329,2642.39240517,3712.54340584,0.37279141,0.42588844
slow_repair,primary_first,100.0,146.77992676220705,48.0,0.88244764,0.95132612,0.88208153,0.07950958,0.06924459,0.54364374,26804.31723325,28559.23353071,5093.69635066,11947.15226818,0.9471184,0.95261537
slow_repair,primary_first,100.0,146.77992676220705,72.0,0.99006806,0.99637127,0.99003429,0.00666871,0.00633698,0.33186058,24422.01453946,25641.72010717,5271.18149636,19426.55642768,0.99605554,0.99646801
slow_repair,primary_first,100.0,383.1186849557293,24.0,0.07638422,0.21961076,0.07592652,0.77377899,0.14368423,0.07087832,12198.19159566,11128.89708605,1012.076318,1420.34217112,0.19495533,0.22701813
slow_repair,primary_first,100.0,383.1186849557293,48.0,0.82326887,0.92157985,0.82292875,0.12214802,0.09865109,0.5476636,10323.91607956,10992.26652536,1957.68833403,4585.86173394,0.91709774,0.92290946
slow_repair,primary_first,100.0,383.1186849557293,72.0,0.98402264,0.99402576,0.98398763,0.01080324,0.01003813,0.36744847,9413.03937631,9880.78243436,2029.35704974,7466.56288008,0.99367725,0.99412915
slow_repair,primary_first,100.0,1000.0,24.0,0.01547403,0.05592858,0.01537634,0.89125438,0.04055224,0.0145461,4686.86966949,4288.7050306,391.20402137,549.25496981,0.04811266,0.05822098
slow_repair,primary_first,100.0,1000.0,48.0,0.68978608,0.83982258,0.68937929,0.22820983,0.15044329,0.50438586,3962.05537114,4220.22146707,752.85088467,1766.1114073,0.83290038,0.84181374
slow_repair,primary_first,100.0,1000.0,72.0,0.96657869,0.98665765,0.96652304,0.02321056,0.02013461,0.42160134,3612.54374101,3792.07636845,779.25536151,2871.79393999,0.98603479,0.98683687
slow_repair,secondary_first,0.1,0.01,24.0,0.0,0.0,0.0,0.99973886,0.0,0.0,26.93596672,16.912451,1.03336813,1.32886944,0.0,0.0
slow_repair,secondary_first,0.1,0.01,48.0,5.18e-06,1.186e-05,4.92e-06,0.99637984,6.94e-06,4.42e-06,38.19677508,35.64125665,4.76857614,9.10511956,0.0,1.684e-05
slow_repair,secondary_first,0.1,0.01,72.0,0.0002836,0.00046106,0.00026946,0.98986959,0.0001916,0.00022117,39.68366582,40.05262292,7.03793826,19.78378411,3e-08,0.0006544
slow_repair,secondary_first,0.1,0.026101572156825372,24.0,0.0,3e-08,0.0,0.99933421,2e-08,0.0,68.25842366,42.97084902,2.63319362,3.38818629,0.0,4e-08
slow_repair,secondary_first,0.1,0.026101572156825372,48.0,8.17e-05,0.00018581,7.762e-05,0.99090641,0.00010819,6.965e-05,96.51012723,90.09873487,12.07151127,23.07466852,0.0,0.00026387
slow_repair,secondary_first,0.1,0.026101572156825372,72.0,0.00417469,0.00670889,0.00396669,0.9721605,0.0027422,0.00324384,100.23946736,101.17995663,17.78789115,50.05729394,4.3e-07,0.00952095
slow_repair,secondary_first,0.1,0.06812920690579614,24.0,7e-08,3.8e-07,7e-08,0.99836296,3e-07,7e-08,165.17269994,104.68938721,6.46321323,8.32901928,0.0,5.3e-07
slow_repair,secondary_first,0.1,0.06812920690579614,48.0,0.00107593,0.00240845,0.00102224,0.97796197,0.00138621,0.00091526,231.75660186,216.6506319,29.13300943,55.84667107,5e-08,0.00341999
slow_repair,secondary_first,0.1,0.06812920690579614,72.0,0.04477917,0.06895732,0.04255039,0.9074231,0.02640693,0.03434107,240.52425391,242.8385704,42.74883126,120.64918712,6.08e-06,0.09781616
slow_repair,secondary_first,0.1,0.1778279410038923,24.0,8.9e-07,4.4e-06,8.5e-07,0.9963062,3.56e-06,8.1e-07,357.80684519,230.56772435,14.496373,18.75134851,0.0,6.26e-06
slow_repair,secondary_first,0.1,0.1778279410038923,48.0,0.00942455,0.02027108,0.0089544,0.94891942,0.01131668,0.00797359,492.79275401,462.24583285,62.72105973,121.08343769,5e-07,0.02877994
slow_repair,secondary_first,0.1,0.1778279410038923,72.0,0.2221647,0.30231115,0.21115629,0.71837349,0.09115486,0.16282098,510.19637558,515.48129425,91.06458794,258.89644311,6.24e-05,0.42789025
slow_repair,secondary_first,0.1,0.464158883361278,24.0,6.48e-06,3.111e-05,6.16e-06,0.99300221,2.496e-05,5.92e-06,621.21795433,413.470972,26.97770529,35.17382261,0.0,4.42e-05
slow_repair,secondary_first,0.1,0.464158883361278,48.0,0.03983817,0.07940454,0.03785254,0.89719743,0.041552,0.03333632,825.03384684,779.87435419,107.78258516,211.07207591,2.81e-06,0.11268634
slow_repair,secondary_first,0.1,0.464158883361278,72.0,0.43074069,0.51434699,0.40973459,0.5241847,0.1046124,0.29247516,846.74021395,857.76369028,152.89695,441.66200157,0.00035571,0.72195669
slow_repair,secondary_first,0.1,1.2115276586285888,24.0,2.223e-05,0.00010264,2.112e-05,0.98974239,8.152e-05,2.027e-05,805.15006631,558.16377789,38.26310115,50.46446068,0.0,0.00014583
slow_repair,secondary_first,0.1,1.2115276586285888,48.0,0.07603048,0.14107987,0.07224957,0.85066431,0.0688303,0.06285955,994.58976526,958.64139313,137.00586413,274.30900635,8.99e-06,0.1999848
slow_repair,secondary_first,0.1,1.2115276586285888,72.0,0.52230003,0.59374743,0.49782916,0.44053924,0.09591828,0.33721262,987.91238809,1010.63046668,184.70757954,551.03025135,0.0012893,0.81656054
slow_repair,secondary_first,0.1,3.1622776601683795,24.0,3.631e-05,0.00016134,3.45e-05,0.9881717,0.00012684,3.304e-05,775.88847571,577.21290923,42.12373097,56.27735333,0.0,0.00022917
slow_repair,secondary_first,0.1,3.1622776601683795,48.0,0.07833336,0.14135449,0.07449611,0.84748463,0.06685838,0.06435365,800.28848581,805.91965398,124.51776324,260.78747534,4.975e-05,0.19895258
slow_repair,secondary_first,0.1,3.1622776601683795,72.0,0.52302358,0.6105544,0.50193484,0.43051585,0.10861956,0.34223892,757.12941294,786.01895596,150.91461444,482.93572295,0.01006091,0.7896073
slow_repair,secondary_first,0.1,8.25404185268019,24.0,2.652e-05,0.00011027,2.521e-05,0.98939533,8.507e-05,2.406e-05,491.26053541,411.64789418,33.9452347,46.51319696,1e-08,0.00015597
slow_repair,secondary_first,0.1,8.25404185268019,48.0,0.03446839,0.06384521,0.03301567,0.90302973,0.03082954,0.02850103,427.01959522,451.47430546,76.9935231,172.47005595,0.00186289,0.08493791
slow_repair,secondary_first,0.1,8.25404185268019,72.0,0.34291415,0.44189054,0.33340312,0.58901229,0.10848742,0.24189935,384.42538133,405.35101005,82.60062516,291.01569952,0.10890171,0.52495221
slow_repair,secondary_first,0.1,21.544346900318843,24.0,6.29e-06,2.482e-05,6.02e-06,0.99313333,1.879e-05,5.73e-06,221.49907954,208.19673727,19.44880925,27.45355246,6.5e-07,3.33e-05
slow_repair,secondary_first,0.1,21.544346900318843,48.0,0.00591002,0.01123598,0.00574863,0.95730807,0.00548735,0.00496135,180.63516255,194.65266179,35.56499656,84.79954584,0.00319904,0.01348719
slow_repair,secondary_first,0.1,21.544346900318843,72.0,0.07974841,0.11260578,0.07833064,0.86128757,0.03427514,0.05918174,161.45678222,170.68080367,35.7289847,135.14258789,0.05802636,0.12669369
slow_repair,secondary_first,0.1,56.23413251903491,24.0,7.6e-07,2.96e-06,7.4e-07,0.99654732,2.21e-06,7e-07,89.71613168,88.77065331,8.96031498,12.94418502,6.8e-07,3.59e-06
slow_repair,secondary_first,0.1,56.23413251903491,48.0,0.00058054,0.00110988,0.00057156,0.98231109,0.00053832,0.00049214,71.7325289,77.89533692,14.72369993,36.40986511,0.00062568,0.00123102
slow_repair,secondary_first,0.1,56.23413251903491,72.0,0.00812967,0.0117823,0.00804808,0.96216948,0.00373423,0.00612006,64.04916819,67.74170096,14.35232283,56.44436345,0.00839913,0.01261046
slow_repair,secondary_first,0.1,146.77992676220705,24.0,7e-08,2.8e-07,7e-08,0.99843917,2.1e-07,7e-08,35.09695776,35.92404746,3.82412865,5.61663126,1.2e-07,3.1e-07
slow_repair,secondary_first,0.1,146.77992676220705,48.0,4.538e-05,8.629e-05,4.493e-05,0.99269403,4.135e-05,3.857e-05,27.85783083,30.36829662,5.86661623,14.88151904,5.955e-05,9.209e-05
slow_repair,secondary_first,0.1,146.77992676220705,72.0,0.00060942,0.00088439,0.00060553,0.98682039,0.00027887,0.00045926,24.87207536,26.31039511,5.61461779,22.67182871,0.00070465,0.00092285
slow_repair,secondary_first,0.1,383.1186849557293,24.0,1e-08,3e-08,1e-08,0.99928755,2e-08,1e-08,13.60345385,14.48864231,1.64350182,2.46077613,1e-08,3e-08
slow_repair,secondary_first,0.1,383.1186849557293,48.0,3.56e-06,6.66e-06,3.53e-06,0.99694465,3.13e-06,3.02e-06,10.73289264,11.74893061,2.32964847,6.09604449,4.51e-06,7.02e-06
slow_repair,secondary_first,0.1,383.1186849557293,72.0,4.375e-05,6.292e-05,4.35e-05,0.99479907,1.942e-05,3.276e-05,9.57922797,10.13636004,2.18196648,9.10143568,4.914e-05,6.518e-05
slow_repair,secondary_first,0.1,1000.0,24.0,0.0,0.0,0.0,0.99963917,0.0,0.0,5.28391641,6.05532037,0.76405526,1.17841853,0.0,0.0
slow_repair,secondary_first,0.1,1000.0,48.0,3.5e-07,6.3e-07,3.4e-07,0.99864418,2.8e-07,2.9e-07,4.12490781,4.55158627,0.94845386,2.62460669,3.9e-07,6.5e-07
slow_repair,secondary_first,0.1,1000.0,72.0,3.6e-06,5.08e-06,3.58e-06,0.9978185,1.49e-06,2.66e-06,3.67775458,3.89456707,0.85288016,3.78252944,3.67e-06,5.19e-06
slow_repair,secondary_first,3.0,0.01,24.0,6e-08,2.7e-07,6e-08,0.99860008,2.2e-07,5e-08,96.18029033,67.604868,4.79796254,6.39602455,0.0,3.9e-07
slow_repair,secondary_first,3.0,0.01,48.0,0.00033491,0.00071965,0.00031818,0.98611558,0.00040147,0.00028269,126.73251207,119.70926315,16.82657448,33.73157782,0.0,0.0010223
slow_repair,secondary_first,3.0,0.01,72.0,0.01211483,0.0187984,0.01151024,0.95619651,0.00728816,0.00927573,132.45117044,133.38131998,23.67588966,69.32072859,3.4e-07,0.026694
slow_repair,secondary_first,3.0,0.026101572156825372,24.0,1.04e-06,4.71e-06,9.9e-07,0.99638644,3.72e-06,9.5e-07,250.86346322,176.35133815,12.51634243,16.68509222,0.0,6.69e-06
slow_repair,secondary_first,3.0,0.026101572156825372,48.0,0.00506175,0.01061953,0.00480893,0.96225571,0.0058106,0.00425788,330.35166158,312.09907926,43.87903382,87.97072259,6e-08,0.01508459
slow_repair,secondary_first,3.0,0.026101572156825372,72.0,0.12781781,0.18227479,0.12144666,0.816169,0.06082813,0.09505117,345.11406486,347.58340375,61.7136599,180.7336396,6.01e-06,0.2586888
slow_repair,secondary_first,3.0,0.06812920690579614,24.0,1.732e-05,7.769e-05,1.646e-05,0.99082438,6.124e-05,1.577e-05,653.5360289,459.55966381,32.62056223,43.48476269,0.0,0.00011039
slow_repair,secondary_first,3.0,0.06812920690579614,48.0,0.05491986,0.1047335,0.05217855,0.87911586,0.05255495,0.0455641,859.2319494,812.13733682,114.24852157,229.10678625,1.13e-06,0.14872276
slow_repair,secondary_first,3.0,0.06812920690579614,72.0,0.46643692,0.54138779,0.44343241,0.49674238,0.09795538,0.30854379,896.62781617,903.3605776,160.50154012,470.33263521,0.00010697,0.76406226
slow_repair,secondary_first,3.0,0.1778279410038923,24.0,0.00026171,0.00114426,0.00024863,0.97751317,0.00089564,0.00023795,1696.98648941,1194.26780207,84.79757477,113.03515138,0.0,0.0016258
slow_repair,secondary_first,3.0,0.1778279410038923,48.0,0.24959525,0.37549384,0.23719308,0.66788227,0.13830075,0.19733212,2221.31560337,2102.26251813,296.21581341,594.40657937,2.062e-05,0.53181731
slow_repair,secondary_first,3.0,0.1778279410038923,72.0,0.68096623,0.71059426,0.65087757,0.3058059,0.05971668,0.37511597,2310.86415778,2330.47856679,414.83785981,1217.69682661,0.00190334,0.94836512
slow_repair,secondary_first,3.0,0.464158883361278,24.0,0.00309602,0.01263256,0.00294132,0.94809831,0.00969125,0.00280717,4363.65619996,3077.88788425,218.71390688,291.51246958,2e-08,0.01794697
slow_repair,secondary_first,3.0,0.464158883361278,48.0,0.46570398,0.57698125,0.44351555,0.46554228,0.1334657,0.34010196,5638.32780208,5356.60501963,758.34592057,1524.66270115,0.00039555,0.7962366
slow_repair,secondary_first,3.0,0.464158883361278,72.0,0.82806893,0.86646844,0.80663014,0.15916133,0.0598383,0.41274135,5811.46191561,5877.99102202,1052.22793038,3104.19321989,0.03282665,0.9833584
slow_repair,secondary_first,3.0,1.2115276586285888,24.0,0.02091657,0.07216611,0.0198724,0.89106245,0.05229371,0.01882614,10816.16738528,7682.91084144,547.04645618,728.8261575,3.8e-07,0.10247137
slow_repair,secondary_first,3.0,1.2115276586285888,48.0,0.6209096,0.73054269,0.5981614,0.31759327,0.1323813,0.42875562,13340.15065562,12852.4218405,1850.45908603,3744.8345344,0.00850518,0.89483616
slow_repair,secondary_first,3.0,1.2115276586285888,72.0,0.92739565,0.95209449,0.9164622,0.06368533,0.0356323,0.4185968,13304.10565732,13596.13380573,2483.95954965,7460.99224328,0.36518463,0.99200344
slow_repair,secondary_first,3.0,3.1622776601683795,24.0,0.05695899,0.16204567,0.05413185,0.82331369,0.10791382,0.05072253,20719.80900824,15244.41611761,1102.84875166,1471.08338946,6.44e-06,0.22926196
slow_repair,secondary_first,3.0,3.1622776601683795,48.0,0.74050235,0.84809239,0.72455788,0.20157404,0.12353451,0.49943436,21215.17684295,21460.78497432,3316.28387989,6923.80266137,0.16209712,0.928086
slow_repair,secondary_first,3.0,3.1622776601683795,72.0,0.96940536,0.9857358,0.96594875,0.02350016,0.01978705,0.39802766,19922.53637898,20725.0274888,3997.50500208,12806.2839506,0.87059614,0.99461331
slow_repair,secondary_first,3.0,8.25404185268019,24.0,0.06551737,0.17934748,0.06238862,0.80575203,0.11695886,0.05824214,15026.56183262,12581.09458022,1033.96892643,1414.56576767,0.00010745,0.24797278
slow_repair,secondary_first,3.0,8.25404185268019,48.0,0.78748821,0.8946283,0.77883299,0.15478792,0.1157953,0.53133167,13047.30359558,13837.63738046,2359.30516724,5275.65109246,0.6191765,0.92884535
slow_repair,secondary_first,3.0,8.25404185268019,72.0,0.97968378,0.99186045,0.97858796,0.01444384,0.01327248,0.38452221,11644.65589697,12310.85795201,2520.46841448,8892.10225319,0.96834204,0.99462586
slow_repair,secondary_first,3.0,21.544346900318843,24.0,0.03933721,0.12007756,0.03785152,0.84470371,0.08222604,0.03551764,6702.27637004,6321.26891084,591.02056797,834.09721918,0.00859516,0.1525185
slow_repair,secondary_first,3.0,21.544346900318843,48.0,0.75999072,0.88235897,0.75598389,0.17415297,0.12637508,0.52952064,5437.22458683,5867.56205127,1075.34742809,2567.99674487,0.78640444,0.89911142
slow_repair,secondary_first,3.0,21.544346900318843,72.0,0.97628346,0.9906444,0.9757826,0.01656826,0.0148618,0.3964516,4854.92293974,5134.14972309,1076.62662344,4083.61505042,0.98237814,0.99205913
slow_repair,secondary_first,3.0,56.23413251903491,24.0,0.01033392,0.03580011,0.01006614,0.91241351,0.02573397,0.00950017,2694.93504951,2670.2470361,269.87336052,389.94760826,0.01082093,0.04227676
slow_repair,secondary_first,3.0,56.23413251903491,48.0,0.6086249,0.77404323,0.60592166,0.30339479,0.16812156,0.45646623,2153.08573779,2338.68836606,442.46078486,1094.9654389,0.70033253,0.78889492
slow_repair,secondary_first,3.0,56.23413251903491,72.0,0.9504413,0.97860724,0.94993968,0.03593772,0.02866756,0.44360892,1922.23023002,2033.14887498,430.92826749,1696.34315001,0.9701239,0.98027977
slow_repair,secondary_first,3.0,146.77992676220705,24.0,0.00144485,0.00527142,0.00141845,0.95764147,0.00385298,0.00134117,1053.10504724,1078.2768214,114.82774099,168.66631814,0.00236908,0.00593723
slow_repair,secondary_first,3.0,146.77992676220705,48.0,0.29350195,0.44855138,0.29184456,0.60459861,0.15670682,0.23761583,835.79983584,911.16325127,176.05761402,446.68657286,0.37800373,0.46253951
slow_repair,secondary_first,3.0,146.77992676220705,72.0,0.82290278,0.89999087,0.82193562,0.14140623,0.07805524,0.47764065,746.2078872,789.36593646,168.46369583,680.41673615,0.87620263,0.90450483
slow_repair,secondary_first,3.0,383.1186849557293,24.0,0.00017424,0.00063296,0.0001716,0.97974147,0.00046136,0.00016212,408.10711265,434.66087227,49.30486655,73.82267624,0.00028433,0.00069696
slow_repair,secondary_first,3.0,383.1186849557293,48.0,0.05808032,0.10182396,0.05766101,0.87030852,0.04416295,0.04855112,321.98978963,352.47103495,69.88983737,182.88148902,0.07417145,0.10635442
slow_repair,secondary_first,3.0,383.1186849557293,72.0,0.38999152,0.49421246,0.38870102,0.53964872,0.10551144,0.27035094,287.37944141,304.09358595,65.45952873,273.04404799,0.43502832,0.50335699
slow_repair,secondary_first,3.0,1000.0,24.0,2.701e-05,9.507e-05,2.674e-05,0.98948366,6.834e-05,2.519e-05,158.51200539,181.62523132,22.9132518,35.338092,3.954e-05,0.00010042
slow_repair,secondary_first,3.0,1000.0,48.0,0.00762213,0.01357353,0.00757686,0.95526322,0.00599667,0.00638448,123.74689371,136.54448231,28.45000254,78.72010184,0.00861178,0.01399653
slow_repair,secondary_first,3.0,1000.0,72.0,0.06797035,0.09307339,0.06770361,0.87844243,0.02536978,0.04933345,110.33274673,116.83687275,25.58538291,113.4574846,0.07023244,0.09493442
slow_repair,secondary_first,100.0,0.01,24.0,7e-08,3.1e-07,6e-08,0.99854765,2.4e-07,6e-08,101.12271757,70.5674714,4.98036176,6.63892722,0.0,4.4e-07
slow_repair,secondary_first,100.0,0.01,48.0,0.00038316,0.00082499,0.00036401,0.98545031,0.00046098,0.00032352,134.62087624,126.83969349,17.74070464,35.45340947,0.0,0.00117202
slow_repair,secondary_first,100.0,0.01,72.0,0.01399863,0.02172457,0.01329985,0.95289185,0.00842473,0.01072101,141.30488051,142.09945137,25.13977035,73.278621,2.9e-07,0.03085226
slow_repair,secondary_first,100.0,0.026101572156825372,24.0,1.17e-06,5.31e-06,1.12e-06,0.99625094,4.19e-06,1.07e-06,263.84687444,184.14401666,12.99723367,17.32581212,0.0,7.54e-06
slow_repair,secondary_first,100.0,0.026101572156825372,48.0,0.00574651,0.01205939,0.00545944,0.96023216,0.00659995,0.00483446,351.05432893,330.81667897,46.280027,92.49573348,5e-08,0.01713103
slow_repair,secondary_first,100.0,0.026101572156825372,72.0,0.14199097,0.20097015,0.13491104,0.80150952,0.06605911,0.10532092,368.3407164,370.45740655,65.55565595,191.1267341,5.13e-06,0.28525612
slow_repair,secondary_first,100.0,0.06812920690579614,24.0,1.962e-05,8.771e-05,1.864e-05,0.99047831,6.907e-05,1.785e-05,687.99932617,480.31514433,33.90906096,45.20365501,0.0,0.00012463
slow_repair,secondary_first,100.0,0.06812920690579614,48.0,0.06067082,0.11490194,0.05764169,0.87176263,0.05726025,0.05028667,914.0503335,861.72792809,120.61923943,241.13103934,8.8e-07,0.16317822
slow_repair,secondary_first,100.0,0.06812920690579614,72.0,0.48309088,0.55498475,0.45925175,0.48245941,0.095733,0.3167217,958.06281464,963.88399321,170.67542624,497.89239552,9.131e-05,0.78338883
slow_repair,secondary_first,100.0,0.1778279410038923,24.0,0.00029787,0.00129601,0.00028298,0.97663679,0.00101303,0.00027075,1791.04072095,1251.4124789,88.39895008,117.85425294,0.0,0.00184149
slow_repair,secondary_first,100.0,0.1778279410038923,48.0,0.26199727,0.38918144,0.24897064,0.6561074,0.1402108,0.20642456,2369.95621455,2236.93242384,313.58409226,627.31331096,1.608e-05,0.55135382
slow_repair,secondary_first,100.0,0.1778279410038923,72.0,0.68576046,0.7131084,0.65540784,0.30221217,0.05770056,0.37385281,2476.9583857,2494.26367761,442.42897373,1292.70951743,0.00162458,0.95203914
slow_repair,secondary_first,100.0,0.464158883361278,24.0,0.00356985,0.01440599,0.00339144,0.9457296,0.01101455,0.00323487,4640.77118254,3250.07051208,229.96220014,306.66644094,1e-08,0.02046783
slow_repair,secondary_first,100.0,0.464158883361278,48.0,0.47482664,0.58292023,0.45213094,0.45844738,0.1307893,0.34482589,6068.73300073,5748.18415309,809.37067354,1622.28107885,0.00030719,0.8055779
slow_repair,secondary_first,100.0,0.464158883361278,72.0,0.82897134,0.8665852,0.80736606,0.15873678,0.05921914,0.40989092,6288.3116614,6349.52613164,1132.1432733,3323.57119609,0.02814175,0.98426248
slow_repair,secondary_first,100.0,1.2115276586285888,24.0,0.02504248,0.08362206,0.02379184,0.88313183,0.05983022,0.02249739,11843.84161578,8357.02119154,594.37063998,793.24585614,2.3e-07,0.11875911
slow_repair,secondary_first,100.0,1.2115276586285888,48.0,0.62807959,0.7336996,0.60482956,0.31286571,0.12887004,0.42992281,14854.19793334,14248.97445944,2037.73595737,4111.69247825,0.00659331,0.90088303
slow_repair,secondary_first,100.0,1.2115276586285888,72.0,0.92740472,0.9510747,0.9161479,0.06421315,0.0349268,0.41463475,14925.0694122,15217.21232865,2764.70544237,8253.65138114,0.33025412,0.99248986
slow_repair,secondary_first,100.0,3.1622776601683795,24.0,0.08217737,0.21089604,0.0781,0.78819924,0.13279604,0.07261865,28141.36155131,20576.39212797,1496.76061246,2003.98208889,6.34e-06,0.2981912
slow_repair,secondary_first,100.0,3.1622776601683795,48.0,0.76349719,0.8618696,0.74762032,0.18405371,0.11424928,0.5041306,29405.50822272,29659.20713167,4549.49016867,9472.75865033,0.15576229,0.93855187
slow_repair,secondary_first,100.0,3.1622776601683795,72.0,0.97211,0.98681751,0.96867886,0.02163494,0.01813865,0.38720215,27624.67793353,28725.37895933,5525.99481154,17618.42999629,0.86765999,0.99541864
slow_repair,secondary_first,100.0,8.25404185268019,24.0,0.15706119,0.33799662,0.15000416,0.68290429,0.18799247,0.13686325,45916.51609685,38805.4646355,3183.87608459,4348.04755552,0.00060437,0.44869491
slow_repair,secondary_first,100.0,8.25404185268019,48.0,0.8550428,0.93328705,0.84834986,0.10322429,0.08493719,0.53896278,40732.52221129,43079.57216676,7297.45684503,16277.29503478,0.73111121,0.95559749
slow_repair,secondary_first,100.0,8.25404185268019,72.0,0.98719703,0.99499994,0.98647157,0.00904561,0.00852837,0.34879124,35664.34283263,37941.23820634,7809.73338408,27503.84306979,0.97916729,0.99670169
slow_repair,secondary_first,100.0,21.544346900318843,24.0,0.23788648,0.47271657,0.23174784,0.5802274,0.24096874,0.20869351,53212.24823466,51392.03773922,4807.67321353,6770.79583883,0.12434562,0.53373599
slow_repair,secondary_first,100.0,21.544346900318843,48.0,0.89725794,0.95737823,0.89527375,0.07030934,0.06210449,0.53721009,41043.85232797,44852.91336963,8436.05914744,20386.80884851,0.9167891,0.96338541
slow_repair,secondary_first,100.0,21.544346900318843,72.0,0.99144637,0.99683482,0.99126477,0.00583527,0.00557004,0.32121625,36340.16038707,38547.93554307,8205.9015766,31848.098991,0.99380269,0.99728264
slow_repair,secondary_first,100.0,56.23413251903491,24.0,0.29371591,0.54797937,0.29077816,0.52152111,0.25720121,0.25903474,52066.2752499,53271.14027256,5529.27412721,8018.517778,0.42148868,0.57048152
slow_repair,secondary_first,100.0,56.23413251903491,48.0,0.91203243,0.96459552,0.91138422,0.0593995,0.0532113,0.52910175,40932.22119287,44720.96683945,8634.89340873,21713.9725477,0.95335746,0.96654484
slow_repair,secondary_first,100.0,56.23413251903491,72.0,0.99277486,0.99737281,0.99271777,0.00486428,0.00465504,0.3080841,36447.15288161,38591.75633455,8250.97147662,33160.84590165,0.99653657,0.99751779
slow_repair,secondary_first,100.0,146.77992676220705,24.0,0.28191393,0.5351684,0.28045656,0.53421215,0.25471184,0.25029827,35224.97843559,36453.30853905,3927.98916872,5783.19358398,0.47492085,0.54655117
slow_repair,secondary_first,100.0,146.77992676220705,48.0,0.90869257,0.96317797,0.90836306,0.06156039,0.05481492,0.53041664,27856.03028353,30415.52212794,5916.783143,15106.20363699,0.95774036,0.96419322
slow_repair,secondary_first,100.0,146.77992676220705,72.0,0.99245588,0.99726107,0.99242662,0.00506538,0.00483444,0.3104423,24855.81706173,26300.02841868,5627.65890998,22899.02575254,0.99685498,0.99733687
slow_repair,secondary_first,100.0,383.1186849557293,24.0,0.19362919,0.41833429,0.19240257,0.63243735,0.22593172,0.17467861,13604.25008684,14476.13237257,1639.79778224,2454.10666249,0.34393306,0.43027206
slow_repair,secondary_first,100.0,383.1186849557293,48.0,0.88074528,0.94992196,0.88031626,0.0814919,0.0696057,0.54072062,10735.47659049,11750.47751672,2328.49986837,6088.58595993,0.9411462,0.95128231
slow_repair,secondary_first,100.0,383.1186849557293,72.0,0.98975528,0.9962221,0.98971433,0.00692578,0.00650777,0.33141215,9581.57025451,10138.78345169,2182.0251311,9094.59473392,0.99554993,0.99632619
slow_repair,secondary_first,100.0,1000.0,24.0,0.11173606,0.27711303,0.11103055,0.73912225,0.16608248,0.10214028,5276.72756674,6011.11672572,753.11268202,1159.57041395,0.19081492,0.28481691
slow_repair,secondary_first,100.0,1000.0,48.0,0.83232519,0.92411958,0.83179333,0.11855412,0.09232625,0.5412695,4124.43722838,4547.59932761,943.77916474,2601.08508544,0.90483932,0.92568504
slow_repair,secondary_first,100.0,1000.0,72.0,0.9843328,0.99401013,0.98427336,0.01078734,0.00973676,0.35913627,3677.86469109,3894.35945631,851.55551997,3758.61744157,0.99240043,0.99414001
slow_repair,precomplexed,0.1,0.01,24.0,3e-08,1.1e-07,3e-08,0.99905672,8e-08,3e-08,32.50122006,25.71091264,2.31787788,3.40377483,0.0,1.6e-07
slow_repair,precomplexed,0.1,0.01,48.0,2.861e-05,5.647e-05,2.718e-05,0.99441262,2.929e-05,2.37e-05,39.10549589,37.84709699,5.73004184,12.56511987,0.0,8.02e-05
slow_repair,precomplexed,0.1,0.01,72.0,0.00068795,0.00103696,0.00065366,0.98722252,0.0003833,0.00051776,39.52913543,40.24153184,7.39381084,23.51639775,6e-08,0.00147186
slow_repair,precomplexed,0.1,0.026101572156825372,24.0,5.2e-07,1.83e-06,5e-07,0.99762649,1.34e-06,4.7e-07,82.16075549,65.01543583,5.86331554,8.61106799,0.0,2.6e-06
slow_repair,precomplexed,0.1,0.026101572156825372,48.0,0.00043731,0.00085715,0.00041548,0.98587116,0.00044167,0.00036185,98.79066109,95.62910875,14.48304267,31.76672096,2e-08,0.00121725
slow_repair,precomplexed,0.1,0.026101572156825372,72.0,0.00979525,0.01456472,0.00930719,0.96181303,0.00525754,0.00733212,99.83304032,101.64057121,18.67941415,59.43153808,9.6e-07,0.0206696
slow_repair,precomplexed,0.1,0.06812920690579614,24.0,7.11e-06,2.483e-05,6.76e-06,0.99434806,1.808e-05,6.37e-06,197.56284514,156.46696445,14.12432522,20.74910746,0.0,3.528e-05
slow_repair,precomplexed,0.1,0.06812920690579614,48.0,0.00531879,0.01022294,0.00505337,0.96390764,0.00516957,0.00438557,237.12955179,229.65325778,34.81231288,76.40585312,2.2e-07,0.01451612
slow_repair,precomplexed,0.1,0.06812920690579614,72.0,0.0933597,0.13122411,0.08871515,0.85542491,0.04250896,0.06833541,239.45928008,243.84581701,44.84166842,142.80459768,1.366e-05,0.1860979
slow_repair,precomplexed,0.1,0.1778279410038923,24.0,6.697e-05,0.00023145,6.363e-05,0.98810861,0.00016782,5.995e-05,421.67994775,334.74579669,30.29760642,44.54117255,0.0,0.00032882
slow_repair,precomplexed,0.1,0.1778279410038923,48.0,0.03836717,0.06969362,0.03645402,0.90603844,0.0332396,0.03131934,503.61612605,488.40817824,74.22263923,163.19688412,2.32e-06,0.09892639
slow_repair,precomplexed,0.1,0.1778279410038923,72.0,0.35121012,0.42943607,0.33387441,0.60262792,0.09556166,0.23853424,507.57280499,517.16005563,95.2663008,304.18226677,0.00014201,0.60665127
slow_repair,precomplexed,0.1,0.464158883361278,24.0,0.00032138,0.00109336,0.00030533,0.97996088,0.00078804,0.00028739,714.45447451,570.7259403,52.00542906,76.59475996,0.0,0.0015533
slow_repair,precomplexed,0.1,0.464158883361278,48.0,0.11886946,0.1961853,0.11295435,0.80937343,0.08323095,0.09517727,840.36861146,818.51068589,125.3127303,276.90497209,1.311e-05,0.27818223
slow_repair,precomplexed,0.1,0.464158883361278,72.0,0.5479631,0.60371128,0.52170895,0.42571647,0.08200233,0.33593327,841.35163313,858.91201193,159.09910841,511.96364912,0.00082607,0.83991193
slow_repair,precomplexed,0.1,1.2115276586285888,24.0,0.00070048,0.00234419,0.00066549,0.97397633,0.0016787,0.00062573,898.63078148,730.42398995,67.64552018,100.02791228,1e-08,0.00332999
slow_repair,precomplexed,0.1,1.2115276586285888,48.0,0.17995437,0.27825573,0.1710451,0.74444365,0.10721063,0.14176737,1001.73234074,991.03697372,155.50340871,348.6797846,4.33e-05,0.39351645
slow_repair,precomplexed,0.1,1.2115276586285888,72.0,0.61874315,0.6660607,0.59113815,0.35910838,0.07492254,0.36083275,978.0114873,1005.91037763,190.14355737,627.97910176,0.00307674,0.8955935
slow_repair,precomplexed,0.1,3.1622776601683795,24.0,0.00082582,0.00270135,0.00078462,0.97253598,0.00191673,0.0007366,805.55594865,699.45112137,68.6255804,102.77709111,3e-08,0.00383506
slow_repair,precomplexed,0.1,3.1622776601683795,48.0,0.17156323,0.26433127,0.16331119,0.75096668,0.10102008,0.13479057,790.90930404,808.97684586,135.93867091,319.50569123,0.00026725,0.36868808
slow_repair,precomplexed,0.1,3.1622776601683795,72.0,0.62998428,0.7012345,0.60743757,0.33669792,0.09379693,0.37952592,746.31302623,775.57594576,152.61722522,539.88997003,0.02434639,0.87116897
slow_repair,precomplexed,0.1,8.25404185268019,24.0,0.00043202,0.00134029,0.00041103,0.97761642,0.00092926,0.0003842,477.73134232,453.77809696,49.77270334,77.07219195,7.3e-07,0.00188064
slow_repair,precomplexed,0.1,8.25404185268019,48.0,0.07888198,0.13001857,0.07578976,0.84954982,0.05422882,0.06317749,413.88974348,439.41478447,80.59819177,203.79302353,0.0077204,0.16889011
slow_repair,precomplexed,0.1,8.25404185268019,72.0,0.45559806,0.55449736,0.44475247,0.48542233,0.10974489,0.30335243,377.37103688,396.36659585,81.89122646,319.24731042,0.1856451,0.63993082
slow_repair,precomplexed,0.1,21.544346900318843,24.0,8.006e-05,0.00024201,7.697e-05,0.98675634,0.00016504,7.169e-05,207.61351702,212.41428108,26.00518044,41.81864894,1.892e-05,0.00031442
slow_repair,precomplexed,0.1,21.544346900318843,48.0,0.01367899,0.02366013,0.01334226,0.94242684,0.01031787,0.01118326,174.42621912,187.39163454,36.25941749,97.66946892,0.00828701,0.02788923
slow_repair,precomplexed,0.1,21.544346900318843,72.0,0.11779056,0.15863237,0.11589804,0.82131631,0.04273433,0.08420573,158.5440365,166.69499681,35.11680133,146.45557866,0.08931914,0.17643929
slow_repair,precomplexed,0.1,56.23413251903491,24.0,8.07e-06,2.431e-05,7.87e-06,0.99377875,1.644e-05,7.32e-06,83.24617341,87.56679699,11.31794759,18.63696454,8.7e-06,2.856e-05
slow_repair,precomplexed,0.1,56.23413251903491,48.0,0.00127734,0.00223997,0.00126006,0.97842024,0.00097991,0.00105568,69.19885347,74.65340074,14.79014626,41.16434908,0.00140296,0.00245384
slow_repair,precomplexed,0.1,56.23413251903491,72.0,0.01202701,0.01674941,0.01191844,0.95608338,0.00483097,0.00877556,62.91528589,66.14762932,14.04286163,60.54498704,0.01252996,0.0178143
slow_repair,precomplexed,0.1,146.77992676220705,24.0,5.9e-07,1.79e-06,5.9e-07,0.99739429,1.2e-06,5.4e-07,32.40761384,34.49616107,4.57020888,7.61101038,1.06e-06,1.97e-06
slow_repair,precomplexed,0.1,146.77992676220705,48.0,8.933e-05,0.00015723,8.863e-05,0.99152908,6.86e-05,7.418e-05,26.86415688,29.02099756,5.80737057,16.40888909,0.00012248,0.00016574
slow_repair,precomplexed,0.1,146.77992676220705,72.0,0.00084551,0.0011858,0.00084115,0.98580566,0.00034465,0.00062003,24.4352221,25.68795986,5.46987257,23.93686682,0.00101152,0.00122847
slow_repair,precomplexed,0.1,383.1186849557293,24.0,4e-08,1.1e-07,4e-08,0.99896546,8e-08,3e-08,12.48930271,13.35575188,1.78724078,2.99007607,8e-08,1.2e-07
slow_repair,precomplexed,0.1,383.1186849557293,48.0,5.49e-06,9.66e-06,5.45e-06,0.99668807,4.21e-06,4.56e-06,10.34442229,11.1801664,2.24605177,6.38516894,8.13e-06,1.005e-05
slow_repair,precomplexed,0.1,383.1186849557293,72.0,5.185e-05,7.285e-05,5.166e-05,0.99467366,2.119e-05,3.808e-05,9.41112308,9.89307563,2.10899016,9.28452239,6.52e-05,7.475e-05
slow_repair,precomplexed,0.1,1000.0,24.0,0.0,1e-08,0.0,0.99959842,0.0,0.0,4.79544609,5.13702005,0.68994476,1.15613672,0.0,1e-08
slow_repair,precomplexed,0.1,1000.0,48.0,3.2e-07,5.6e-07,3.2e-07,0.99871889,2.4e-07,2.7e-07,3.97079476,4.29231091,0.86355685,2.46040098,4.8e-07,5.8e-07
slow_repair,precomplexed,0.1,1000.0,72.0,3.01e-06,4.24e-06,3e-06,0.99795286,1.23e-06,2.21e-06,3.61288923,3.79781052,0.80994394,3.57343055,3.84e-06,4.34e-06
slow_repair,precomplexed,3.0,0.01,24.0,1.32e-06,4.6e-06,1.26e-06,0.99680012,3.34e-06,1.18e-06,107.38989773,85.65465167,7.82454318,11.5423937,0.0,6.54e-06
slow_repair,precomplexed,3.0,0.01,48.0,0.00101265,0.00196913,0.00096208,0.98116419,0.00100705,0.00083647,129.38936338,125.05162393,18.98342262,41.84915406,1e-08,0.00279709
slow_repair,precomplexed,3.0,0.01,72.0,0.02130934,0.03133987,0.02024616,0.94330181,0.01109371,0.01587614,132.26200652,134.10911379,24.53647644,78.16976811,7e-07,0.0444987
slow_repair,precomplexed,3.0,0.026101572156825372,24.0,2.245e-05,7.754e-05,2.133e-05,0.99180407,5.621e-05,2.009e-05,280.05608177,223.40724536,20.41080901,30.10983475,0.0,0.00011016
slow_repair,precomplexed,3.0,0.026101572156825372,48.0,0.01444573,0.02715621,0.01372438,0.9440923,0.01343183,0.01186091,337.23738996,325.98663875,49.49829999,109.13389623,2.3e-07,0.03857037
slow_repair,precomplexed,3.0,0.026101572156825372,72.0,0.19626621,0.26048479,0.18649186,0.75068349,0.07399293,0.13986778,344.59743443,349.45071737,63.95097482,203.79355216,1.243e-05,0.36953779
slow_repair,precomplexed,3.0,0.06812920690579614,24.0,0.00035457,0.00120189,0.00033685,0.97943713,0.00086504,0.00031697,729.27617282,581.99292697,53.18927275,78.46971336,0.0,0.00170766
slow_repair,precomplexed,3.0,0.06812920690579614,48.0,0.12590981,0.20636143,0.11963044,0.80283124,0.086731,0.10064723,876.8654515,847.99333016,128.84366812,284.17388724,4.08e-06,0.29291002
slow_repair,precomplexed,3.0,0.06812920690579614,72.0,0.55503962,0.60551104,0.52789782,0.42343382,0.07761322,0.33675761,895.12090811,908.01073862,166.27943871,530.26412465,0.00022043,0.85085619
slow_repair,precomplexed,3.0,0.1778279410038923,24.0,0.0046335,0.0148565,0.00440196,0.94934469,0.01045454,0.00412849,1891.472789,1511.11075229,138.22593372,203.96128368,2e-08,0.02110667
slow_repair,precomplexed,3.0,0.1778279410038923,48.0,0.38915063,0.50112073,0.36994983,0.54614821,0.1311709,0.28744977,2264.93871337,2193.07849918,333.80498078,736.93211469,7.441e-05,0.70681343
slow_repair,precomplexed,3.0,0.1778279410038923,72.0,0.73213496,0.75188355,0.70228032,0.26152743,0.04960323,0.36238897,2305.80755156,2341.02980109,429.48203399,1372.30768257,0.00387685,0.9713929
slow_repair,precomplexed,3.0,0.464158883361278,24.0,0.0369745,0.10047567,0.03512821,0.8766018,0.06534746,0.03259438,4847.67616027,3885.00635089,356.27717965,525.98320495,4.7e-07,0.14268982
slow_repair,precomplexed,3.0,0.464158883361278,48.0,0.58530229,0.66526345,0.55913832,0.36834195,0.10612513,0.39099056,5734.14138769,5572.91782621,852.71049953,1887.76361938,0.00141366,0.88728201
slow_repair,precomplexed,3.0,0.464158883361278,72.0,0.87444752,0.9026666,0.85625362,0.11797342,0.04641298,0.39252231,5789.89473655,5893.65980854,1087.18841689,3494.2576801,0.063249,0.99109542
slow_repair,precomplexed,3.0,1.2115276586285888,24.0,0.12833162,0.26861938,0.12195711,0.75203956,0.14666228,0.11048712,11881.94998952,9626.38048613,890.29673663,1316.57649522,1.008e-05,0.38017505
slow_repair,precomplexed,3.0,1.2115276586285888,48.0,0.73448779,0.8186533,0.71309685,0.22389309,0.10555645,0.46411363,13439.84413113,13242.21918107,2065.23894334,4617.52823701,0.02890811,0.94416388
slow_repair,precomplexed,3.0,1.2115276586285888,72.0,0.95261366,0.96872907,0.94430327,0.0423858,0.0244258,0.37698122,13187.78134036,13545.21389107,2548.47144961,8366.55693976,0.52195982,0.99579471
slow_repair,precomplexed,3.0,3.1622776601683795,24.0,0.22233989,0.39445799,0.2117568,0.64229289,0.18270119,0.18709799,21563.80861029,18508.04732681,1788.95078675,2668.50794255,0.00025042,0.54232839
slow_repair,precomplexed,3.0,3.1622776601683795,48.0,0.83999418,0.91140995,0.82727267,0.12427413,0.08413728,0.5094936,20906.22417068,21461.76540115,3606.21448728,8432.98412024,0.36758888,0.96295909
slow_repair,precomplexed,3.0,3.1622776601683795,72.0,0.98298718,0.99232197,0.9809057,0.01307436,0.01141626,0.34571885,19634.84557614,20433.7718692,4033.88580793,14256.32300256,0.92735222,0.99723706
slow_repair,precomplexed,3.0,8.25404185268019,24.0,0.24132845,0.43644703,0.2317922,0.61098252,0.20465482,0.20461178,14686.54024137,13916.48401601,1523.40792184,2356.40392364,0.00719016,0.54970394
slow_repair,precomplexed,3.0,8.25404185268019,48.0,0.87779924,0.94409253,0.87209379,0.08796614,0.07199874,0.52775649,12611.97551517,13442.8161272,2471.70753542,6245.36360281,0.78821815,0.96297211
slow_repair,precomplexed,3.0,8.25404185268019,72.0,0.98916923,0.99574941,0.98856318,0.00770221,0.00718622,0.32975985,11418.74184237,12020.31270284,2496.0384123,9760.80064564,0.98330576,0.99721797
slow_repair,precomplexed,3.0,21.544346900318843,24.0,0.18220104,0.37009744,0.1774486,0.67119442,0.19264884,0.15908999,6268.80122281,6437.43925166,790.48317069,1271.7211363,0.11667448,0.42609816
slow_repair,precomplexed,3.0,21.544346900318843,48.0,0.85926499,0.93641799,0.85665535,0.10040732,0.07976264,0.53477455,5248.47885907,5644.80178599,1095.66119492,2958.28760393,0.88273947,0.94581999
slow_repair,precomplexed,3.0,21.544346900318843,72.0,0.98712805,0.99503267,0.98684873,0.00897586,0.00818393,0.34187563,4766.87795809,5013.32918333,1057.79051872,4426.46017646,0.99063986,0.99579396
slow_repair,precomplexed,3.0,56.23413251903491,24.0,0.06787035,0.16679438,0.06663399,0.81798572,0.10016039,0.06091891,2499.86872041,2632.62464189,340.84807403,561.57643109,0.08677286,0.18594369
slow_repair,precomplexed,3.0,56.23413251903491,48.0,0.74545574,0.86670157,0.74345991,0.19276899,0.12324166,0.51088077,2076.95622691,2241.12183392,444.41643048,1238.22534142,0.82211481,0.87596868
slow_repair,precomplexed,3.0,56.23413251903491,72.0,0.97127908,0.98800249,0.97098571,0.02069256,0.01701678,0.39346766,1888.18113482,1985.2624988,421.6160481,1819.94526786,0.98345187,0.98893762
slow_repair,precomplexed,3.0,146.77992676220705,24.0,0.01017886,0.02863736,0.01004612,0.92584295,0.01859124,0.00928058,972.39626845,1035.40678509,137.26258817,228.64896824,0.01825834,0.03116649
slow_repair,precomplexed,3.0,146.77992676220705,48.0,0.42638958,0.58570599,0.42484016,0.48218934,0.16086583,0.32781088,805.98549259,870.73560581,174.29087377,492.65353335,0.53540808,0.59709362
slow_repair,precomplexed,3.0,146.77992676220705,72.0,0.87690846,0.93332706,0.8762901,0.09743958,0.05703696,0.46212322,733.10057463,770.69025161,164.1233617,718.51239626,0.92082159,0.93610713
slow_repair,precomplexed,3.0,383.1186849557293,24.0,0.00084554,0.00248709,0.00083676,0.97048009,0.00165033,0.00077542,374.69314702,400.73138875,53.63778989,89.74599113,0.00177148,0.00266599
slow_repair,precomplexed,3.0,383.1186849557293,48.0,0.08508984,0.13952808,0.08469125,0.84024361,0.05483684,0.06949692,310.33659025,335.41372779,67.38971929,191.60574057,0.12195301,0.14382072
slow_repair,precomplexed,3.0,383.1186849557293,72.0,0.43666103,0.53882539,0.4357647,0.49690037,0.10306069,0.29236509,282.33627662,296.79549506,63.27242599,278.58775181,0.51104041,0.54552843
slow_repair,precomplexed,3.0,1000.0,24.0,5.52e-05,0.0001646,5.466e-05,0.98826446,0.00010994,5.07e-05,143.86484552,154.11827735,20.70123511,34.69036844,0.00012066,0.00017582
slow_repair,precomplexed,3.0,1000.0,48.0,0.00715513,0.01238475,0.00711967,0.9575393,0.00526509,0.00592565,119.12413405,128.77022857,25.90779131,73.81915077,0.01070319,0.01280735
slow_repair,precomplexed,3.0,1000.0,72.0,0.05878815,0.08040489,0.05860932,0.88993236,0.02179557,0.04245236,108.38683101,113.93453805,24.29864626,107.21016091,0.07370766,0.08208128
slow_repair,precomplexed,100.0,0.01,24.0,1.59e-06,5.52e-06,1.51e-06,0.9966049,4.01e-06,1.42e-06,114.00915406,90.88821043,8.3031167,12.25096274,0.0,7.84e-06
slow_repair,precomplexed,100.0,0.01,48.0,0.0012075,0.00234614,0.00114719,0.97994412,0.00119895,0.00099726,137.77520952,133.03327145,20.17197264,44.45117009,1e-08,0.00333278
slow_repair,precomplexed,100.0,0.01,72.0,0.02515529,0.03690497,0.02389995,0.93780856,0.01300502,0.01872404,141.19635517,143.04397993,26.13142313,83.14232352,6.5e-07,0.05240486
slow_repair,precomplexed,100.0,0.026101572156825372,24.0,2.691e-05,9.283e-05,2.556e-05,0.99130982,6.727e-05,2.408e-05,297.42554763,237.14103431,21.66672544,31.96935337,0.0,0.0001319
slow_repair,precomplexed,100.0,0.026101572156825372,48.0,0.01696203,0.03175489,0.01611492,0.93960413,0.01563997,0.01391669,359.23876132,346.92878611,52.6170263,115.96178497,2.1e-07,0.04510431
slow_repair,precomplexed,100.0,0.026101572156825372,72.0,0.21876047,0.28691702,0.2078636,0.72892582,0.07905342,0.15496236,368.03263263,372.88908924,68.13540752,216.84060364,1.15e-05,0.4070637
slow_repair,precomplexed,100.0,0.06812920690579614,24.0,0.00042313,0.00143077,0.00040199,0.97821035,0.00102878,0.00037821,775.25163059,618.34866389,56.51429496,83.39293009,0.0,0.00203289
slow_repair,precomplexed,100.0,0.06812920690579614,48.0,0.14029421,0.22656821,0.13329643,0.78762501,0.09327178,0.11176688,935.07466164,903.40890815,137.09778657,302.24662772,3.71e-06,0.32160754
slow_repair,precomplexed,100.0,0.06812920690579614,72.0,0.57177287,0.61752726,0.54382684,0.40946189,0.07370042,0.34176977,957.08657294,969.99761948,177.34939448,564.78912353,0.00020392,0.8674185
slow_repair,precomplexed,100.0,0.1778279410038923,24.0,0.00545813,0.01737522,0.00518537,0.94619336,0.01218985,0.00486106,2016.02091085,1609.6252071,147.23867826,217.30728373,2e-08,0.02468563
slow_repair,precomplexed,100.0,0.1778279410038923,48.0,0.40594593,0.51531534,0.38591807,0.53146619,0.12939726,0.29769014,2422.43024682,2343.07722376,356.15889728,785.89048006,6.762e-05,0.72672344
slow_repair,precomplexed,100.0,0.1778279410038923,72.0,0.73766286,0.756241,0.70779733,0.25676133,0.04844367,0.36022839,2473.1843052,2508.56024268,459.42671381,1465.76566892,0.00358402,0.97404063
slow_repair,precomplexed,100.0,0.464158883361278,24.0,0.04205838,0.11209426,0.03995805,0.8685399,0.07213621,0.03702249,5207.60876408,4169.92678806,382.36637767,564.62516036,4.2e-07,0.15919482
slow_repair,precomplexed,100.0,0.464158883361278,48.0,0.59482849,0.67183846,0.56832058,0.36067988,0.10351788,0.3941209,6187.50011494,6005.30138397,917.25128027,2029.23323745,0.00127845,0.89435287
slow_repair,precomplexed,100.0,0.464158883361278,72.0,0.87750878,0.90481986,0.859472,0.11536313,0.04534786,0.3900291,6269.18760988,6374.26395695,1173.32941076,3763.69917669,0.05861087,0.99171226
slow_repair,precomplexed,100.0,1.2115276586285888,24.0,0.14102019,0.28690797,0.13401541,0.73775734,0.15289256,0.12099592,13151.08580556,10634.25216946,982.85724659,1453.75985348,8.95e-06,0.40601793
slow_repair,precomplexed,100.0,1.2115276586285888,48.0,0.74222165,0.82391102,0.72084615,0.21775669,0.10306487,0.4650995,15007.09030632,14747.49555672,2291.69742703,5115.68334648,0.02597655,0.94766692
slow_repair,precomplexed,100.0,1.2115276586285888,72.0,0.95338337,0.96856849,0.94495362,0.0420791,0.02361488,0.37270605,14803.07699819,15178.9281271,2845.29368666,9304.99163963,0.50084277,0.99606865
slow_repair,precomplexed,100.0,3.1622776601683795,24.0,0.25798709,0.43457012,0.24586084,0.6064511,0.18870928,0.21498519,29615.82662733,25164.54750718,2414.63536746,3598.11476582,0.00028004,0.59218862
slow_repair,precomplexed,100.0,3.1622776601683795,48.0,0.85463069,0.91954645,0.84231037,0.11316358,0.07723607,0.50744332,28961.61184434,29687.11792806,4956.05479107,11526.63768725,0.37071064,0.96779004
slow_repair,precomplexed,100.0,3.1622776601683795,72.0,0.98459573,0.99299433,0.98258867,0.0119185,0.01040566,0.33619506,27224.32896657,28317.71214328,5577.42315069,19590.71658012,0.9279813,0.99760532
slow_repair,precomplexed,100.0,8.25404185268019,24.0,0.37700171,0.5910633,0.36472399,0.47485654,0.22633931,0.31142831,45143.00482379,42631.0549568,4655.64513948,7182.19550683,0.028709,0.69630146
slow_repair,precomplexed,100.0,8.25404185268019,48.0,0.91869078,0.96490379,0.91458806,0.05758533,0.05031574,0.5105421,39203.02469035,41838.57232684,7645.53305433,19214.48413222,0.85575133,0.97676587
slow_repair,precomplexed,100.0,8.25404185268019,72.0,0.99320083,0.99738601,0.99280907,0.00480578,0.00457694,0.29721449,34852.66316909,36892.31769803,7711.8089826,30090.20295293,0.9890988,0.99827643
slow_repair,precomplexed,100.0,21.544346900318843,24.0,0.48308504,0.70849538,0.47631736,0.37109317,0.23217802,0.39811552,48571.73667394,51400.89268746,6422.66773803,10343.13287638,0.45617083,0.74731982
slow_repair,precomplexed,100.0,21.544346900318843,48.0,0.94373061,0.9776949,0.94259869,0.03842299,0.03509622,0.49187607,39493.07936233,42861.22192883,8529.33620877,23417.41464889,0.95637083,0.98084875
slow_repair,precomplexed,100.0,21.544346900318843,72.0,0.99548172,0.99834572,0.99538496,0.00308275,0.00296076,0.27216294,35648.8984993,37575.85331194,8029.90617853,34478.6654037,0.99676026,0.99858
slow_repair,precomplexed,100.0,56.23413251903491,24.0,0.53769577,0.75532967,0.53507771,0.32455604,0.22025196,0.43957756,47999.18122789,51927.88461664,6994.5257656,11664.91223043,0.68059959,0.76841533
slow_repair,precomplexed,100.0,56.23413251903491,48.0,0.95207681,0.98147506,0.95171195,0.03229954,0.02976311,0.47877882,39451.85846123,42760.288781,8663.2842987,24735.48755314,0.97557507,0.98250056
slow_repair,precomplexed,100.0,56.23413251903491,72.0,0.99618707,0.99862655,0.99615666,0.00256718,0.00246989,0.26059054,35792.04105026,37663.72161935,8065.88603405,35795.36899131,0.99818863,0.99870265
slow_repair,precomplexed,100.0,146.77992676220705,24.0,0.51765284,0.74084151,0.51646228,0.34062667,0.22437923,0.42684266,32529.05141622,35104.10152731,4774.72055891,8034.498499,0.70844183,0.74703145
slow_repair,precomplexed,100.0,146.77992676220705,48.0,0.94894148,0.98022829,0.94877082,0.03432985,0.03145746,0.48307055,26861.96928762,29072.72596723,5885.54237798,16897.63830718,0.97763822,0.98072164
slow_repair,precomplexed,100.0,146.77992676220705,72.0,0.99591353,0.99853087,0.9958992,0.00274276,0.00263167,0.26435469,24418.12914583,25677.11146326,5489.9999469,24428.41854246,0.99833806,0.99856759
slow_repair,precomplexed,100.0,383.1186849557293,24.0,0.38788306,0.62812651,0.38688527,0.45543296,0.24124124,0.33176658,12505.28931388,13426.94812452,1812.53046984,3043.96625697,0.59674585,0.6348497
slow_repair,precomplexed,100.0,383.1186849557293,48.0,0.9254032,0.96995208,0.92520895,0.05070605,0.04474312,0.50932095,10348.30183037,11189.87652978,2255.92886009,6447.30712903,0.96707692,0.97056557
slow_repair,precomplexed,100.0,383.1186849557293,72.0,0.99379996,0.997738,0.9937826,0.00418657,0.00395539,0.29054809,9413.46170576,9896.15428606,2112.15500156,9348.12840515,0.99751981,0.99778456
slow_repair,precomplexed,100.0,1000.0,24.0,0.20152721,0.40380152,0.20063926,0.64900539,0.20316226,0.17891562,4797.15850004,5146.04476144,693.36467784,1163.55237414,0.36482416,0.41287512
slow_repair,precomplexed,100.0,1000.0,48.0,0.86583983,0.94043793,0.86547716,0.09482116,0.07496077,0.53217296,3971.11566447,4293.35206632,864.8360526,2468.81742887,0.93457009,0.94178329
slow_repair,precomplexed,100.0,1000.0,72.0,0.98763387,0.99528634,0.98759573,0.00852142,0.00769061,0.33554729,3613.05519956,3798.05583568,810.32776396,3581.98701967,0.99480506,0.99539664
reporter_loss,simultaneous,0.1,0.01,24.0,1e-08,3e-08,1e-08,0.99936886,2e-08,1e-08,31.60471962,23.67622596,1.93767448,2.74330968,0.0,4e-08
reporter_loss,simultaneous,0.1,0.01,48.0,7.29e-06,2.006e-05,9.67e-06,0.99605456,1.039e-05,8.44e-06,39.04907651,37.56821468,5.5229183,11.64600284,0.0,2.848e-05
reporter_loss,simultaneous,0.1,0.01,72.0,0.00012034,0.00031155,0.00020323,0.99195044,0.00010832,0.00015891,39.50451078,40.20176867,7.32852737,22.56584305,3e-08,0.00044209
reporter_loss,simultaneous,0.1,0.026101572156825372,24.0,1.2e-07,5.1e-07,1.3e-07,0.99839941,3.8e-07,1.2e-07,79.96517285,60.01564496,4.9242848,6.97712453,0.0,7.3e-07
reporter_loss,simultaneous,0.1,0.026101572156825372,48.0,0.00011309,0.00030995,0.00015043,0.99008708,0.00015952,0.00013118,98.65142719,94.94064882,13.97251472,29.4966994,1e-08,0.00044007
reporter_loss,simultaneous,0.1,0.026101572156825372,72.0,0.00175034,0.00453265,0.00298453,0.97802177,0.00154811,0.00232342,99.78540142,101.55190911,18.51921135,57.08500153,4.1e-07,0.00643075
reporter_loss,simultaneous,0.1,0.06812920690579614,24.0,1.73e-06,7.39e-06,1.9e-06,0.99611462,5.49e-06,1.8e-06,192.72764423,145.3392805,12.00398195,17.04247703,0.0,1.049e-05
reporter_loss,simultaneous,0.1,0.06812920690579614,48.0,0.00143132,0.00388519,0.00191876,0.97562329,0.00196642,0.00166772,236.81705942,228.10564762,33.66688337,71.28166264,1.3e-07,0.00551569
reporter_loss,simultaneous,0.1,0.06812920690579614,72.0,0.01848416,0.04790314,0.03248283,0.92729915,0.01542031,0.02494742,239.42391434,243.69839993,44.48631538,137.51443464,5.89e-06,0.06792996
reporter_loss,simultaneous,0.1,0.1778279410038923,24.0,1.904e-05,7.978e-05,2.088e-05,0.99147207,5.89e-05,1.975e-05,413.53417428,315.49330503,26.48064195,37.78229892,0.0,0.00011334
reporter_loss,simultaneous,0.1,0.1778279410038923,48.0,0.01148802,0.03046408,0.01570404,0.94064021,0.01476004,0.01353728,503.04886963,485.65162817,72.19538298,153.9748069,1.3e-06,0.04323648
reporter_loss,simultaneous,0.1,0.1778279410038923,72.0,0.09090732,0.23900342,0.17598755,0.76468788,0.06301587,0.12948362,507.77632067,517.08745457,94.65158321,294.68567167,6.071e-05,0.3382514
reporter_loss,simultaneous,0.1,0.464158883361278,24.0,0.00011934,0.00048595,0.00013159,0.9845791,0.00035436,0.00012417,705.83368992,550.51401279,47.70478862,68.76453918,0.0,0.00069032
reporter_loss,simultaneous,0.1,0.464158883361278,48.0,0.04225134,0.10785544,0.05999048,0.87611733,0.04786497,0.05089293,839.56008668,815.23585622,123.05666731,266.40100547,7.32e-06,0.15296071
reporter_loss,simultaneous,0.1,0.464158883361278,72.0,0.16340561,0.46170276,0.37612282,0.56670591,0.08557993,0.2564009,841.95279308,859.05112983,158.41992838,501.14886556,0.00035086,0.64883315
reporter_loss,simultaneous,0.1,1.2115276586285888,24.0,0.00034026,0.00133944,0.00037787,0.9785402,0.00096157,0.00035555,892.6145495,717.88369946,64.90839079,94.90552307,1e-08,0.0019026
reporter_loss,simultaneous,0.1,1.2115276586285888,48.0,0.07120736,0.17713313,0.105128,0.82218657,0.07200513,0.08772615,1000.94570029,988.58032301,154.02032186,341.78540447,2.442e-05,0.25070661
reporter_loss,simultaneous,0.1,1.2115276586285888,72.0,0.17997188,0.55063654,0.46883617,0.47770121,0.08180037,0.3026979,978.45196285,1005.95845537,189.67455192,620.83020328,0.00133068,0.75988161
reporter_loss,simultaneous,0.1,3.1622776601683795,24.0,0.000464,0.00176664,0.00051914,0.97647844,0.0012475,0.00048703,803.05121105,694.12600367,67.44171648,100.5310219,2e-08,0.0025078
reporter_loss,simultaneous,0.1,3.1622776601683795,48.0,0.06673842,0.16596701,0.10071431,0.82668283,0.0652527,0.08329046,790.58492253,807.96984577,135.31004034,316.51837996,0.00015784,0.231966
reporter_loss,simultaneous,0.1,3.1622776601683795,72.0,0.17469109,0.53659349,0.44858826,0.49189194,0.08800522,0.29184353,746.44354467,775.55780147,152.41655507,536.79361539,0.01130145,0.69736241
reporter_loss,simultaneous,0.1,8.25404185268019,24.0,0.00025076,0.00090742,0.00028474,0.98061564,0.00062268,0.00026571,477.21230956,452.37451554,49.4121717,76.36449461,5.8e-07,0.00127152
reporter_loss,simultaneous,0.1,8.25404185268019,48.0,0.02681719,0.06856816,0.04083375,0.90050737,0.02773441,0.03376877,413.84090874,439.20934664,80.43054074,202.90780252,0.00454786,0.08883442
reporter_loss,simultaneous,0.1,8.25404185268019,72.0,0.10226617,0.29941277,0.23590596,0.7000214,0.06350682,0.16166292,377.39551041,396.36566414,81.84133224,318.3415399,0.08679161,0.35442431
reporter_loss,simultaneous,0.1,21.544346900318843,24.0,4.642e-05,0.00016457,5.384e-05,0.9885319,0.00011073,5.003e-05,207.560981,212.19482898,25.93426148,41.67113558,1.424e-05,0.00021259
reporter_loss,simultaneous,0.1,21.544346900318843,48.0,0.00422488,0.011047,0.00654243,0.96067864,0.00450458,0.00540609,174.42339052,187.36874338,36.23130048,97.4973149,0.00422702,0.01289649
reporter_loss,simultaneous,0.1,21.544346900318843,72.0,0.01920713,0.05569308,0.0424937,0.91501277,0.01319938,0.0297656,158.54653114,166.69526213,35.10900358,146.28136423,0.03273183,0.06164387
reporter_loss,simultaneous,0.1,56.23413251903491,24.0,4.67e-06,1.655e-05,5.53e-06,0.99462504,1.102e-05,5.13e-06,83.24378129,87.55076515,11.31131887,18.62208228,6.2e-06,1.933e-05
reporter_loss,simultaneous,0.1,56.23413251903491,48.0,0.00038097,0.00100697,0.00059954,0.98463815,0.00040743,0.00049414,69.19875449,74.65202039,14.78779797,41.14779646,0.00066048,0.00109444
reporter_loss,simultaneous,0.1,56.23413251903491,72.0,0.00174699,0.00510038,0.00387862,0.9765091,0.00122176,0.00271894,62.91538542,66.14761712,14.04222765,60.5283105,0.00397921,0.00538205
reporter_loss,simultaneous,0.1,146.77992676220705,24.0,3.4e-07,1.22e-06,4.1e-07,0.99775136,8.1e-07,3.8e-07,32.408582,34.50208729,4.57237929,7.61560542,7.4e-07,1.34e-06
reporter_loss,simultaneous,0.1,146.77992676220705,48.0,2.628e-05,6.979e-05,4.174e-05,0.99390991,2.806e-05,3.434e-05,26.86422936,29.02154475,5.80817447,16.41411213,5.569e-05,7.321e-05
reporter_loss,simultaneous,0.1,146.77992676220705,72.0,0.00011898,0.00034916,0.00026585,0.991709,8.331e-05,0.00018603,24.43521491,25.68799624,5.4700959,23.94214505,0.00030512,0.00035988
reporter_loss,simultaneous,0.1,383.1186849557293,24.0,2e-08,8e-08,3e-08,0.9991074,5e-08,2e-08,12.48995535,13.36041435,1.78915153,2.99428931,5e-08,8e-08
reporter_loss,simultaneous,0.1,383.1186849557293,48.0,1.61e-06,4.27e-06,2.56e-06,0.99761747,1.71e-06,2.1e-06,10.34447375,11.18057355,2.24672988,6.38986731,3.65e-06,4.43e-06
reporter_loss,simultaneous,0.1,383.1186849557293,72.0,7.22e-06,2.123e-05,1.618e-05,0.99683095,5.05e-06,1.131e-05,9.41112287,9.89310657,2.10917662,9.28926218,1.93e-05,2.171e-05
reporter_loss,simultaneous,0.1,1000.0,24.0,0.0,0.0,0.0,0.99965354,0.0,0.0,4.79571548,5.13908037,0.69082001,1.15809094,0.0,0.0
reporter_loss,simultaneous,0.1,1000.0,48.0,9e-08,2.5e-07,1.5e-07,0.99907878,1e-07,1.2e-07,3.97081691,4.29248766,0.86386346,2.46256806,2.1e-07,2.6e-07
reporter_loss,simultaneous,0.1,1000.0,72.0,4.2e-07,1.23e-06,9.4e-07,0.99877953,2.9e-07,6.6e-07,3.61289028,3.79782484,0.81002802,3.57561572,1.13e-06,1.26e-06
reporter_loss,simultaneous,3.0,0.01,24.0,9e-07,3.55e-06,1e-06,0.99709857,2.56e-06,9.4e-07,108.02303733,86.59180492,7.96386035,11.76587101,0.0,5.05e-06
reporter_loss,simultaneous,3.0,0.01,48.0,0.00038773,0.00103884,0.00053044,0.98548896,0.00050839,0.0004569,129.53653289,125.34787399,19.09442412,42.23307749,1e-08,0.00147558
reporter_loss,simultaneous,3.0,0.01,72.0,0.00455806,0.01189935,0.00806174,0.96680849,0.00383761,0.00616685,132.24303805,134.14313632,24.58151026,78.59347445,3.1e-07,0.01689469
reporter_loss,simultaneous,3.0,0.026101572156825372,24.0,1.519e-05,5.988e-05,1.688e-05,0.9925728,4.3e-05,1.588e-05,281.70620539,225.85083544,20.77378358,30.69172485,0.0,8.508e-05
reporter_loss,simultaneous,3.0,0.026101572156825372,48.0,0.00559576,0.01479246,0.00775034,0.95886553,0.00704212,0.00664109,337.61906955,326.75722164,49.78745695,110.13383459,1.4e-07,0.02100915
reporter_loss,simultaneous,3.0,0.026101572156825372,72.0,0.0486705,0.12794663,0.09137792,0.85788687,0.03656871,0.06805713,344.54662943,349.53778822,64.0680533,204.89670291,5.5e-06,0.18156472
reporter_loss,simultaneous,3.0,0.06812920690579614,24.0,0.00023885,0.00092727,0.00026625,0.98141058,0.00066101,0.00025014,733.56606337,588.35275782,54.13204423,79.97861216,0.0,0.00131743
reporter_loss,simultaneous,3.0,0.06812920690579614,48.0,0.05301356,0.13367218,0.07705383,0.85729582,0.05661835,0.06470247,877.84451897,849.98593667,129.59440331,286.76872042,2.59e-06,0.18975571
reporter_loss,simultaneous,3.0,0.06812920690579614,72.0,0.16855065,0.49127213,0.4088192,0.53905912,0.08245293,0.27197321,894.97930866,908.22593347,166.58177549,533.12397826,9.781e-05,0.6940991
reporter_loss,simultaneous,3.0,0.1778279410038923,24.0,0.00310297,0.01153207,0.00348724,0.95462843,0.00804483,0.00326564,1902.54169813,1527.57175921,140.65228119,207.82718651,3e-08,0.01638299
reporter_loss,simultaneous,3.0,0.1778279410038923,48.0,0.17912471,0.42800459,0.30467643,0.61629324,0.12332817,0.23954961,2267.36981511,2198.14272788,335.7348653,743.59361151,4.737e-05,0.60506415
reporter_loss,simultaneous,3.0,0.1778279410038923,72.0,0.16246835,0.69789059,0.64900862,0.31584366,0.04888197,0.34824472,2305.37383643,2341.50475154,430.24748009,1379.62920168,0.00173947,0.94292345
reporter_loss,simultaneous,3.0,0.464158883361278,24.0,0.02491681,0.08201026,0.02870258,0.89094845,0.05330768,0.02661705,4875.47191227,3926.73082233,362.32193284,535.48276601,4.9e-07,0.11645867
reporter_loss,simultaneous,3.0,0.464158883361278,48.0,0.23736188,0.62406458,0.51740763,0.41379595,0.10665696,0.36703792,5739.50295442,5585.02994267,857.50009032,1904.23222627,0.00090565,0.84887298
reporter_loss,simultaneous,3.0,0.464158883361278,72.0,0.14655415,0.85637471,0.80756168,0.16477515,0.04881303,0.37631254,5788.28091332,5894.2314717,1088.99637235,3512.19835202,0.03010933,0.9851289
reporter_loss,simultaneous,3.0,1.2115276586285888,24.0,0.08680527,0.23744075,0.1056091,0.77818642,0.13183164,0.09584098,11941.93476631,9719.69353275,902.85733342,1335.1716049,1.033e-05,0.33604243
reporter_loss,simultaneous,3.0,1.2115276586285888,48.0,0.25579582,0.78281095,0.6769898,0.26220027,0.10582115,0.44501518,13444.9641152,13262.97218533,2075.04208736,4650.6760484,0.01904899,0.9280088
reporter_loss,simultaneous,3.0,1.2115276586285888,72.0,0.1217875,0.95337823,0.92492529,0.06034642,0.02845295,0.38008032,13180.29424967,13541.4621187,2551.40100574,8401.30962029,0.35405962,0.99366193
reporter_loss,simultaneous,3.0,3.1622776601683795,24.0,0.14497652,0.35854558,0.18682988,0.67750051,0.1717157,0.16583295,21554.96318727,18500.86777229,1781.00570509,2648.30089766,0.00022662,0.49443681
reporter_loss,simultaneous,3.0,3.1622776601683795,48.0,0.26406507,0.89097416,0.8008554,0.15098152,0.09011876,0.50105547,20894.251297,21448.65612132,3602.37418616,8409.53050475,0.28948037,0.95228927
reporter_loss,simultaneous,3.0,3.1622776601683795,72.0,0.0924639,0.98838868,0.97400298,0.01910727,0.01438569,0.35495483,19626.73863171,20424.20912373,4031.27696534,14229.70909731,0.88743855,0.99590542
reporter_loss,simultaneous,3.0,8.25404185268019,24.0,0.15677647,0.39466013,0.20480236,0.65007066,0.18985777,0.18140921,14659.92803596,13857.22608542,1509.57260962,2329.87116359,0.00580872,0.50153765
reporter_loss,simultaneous,3.0,8.25404185268019,48.0,0.26614547,0.92818227,0.84832872,0.11141333,0.07985355,0.52273273,12607.08135352,13430.71669222,2464.49186423,6210.52137379,0.74247351,0.95131162
reporter_loss,simultaneous,3.0,8.25404185268019,72.0,0.08048578,0.99354533,0.98425715,0.01141817,0.00928818,0.34014427,11418.47696415,12018.47445159,2493.53750313,9724.37409367,0.97565271,0.99569958
reporter_loss,simultaneous,3.0,21.544346900318843,24.0,0.11679764,0.31809494,0.14943276,0.71291694,0.16866219,0.13422209,6266.28737847,6428.42407587,787.7705415,1266.18348531,0.09472965,0.36886108
reporter_loss,simultaneous,3.0,21.544346900318843,48.0,0.28008685,0.91152784,0.8208945,0.13512125,0.09063334,0.52379363,5248.19594343,5643.66224838,1094.52743437,2951.68836242,0.84339457,0.92372075
reporter_loss,simultaneous,3.0,21.544346900318843,72.0,0.09147837,0.99124834,0.97975107,0.0150997,0.01149728,0.35556112,4766.90096678,5013.23154926,1057.4541121,4419.73399315,0.98402946,0.99252544
reporter_loss,simultaneous,3.0,56.23413251903491,24.0,0.04123413,0.12758766,0.05095375,0.84694099,0.0766339,0.0465514,2499.73677238,2631.93128522,340.58283739,560.9942425,0.06570197,0.1424476
reporter_loss,simultaneous,3.0,56.23413251903491,48.0,0.28567019,0.79539684,0.6614664,0.27281598,0.13393045,0.46505266,2076.94132368,2241.04945399,444.31820902,1237.56725696,0.73764279,0.80762493
reporter_loss,simultaneous,3.0,56.23413251903491,72.0,0.13924745,0.97175714,0.94478732,0.04359894,0.02696982,0.41030117,1888.18078112,1985.25539793,421.58813731,1819.27920572,0.96224837,0.97375129
reporter_loss,simultaneous,3.0,146.77992676220705,24.0,0.00593144,0.02004196,0.00720939,0.93713271,0.01283258,0.00664379,972.42116059,1035.56386815,137.32060772,228.77153136,0.0129321,0.02175596
reporter_loss,simultaneous,3.0,146.77992676220705,48.0,0.16089738,0.4159735,0.29331492,0.62111914,0.12265859,0.22784407,805.9869246,870.7494814,174.31221662,492.79262044,0.37113467,0.42624943
reporter_loss,simultaneous,3.0,146.77992676220705,72.0,0.20178739,0.80453752,0.72732717,0.23408046,0.07721035,0.41143626,733.10015063,770.6908927,164.12922489,718.65281708,0.77998316,0.81012147
reporter_loss,simultaneous,3.0,383.1186849557293,24.0,0.00048966,0.00170561,0.00059248,0.97462278,0.00111312,0.00054752,374.71233163,400.86918984,53.69430492,89.870618,0.00122576,0.00182471
reporter_loss,simultaneous,3.0,383.1186849557293,48.0,0.02655582,0.06983249,0.0438142,0.89881912,0.02601829,0.03549389,310.33807208,335.42572241,67.409767,191.74469424,0.06111398,0.07196169
reporter_loss,simultaneous,3.0,383.1186849557293,72.0,0.08243293,0.25609593,0.20616193,0.73450198,0.049934,0.13706855,282.33625499,296.79638701,63.27793381,278.72792098,0.23953354,0.26014115
reporter_loss,simultaneous,3.0,1000.0,24.0,3.197e-05,0.00011251,3.861e-05,0.98987865,7.389e-05,3.572e-05,143.87294855,154.17973015,20.72740716,34.74879134,8.297e-05,0.00012002
reporter_loss,simultaneous,3.0,1000.0,48.0,0.00211069,0.0055975,0.00340314,0.97091988,0.00219435,0.00278408,119.12479224,128.77550119,25.91695484,73.88392634,0.00488625,0.00577581
reporter_loss,simultaneous,3.0,1000.0,72.0,0.00859854,0.02562184,0.01979109,0.94762823,0.00583075,0.01366474,108.38686166,113.93496452,24.30115861,107.27547592,0.02367257,0.02611034
reporter_loss,simultaneous,100.0,0.01,24.0,1.01e-06,4.01e-06,1.12e-06,0.99698405,2.89e-06,1.06e-06,114.03440912,90.92917718,8.31087754,12.26514925,0.0,5.7e-06
reporter_loss,simultaneous,100.0,0.01,48.0,0.00044702,0.00119881,0.0006108,0.984734,0.00058801,0.0005264,137.78111374,133.04532534,20.17708496,44.47209027,1e-08,0.00170293
reporter_loss,simultaneous,100.0,0.01,72.0,0.00531337,0.01386377,0.00938391,0.96421948,0.00447986,0.00718334,141.19563289,143.04538626,26.13340352,83.16485941,2.7e-07,0.01968602
reporter_loss,simultaneous,100.0,0.026101572156825372,24.0,1.711e-05,6.752e-05,1.902e-05,0.99228242,4.849e-05,1.789e-05,297.49107139,237.2481851,21.68696249,32.00635527,0.0,9.594e-05
reporter_loss,simultaneous,100.0,0.026101572156825372,48.0,0.00638158,0.01686699,0.00883531,0.9563494,0.00803167,0.00757211,359.25406665,346.96013184,52.63035227,116.01634614,1.2e-07,0.02395751
reporter_loss,simultaneous,100.0,0.026101572156825372,72.0,0.05459704,0.14354899,0.10294668,0.84499425,0.0406023,0.07653294,368.03069527,372.8926872,68.14056145,216.89935638,4.8e-06,0.20373277
reporter_loss,simultaneous,100.0,0.06812920690579614,24.0,0.0002688,0.00104316,0.0002997,0.98068889,0.00074346,0.00028154,775.42198967,618.62739148,56.56706696,83.48944367,0.0,0.00148215
reporter_loss,simultaneous,100.0,0.06812920690579614,48.0,0.05827706,0.14643962,0.08499037,0.84780486,0.06144925,0.07126725,935.11389953,903.4899236,137.13242982,302.38873331,2.1e-06,0.20790459
reporter_loss,simultaneous,100.0,0.06812920690579614,72.0,0.17278183,0.50992314,0.42828816,0.52101455,0.08163498,0.28225984,957.08117789,970.00654018,177.3627131,564.94198731,8.542e-05,0.72054761
reporter_loss,simultaneous,100.0,0.1778279410038923,24.0,0.00347665,0.01287963,0.00391013,0.95276941,0.0089695,0.00366053,2016.45930561,1610.34789312,147.37602001,217.55864124,2e-08,0.01829853
reporter_loss,simultaneous,100.0,0.1778279410038923,48.0,0.18501975,0.4420933,0.31817079,0.60345172,0.1239225,0.24901226,2422.52757195,2343.28295224,356.24834404,786.25924303,3.841e-05,0.6251678
reporter_loss,simultaneous,100.0,0.1778279410038923,72.0,0.15927228,0.70179349,0.65482241,0.31087171,0.04697108,0.34706062,2473.167743,2508.58007261,459.46057187,1466.16122914,0.00151881,0.94796027
reporter_loss,simultaneous,100.0,0.464158883361278,24.0,0.02753534,0.08964123,0.03180705,0.88573873,0.05783418,0.02946298,5208.70658621,4171.77694227,382.72192973,565.2771804,3.2e-07,0.1273121
reporter_loss,simultaneous,100.0,0.464158883361278,48.0,0.23715613,0.62919805,0.52521632,0.40734926,0.10398174,0.3700619,6187.71546482,6005.79503614,917.47742233,2030.17969183,0.00073144,0.85690235
reporter_loss,simultaneous,100.0,0.464158883361278,72.0,0.1442335,0.85737768,0.80906374,0.16354263,0.04831394,0.37371366,6269.12584898,6374.28987306,1173.41096976,3764.70576422,0.02635935,0.98611718
reporter_loss,simultaneous,100.0,1.2115276586285888,24.0,0.09499461,0.2547359,0.11657614,0.76576713,0.13815976,0.10542347,13153.54843725,10638.77660327,983.76112323,1455.42827764,6.9e-06,0.36071436
reporter_loss,simultaneous,100.0,1.2115276586285888,48.0,0.25246335,0.78546481,0.68222715,0.25825341,0.10323766,0.44432066,15007.31857427,14748.40641699,2292.22431295,5118.01611583,0.01537561,0.93252302
reporter_loss,simultaneous,100.0,1.2115276586285888,72.0,0.11938379,0.95264297,0.92480064,0.06063552,0.02784233,0.37622516,14802.77407716,15178.78566955,2845.44861123,9307.39814177,0.32298838,0.99410127
reporter_loss,simultaneous,100.0,3.1622776601683795,24.0,0.16999667,0.40569961,0.2260973,0.63727059,0.17960232,0.19817296,29617.77102038,25172.88076059,2416.72354379,3602.09674354,0.00021764,0.55646309
reporter_loss,simultaneous,100.0,3.1622776601683795,48.0,0.25432861,0.90107776,0.81871686,0.13713476,0.0823609,0.49933458,28960.61205325,29686.92013374,4956.85646389,11531.37940542,0.28142907,0.95971518
reporter_loss,simultaneous,100.0,3.1622776601683795,72.0,0.08585872,0.98935213,0.97622769,0.01745634,0.01312443,0.34408181,27223.44556405,28316.79756118,5577.50305285,19595.2537936,0.88519573,0.99658278
reporter_loss,simultaneous,100.0,8.25404185268019,24.0,0.23925465,0.5624041,0.34302455,0.50793758,0.21937955,0.29354041,45141.04546319,42637.07787452,4658.8056589,7189.07373312,0.02323594,0.66905485
reporter_loss,simultaneous,100.0,8.25404185268019,48.0,0.22996236,0.95691416,0.90187367,0.07034999,0.05504049,0.51003747,39199.43232469,41835.35846591,7646.13526119,19221.27139862,0.82633431,0.9712161
reporter_loss,simultaneous,100.0,8.25404185268019,72.0,0.06017833,0.99634762,0.99071902,0.00661439,0.0056286,0.30390447,34850.84336288,36889.92997154,7711.52462587,30096.1538465,0.98497753,0.99757352
reporter_loss,simultaneous,100.0,21.544346900318843,24.0,0.29477871,0.68351946,0.45408162,0.40402844,0.22943784,0.38054004,48561.92067776,51396.92499776,6425.83965158,10351.57898113,0.42699687,0.72360837
reporter_loss,simultaneous,100.0,21.544346900318843,48.0,0.20227525,0.97251371,0.93384964,0.04714531,0.03866407,0.4936583,39489.41451823,42856.35129474,8529.27646608,23424.26948482,0.94764239,0.97623466
reporter_loss,simultaneous,100.0,21.544346900318843,72.0,0.04790906,0.99768526,0.99403889,0.00424544,0.00364637,0.27782474,35647.26022226,37573.5413182,8029.41360493,34484.55880636,0.9955865,0.997999
reporter_loss,simultaneous,100.0,56.23413251903491,24.0,0.3168502,0.73234057,0.51287394,0.35653295,0.21946663,0.42260609,47988.13289984,51918.39706513,6996.77048045,11672.63461808,0.65535004,0.74585915
reporter_loss,simultaneous,100.0,56.23413251903491,48.0,0.18821604,0.97701806,0.94404732,0.03985792,0.03297074,0.48123936,39447.50718986,42754.25624024,8662.67006425,24740.90616194,0.97010346,0.97822259
reporter_loss,simultaneous,100.0,56.23413251903491,72.0,0.04319848,0.99806546,0.99500541,0.00355693,0.00306005,0.26599639,35790.1127576,37660.97480773,8065.15732585,35799.62466432,0.9974831,0.99816689
reporter_loss,simultaneous,100.0,146.77992676220705,24.0,0.30752348,0.71359571,0.49024554,0.37647574,0.22335017,0.40673239,32522.37963153,35070.7901373,4762.10736959,8007.06768643,0.68065385,0.71967289
reporter_loss,simultaneous,100.0,146.77992676220705,48.0,0.19442523,0.97502487,0.93978313,0.04305656,0.03524174,0.48598943,26860.54007935,29068.56785497,5880.78076674,16866.4433455,0.97199275,0.9755825
reporter_loss,simultaneous,100.0,146.77992676220705,72.0,0.04538501,0.99787776,0.99455755,0.00388992,0.00332021,0.27071237,24417.65270621,25676.21997994,5488.55453329,24396.66148089,0.99761949,0.99792527
reporter_loss,simultaneous,100.0,383.1186849557293,24.0,0.24331376,0.58691228,0.35450798,0.49954108,0.2324043,0.30499265,12505.42222327,13428.66627207,1813.28615067,3045.64533209,0.55427065,0.59382086
reporter_loss,simultaneous,100.0,383.1186849557293,48.0,0.22888663,0.96030503,0.90940155,0.06600138,0.05090348,0.51012773,10348.27688896,11189.97000767,2256.18332523,6449.1508175,0.95662895,0.96108024
reporter_loss,simultaneous,100.0,383.1186849557293,72.0,0.05910742,0.99645491,0.99122343,0.00638048,0.00523148,0.29955524,9413.44212696,9896.13807203,2112.2191764,9349.97600878,0.99612209,0.99652516
reporter_loss,simultaneous,100.0,1000.0,24.0,0.12746858,0.34642522,0.16896608,0.69464004,0.17745914,0.15088668,4797.37905268,5147.8060158,694.11940764,1165.24044466,0.30914672,0.35510961
reporter_loss,simultaneous,100.0,1000.0,48.0,0.27467109,0.91385986,0.82746933,0.13144144,0.08639053,0.52089827,3971.13186564,4293.49928921,865.09916345,2470.68635717,0.90569625,0.91573201
reporter_loss,simultaneous,100.0,1000.0,72.0,0.08951962,0.99106129,0.97981815,0.01523651,0.01124314,0.35015325,3613.05508659,3798.06654395,810.39954774,3583.87070584,0.99016743,0.99126635
reporter_loss,primary_first,0.1,0.01,24.0,0.0,0.0,0.0,0.99963623,0.0,0.0,30.17164261,20.57734356,1.40169938,1.85131752,0.0,1e-08
reporter_loss,primary_first,0.1,0.01,48.0,4e-06,1.14e-05,5.13e-06,0.99657969,6.27e-06,4.54e-06,38.93347827,37.09963392,5.21157166,10.34876103,0.0,1.618e-05
reporter_loss,primary_first,0.1,0.01,72.0,9.402e-05,0.00024203,0.00015296,0.99240648,8.907e-05,0.00012175,39.48010883,40.14146081,7.22766814,21.21478443,2e-08,0.00034336
reporter_loss,primary_first,0.1,0.026101572156825372,24.0,1e-08,7e-08,2e-08,0.99907806,6e-08,1e-08,76.34064294,52.14813215,3.5581392,4.70106358,0.0,1e-07
reporter_loss,primary_first,0.1,0.026101572156825372,48.0,6.227e-05,0.00017673,7.995e-05,0.99143287,9.678e-05,7.08e-05,98.35740808,93.74790068,13.18046306,26.19154599,1e-08,0.00025086
reporter_loss,primary_first,0.1,0.026101572156825372,72.0,0.00137565,0.00353885,0.00225655,0.97968059,0.0012823,0.00178948,99.74006748,101.41056842,18.26359731,53.64429047,4.1e-07,0.00501962
reporter_loss,primary_first,0.1,0.06812920690579614,24.0,2.1e-07,1.05e-06,2.2e-07,0.99776628,8.3e-07,2.1e-07,184.00709538,126.22275543,8.64988626,11.43854919,0.0,1.49e-06
reporter_loss,primary_first,0.1,0.06812920690579614,48.0,0.00079497,0.00223536,0.00102645,0.97935167,0.00120891,0.00090685,236.09855743,225.18720175,31.73197371,63.1756523,1.1e-07,0.00317272
reporter_loss,primary_first,0.1,0.06812920690579614,72.0,0.01483855,0.03807994,0.02495159,0.93628228,0.01312834,0.01957045,239.41344682,243.42536877,43.86758067,129.08521398,5.71e-06,0.05398656
reporter_loss,primary_first,0.1,0.1778279410038923,24.0,2.2e-06,1.109e-05,2.34e-06,0.99512653,8.75e-06,2.24e-06,394.81637407,273.69004201,18.96350719,25.13448753,0.0,1.575e-05
reporter_loss,primary_first,0.1,0.1778279410038923,48.0,0.00653097,0.01797212,0.00854671,0.95274662,0.00942541,0.00750874,501.40080297,479.09547814,67.89939918,135.82972608,1.06e-06,0.02550131
reporter_loss,primary_first,0.1,0.1778279410038923,72.0,0.07808567,0.20056107,0.14186897,0.79788565,0.0586921,0.10755892,508.21659268,516.80123485,93.29952029,275.84964739,5.758e-05,0.28379538
reporter_loss,primary_first,0.1,0.464158883361278,24.0,1.289e-05,6.372e-05,1.37e-05,0.99134937,5.002e-05,1.312e-05,671.4402204,475.06727766,33.67389195,44.85224955,0.0,9.051e-05
reporter_loss,primary_first,0.1,0.464158883361278,48.0,0.02493243,0.06620435,0.03343034,0.90817275,0.03277401,0.02907481,835.71374487,801.98356076,114.98579407,232.23974891,5.43e-06,0.09388016
reporter_loss,primary_first,0.1,0.464158883361278,72.0,0.15397903,0.41077198,0.32060386,0.61682119,0.09016812,0.22904502,843.80881764,859.04083521,155.86616007,465.61553785,0.00031532,0.57758956
reporter_loss,primary_first,0.1,1.2115276586285888,24.0,3.158e-05,0.00015288,3.368e-05,0.98851994,0.0001192,3.221e-05,836.15836714,605.98139653,44.18719439,59.25083602,0.0,0.00021714
reporter_loss,primary_first,0.1,1.2115276586285888,48.0,0.04144509,0.10729921,0.05679305,0.87552326,0.05050616,0.04894942,992.81089985,965.4350658,141.53553854,290.01316194,1.507e-05,0.1519001
reporter_loss,primary_first,0.1,1.2115276586285888,72.0,0.17690102,0.49361609,0.40163808,0.53735137,0.09197802,0.27640882,981.38574107,1005.33948209,185.5114503,566.47578849,0.00108635,0.68342883
reporter_loss,primary_first,0.1,3.1622776601683795,24.0,3.174e-05,0.0001505,3.395e-05,0.98849896,0.00011655,3.243e-05,738.55529437,562.95742246,42.84851007,57.93886277,0.0,0.00021356
reporter_loss,primary_first,0.1,3.1622776601683795,48.0,0.03254633,0.08443613,0.04496347,0.89009551,0.03947265,0.03864312,781.30738093,781.80546995,120.78014541,255.34734562,8.711e-05,0.1179145
reporter_loss,primary_first,0.1,3.1622776601683795,72.0,0.15962537,0.44242585,0.34840277,0.58333467,0.09402308,0.24450638,748.54831227,773.92776986,147.52470979,472.58422127,0.00875646,0.57799524
reporter_loss,primary_first,0.1,8.25404185268019,24.0,8.68e-06,4.046e-05,9.36e-06,0.9919338,3.11e-05,8.93e-06,437.05694815,352.92765118,28.31607413,38.70843832,1e-07,5.546e-05
reporter_loss,primary_first,0.1,8.25404185268019,48.0,0.00851,0.02291015,0.01179618,0.9421464,0.01111397,0.01018663,409.29121455,423.25538236,69.44501944,152.29044739,0.00252738,0.0287334
reporter_loss,primary_first,0.1,8.25404185268019,72.0,0.06811507,0.18487696,0.13446594,0.80035562,0.05041102,0.0993477,378.50230064,395.52894055,78.38330494,265.97881038,0.06404917,0.21471007
reporter_loss,primary_first,0.1,21.544346900318843,24.0,1.05e-06,4.92e-06,1.15e-06,0.9958094,3.77e-06,1.1e-06,194.30626867,165.03418053,13.94172729,19.26789051,1.28e-06,6.22e-06
reporter_loss,primary_first,0.1,21.544346900318843,48.0,0.0010098,0.00277489,0.00141444,0.97533384,0.00136044,0.00122313,173.40759594,181.84066517,30.89326017,69.60565332,0.00149895,0.00319212
reporter_loss,primary_first,0.1,21.544346900318843,72.0,0.00971439,0.02645415,0.01859791,0.94411647,0.00785624,0.01398028,158.88825051,166.49336221,33.55486164,117.83624818,0.01844481,0.02899343
reporter_loss,primary_first,0.1,56.23413251903491,24.0,9e-08,4.4e-07,1e-07,0.99809816,3.4e-07,1e-07,79.81438465,70.24649706,6.13679053,8.53708553,2.1e-07,5.2e-07
reporter_loss,primary_first,0.1,56.23413251903491,48.0,8.492e-05,0.00023508,0.00012024,0.98965688,0.00011484,0.00010388,68.95627593,72.95452728,12.70604417,29.17928433,0.00017137,0.00025484
reporter_loss,primary_first,0.1,56.23413251903491,72.0,0.00082152,0.00225156,0.00157814,0.98184138,0.00067343,0.00118725,62.97161501,66.05919665,13.45410374,48.39087916,0.00187705,0.00236698
reporter_loss,primary_first,0.1,146.77992676220705,24.0,1e-08,3e-08,1e-08,0.99920252,2e-08,1e-08,31.4067468,28.23254901,2.52298149,3.52663242,2e-08,4e-08
reporter_loss,primary_first,0.1,146.77992676220705,48.0,5.81e-06,1.612e-05,8.28e-06,0.995817,7.84e-06,7.15e-06,26.78805436,28.45086035,5.02079381,11.6625474,1.368e-05,1.688e-05
reporter_loss,primary_first,0.1,146.77992676220705,72.0,5.514e-05,0.00015176,0.00010654,0.99315191,4.522e-05,8.004e-05,24.44072393,25.64828719,5.24973688,19.13277683,0.00013838,0.00015594
reporter_loss,primary_first,0.1,383.1186849557293,24.0,0.0,0.0,0.0,0.9996807,0.0,0.0,12.16518356,11.05460328,0.99999656,1.40139857,0.0,0.0
reporter_loss,primary_first,0.1,383.1186849557293,48.0,3.6e-07,9.9e-07,5.1e-07,0.99835327,4.8e-07,4.4e-07,10.31838339,10.97847645,1.95017051,4.55684681,9e-07,1.02e-06
reporter_loss,primary_first,0.1,383.1186849557293,72.0,3.35e-06,9.24e-06,6.5e-06,0.99734554,2.74e-06,4.87e-06,9.41069687,9.87723898,2.02656811,7.43557937,8.75e-06,9.39e-06
reporter_loss,primary_first,0.1,1000.0,24.0,0.0,0.0,0.0,0.99987503,0.0,0.0,4.68273821,4.27849645,0.38946461,0.54650639,0.0,0.0
reporter_loss,primary_first,0.1,1000.0,48.0,2e-08,6e-08,3e-08,0.99936095,3e-08,3e-08,3.96148214,4.21854469,0.75182984,1.76203351,5e-08,6e-08
reporter_loss,primary_first,0.1,1000.0,72.0,1.9e-07,5.4e-07,3.8e-07,0.99897432,1.6e-07,2.8e-07,3.6123624,3.79174547,0.77890154,2.86749624,5.2e-07,5.4e-07
reporter_loss,primary_first,3.0,0.01,24.0,3.3e-07,1.47e-06,3.5e-07,0.99765655,1.12e-06,3.3e-07,112.83721555,90.26751556,7.58792943,10.56359806,0.0,2.09e-06
reporter_loss,primary_first,3.0,0.01,48.0,0.00034632,0.00093858,0.00046403,0.98567637,0.00047456,0.00040344,130.74310663,127.46007083,19.45789813,41.93935214,2e-08,0.00133284
reporter_loss,primary_first,3.0,0.01,72.0,0.00455115,0.01181949,0.0079484,0.96672909,0.00387109,0.0061197,132.20291136,134.4911778,24.81001867,78.60767499,4.8e-07,0.01677709
reporter_loss,primary_first,3.0,0.026101572156825372,24.0,5.51e-06,2.488e-05,5.95e-06,0.99399918,1.893e-05,5.66e-06,294.22013544,235.35650638,19.77690562,27.52825201,0.0,3.534e-05
reporter_loss,primary_first,3.0,0.026101572156825372,48.0,0.00500236,0.01336665,0.00677693,0.96006918,0.00658973,0.00586489,340.7432443,332.23474163,50.72462841,109.32615964,2.9e-07,0.01897838
reporter_loss,primary_first,3.0,0.026101572156825372,72.0,0.04855181,0.12669525,0.08982183,0.85893183,0.03687342,0.0674077,344.43294307,350.43153434,64.65832748,204.88606149,8.47e-06,0.1797177
reporter_loss,primary_first,3.0,0.06812920690579614,24.0,8.683e-05,0.0003869,9.383e-05,0.98502905,0.00029308,8.926e-05,765.87293854,612.55176941,51.42241042,71.54722565,0.0,0.00054955
reporter_loss,primary_first,3.0,0.06812920690579614,48.0,0.04800594,0.12199629,0.06785558,0.86600513,0.05414072,0.05769561,885.82575091,864.03722272,131.96091539,284.37828605,5.14e-06,0.17308736
reporter_loss,primary_first,3.0,0.06812920690579614,72.0,0.17021905,0.48668505,0.40198031,0.5441956,0.08470474,0.27108134,894.62106458,910.45759962,168.07995872,532.76773468,0.00015016,0.686555
reporter_loss,primary_first,3.0,0.1778279410038923,24.0,0.00113934,0.00490759,0.00123677,0.96440672,0.00367082,0.00117452,1984.35855502,1586.41811307,132.82667801,184.6056175,5e-08,0.00696951
reporter_loss,primary_first,3.0,0.1778279410038923,48.0,0.17057942,0.4035043,0.27625316,0.6396501,0.12725114,0.22201496,2286.98692596,2233.09184599,341.35247241,735.37931635,9.289e-05,0.5691543
reporter_loss,primary_first,3.0,0.1778279410038923,72.0,0.17282431,0.70077074,0.64670997,0.31589174,0.05406076,0.35826712,2304.01081633,2346.62269286,433.8597042,1376.40069548,0.00263834,0.93736049
reporter_loss,primary_first,3.0,0.464158883361278,24.0,0.00967605,0.03813548,0.01063415,0.92119157,0.02750133,0.01005045,5070.39800437,4048.17299836,336.41566032,466.13543896,9e-07,0.05412063
reporter_loss,primary_first,3.0,0.464158883361278,48.0,0.24380734,0.60842502,0.4855572,0.43632706,0.12286782,0.35869694,5781.85542197,5663.5653185,868.04697423,1868.41938355,0.00171973,0.81762857
reporter_loss,primary_first,3.0,0.464158883361278,72.0,0.16088685,0.86575534,0.81469095,0.15729378,0.05106439,0.39740538,5781.72445811,5902.52252692,1096.24538659,3487.04159759,0.04378302,0.98198938
reporter_loss,primary_first,3.0,1.2115276586285888,24.0,0.03679717,0.12546603,0.04142429,0.85275837,0.08404174,0.0387897,12291.36124262,9760.30301995,792.12661413,1088.12084146,1.45e-05,0.17736744
reporter_loss,primary_first,3.0,1.2115276586285888,48.0,0.27877481,0.77078813,0.6456152,0.28340263,0.12517293,0.45091187,13489.87233799,13367.28752072,2068.9631078,4443.85030165,0.03203616,0.90101894
reporter_loss,primary_first,3.0,1.2115276586285888,72.0,0.13564964,0.95622378,0.92604461,0.05869068,0.03017917,0.40323617,13147.4879372,13530.25536804,2553.59479492,8204.85795428,0.43099745,0.99126159
reporter_loss,primary_first,3.0,3.1622776601683795,24.0,0.05606954,0.17895505,0.06407573,0.81031194,0.11487932,0.0596767,20869.69077684,16289.11264881,1263.04939054,1713.12676654,8.771e-05,0.24965667
reporter_loss,primary_first,3.0,3.1622776601683795,48.0,0.29824436,0.85923215,0.74104301,0.19515179,0.11818915,0.5060641,20829.42890094,21163.89525958,3358.78698676,7209.23632286,0.29769949,0.92061384
reporter_loss,primary_first,3.0,3.1622776601683795,72.0,0.11512553,0.98573006,0.96741579,0.02381443,0.01831426,0.39128818,19637.76263282,20405.37233066,3957.86627281,12998.88292175,0.89312577,0.99315357
reporter_loss,primary_first,3.0,8.25404185268019,24.0,0.03767344,0.1327018,0.04269198,0.83716035,0.09000982,0.04003013,13447.78689317,10868.49646481,873.50673318,1194.62881284,0.00146275,0.17193949
reporter_loss,primary_first,3.0,8.25404185268019,48.0,0.31315249,0.8751222,0.75114673,0.18452701,0.12397546,0.52294209,12460.29604057,12938.98108936,2132.1599346,4683.03478268,0.69096876,0.89813735
reporter_loss,primary_first,3.0,8.25404185268019,72.0,0.11591135,0.98862438,0.9726648,0.01985716,0.01595958,0.39496473,11445.69481365,11985.80703408,2387.69077477,8141.74460389,0.97010444,0.99086254
reporter_loss,primary_first,3.0,21.544346900318843,24.0,0.0112526,0.04586434,0.01262099,0.90172703,0.03324335,0.01193762,5866.59164982,4995.69604797,423.04590826,584.95824546,0.01727348,0.05550423
reporter_loss,primary_first,3.0,21.544346900318843,48.0,0.31022899,0.79770814,0.64059254,0.27815553,0.1571156,0.47474778,5217.05470924,5476.11527755,932.39980604,2103.99551563,0.74066241,0.81405205
reporter_loss,primary_first,3.0,21.544346900318843,72.0,0.14943534,0.97882803,0.9529061,0.03530231,0.02592193,0.43168998,4776.67822661,5006.53073616,1010.19808908,3555.15971593,0.97189419,0.98078946
reporter_loss,primary_first,3.0,56.23413251903491,24.0,0.00167846,0.0074547,0.00187583,0.95073018,0.00557888,0.00178193,2397.2168073,2111.68001995,184.66058717,256.94969139,0.00380528,0.00861966
reporter_loss,primary_first,3.0,56.23413251903491,48.0,0.22394832,0.55568726,0.38323824,0.5156482,0.17244903,0.30686267,2069.6602445,2190.10763082,381.66748996,876.9420294,0.5017039,0.57142073
reporter_loss,primary_first,3.0,56.23413251903491,72.0,0.21349757,0.9264904,0.86640339,0.10671312,0.06008701,0.47270734,1889.83896482,1982.57346085,403.89114295,1453.57998959,0.91337736,0.9302637
reporter_loss,primary_first,3.0,146.77992676220705,24.0,0.00015616,0.00071964,0.00017502,0.97775897,0.00054462,0.00016652,942.43020543,847.40833575,75.75403914,105.89888278,0.00047985,0.00079543
reporter_loss,primary_first,3.0,146.77992676220705,48.0,0.06514604,0.17120783,0.09849463,0.81733215,0.0727132,0.08300946,803.7059491,853.6381023,150.67006115,350.04137507,0.15272046,0.17687722
reporter_loss,primary_first,3.0,146.77992676220705,72.0,0.20452306,0.62739169,0.5203082,0.41781078,0.10708349,0.34640074,733.2640442,769.49940885,157.51363619,574.1684307,0.60645495,0.63378846
reporter_loss,primary_first,3.0,383.1186849557293,24.0,1.113e-05,5.211e-05,1.251e-05,0.99071933,3.959e-05,1.191e-05,364.98017989,331.69361911,30.00894841,42.05612464,3.981e-05,5.591e-05
reporter_loss,primary_first,3.0,383.1186849557293,48.0,0.00707638,0.01935255,0.0103049,0.94650352,0.00904765,0.00882533,309.5564808,329.36535744,58.51082176,136.72722283,0.01768367,0.01986387
reporter_loss,primary_first,3.0,383.1186849557293,72.0,0.04880273,0.13679153,0.10080969,0.84041942,0.03598184,0.07353975,282.32347387,296.32065895,60.79927221,223.09089835,0.13103295,0.13857068
reporter_loss,primary_first,3.0,1000.0,24.0,7e-07,3.29e-06,7.9e-07,0.99629853,2.5e-06,7.5e-07,140.48551461,128.36325917,11.68535945,16.3974393,2.68e-06,3.47e-06
reporter_loss,primary_first,3.0,1000.0,48.0,0.00050361,0.00139269,0.00072711,0.98103877,0.00066559,0.0006252,118.8449481,126.5577577,22.55572992,52.86434081,0.0013003,0.00142013
reporter_loss,primary_first,3.0,1000.0,72.0,0.00426808,0.01183824,0.00843794,0.96337445,0.00340031,0.00627841,108.37103789,113.75265356,23.36733894,86.02841001,0.01142501,0.01196243
reporter_loss,primary_first,100.0,0.01,24.0,5.7e-07,2.49e-06,6.2e-07,0.99726269,1.88e-06,5.9e-07,120.00959537,97.22138393,8.47485006,11.97821232,0.0,3.54e-06
reporter_loss,primary_first,100.0,0.01,48.0,0.00045744,0.00123238,0.00061774,0.98437284,0.00061465,0.00053524,139.26110117,135.74721506,20.84678916,45.46845684,2e-08,0.00175021
reporter_loss,primary_first,100.0,0.01,72.0,0.00561491,0.01461594,0.00989609,0.96318895,0.00471985,0.00758589,141.15687876,143.48623701,26.47430769,84.54997714,4.6e-07,0.02074918
reporter_loss,primary_first,100.0,0.026101572156825372,24.0,9.64e-06,4.2e-05,1.047e-05,0.992995,3.153e-05,9.94e-06,313.05312369,253.64159205,22.11216475,31.25341268,0.0,5.967e-05
reporter_loss,primary_first,100.0,0.026101572156825372,48.0,0.00648966,0.01721553,0.00887629,0.95552165,0.00833923,0.00764971,363.09281488,353.98400826,54.37304561,118.6043557,2.9e-07,0.02444543
reporter_loss,primary_first,100.0,0.026101572156825372,72.0,0.05683631,0.14906099,0.10705182,0.84024393,0.04200917,0.07967041,367.9184513,374.02755832,69.02591169,220.49588372,8.1e-06,0.21147015
reporter_loss,primary_first,100.0,0.06812920690579614,24.0,0.00015183,0.00065108,0.00016524,0.98252072,0.00048584,0.00015675,815.80548363,661.20976361,57.65765815,81.49666537,0.0,0.00092483
reporter_loss,primary_first,100.0,0.06812920690579614,48.0,0.05842355,0.14686044,0.08401989,0.84728791,0.06284055,0.07091075,944.96597243,921.62658852,141.64430302,309.05663211,5.11e-06,0.20837976
reporter_loss,primary_first,100.0,0.06812920690579614,72.0,0.17514612,0.51550434,0.43345827,0.51545802,0.08204608,0.28620375,956.71143852,972.85928805,179.64276929,574.19952107,0.00014358,0.72704916
reporter_loss,primary_first,100.0,0.1778279410038923,24.0,0.00198715,0.00816281,0.00217657,0.95807343,0.00598624,0.00205962,2120.2116925,1720.04572758,150.08871602,212.16606565,7e-08,0.01159285
reporter_loss,primary_first,100.0,0.1778279410038923,48.0,0.18447242,0.43705488,0.30960849,0.60853449,0.12744638,0.2450589,2447.05614583,2389.23309161,367.76620897,803.05235052,9.264e-05,0.61619628
reporter_loss,primary_first,100.0,0.1778279410038923,72.0,0.16521651,0.71084606,0.66081159,0.30379925,0.05003447,0.35537142,2471.65833643,2515.25065742,465.1940169,1489.41117523,0.00252299,0.94729868
reporter_loss,primary_first,100.0,0.464158883361278,24.0,0.01659817,0.06063246,0.0185238,0.90368337,0.04210866,0.0174005,5467.31478882,4447.54383993,388.83586872,549.82478886,1.33e-06,0.0860392
reporter_loss,primary_first,100.0,0.464158883361278,48.0,0.24543559,0.63143855,0.51587995,0.41067493,0.1155586,0.37245835,6242.83748332,6115.35880826,945.62884838,2069.52988148,0.00173045,0.84379833
reporter_loss,primary_first,100.0,0.464158883361278,72.0,0.15306235,0.87328233,0.82519085,0.14853486,0.04809149,0.39077706,6261.12951689,6385.90164527,1186.75195497,3818.64572615,0.04199319,0.98488383
reporter_loss,primary_first,100.0,1.2115276586285888,24.0,0.06360508,0.19166497,0.07404248,0.80728113,0.11762249,0.06842198,13726.37905023,11272.42648663,992.03154674,1404.19950121,2.907e-05,0.27023403
reporter_loss,primary_first,100.0,1.2115276586285888,48.0,0.27308433,0.79791329,0.68399468,0.25241726,0.11391861,0.46213028,15077.44370442,14947.39826176,2349.79058736,5183.88760973,0.03376725,0.92033823
reporter_loss,primary_first,100.0,1.2115276586285888,72.0,0.12326616,0.95962076,0.93316693,0.05333125,0.02645383,0.3878317,14752.50854013,15164.13774531,2867.01999834,9392.87689768,0.42473077,0.99303775
reporter_loss,primary_first,100.0,3.1622776601683795,24.0,0.12558378,0.33275547,0.15461572,0.69606155,0.17813974,0.14005563,30112.38888873,25946.90723378,2360.87624402,3359.54696927,0.00098062,0.44241775
reporter_loss,primary_first,100.0,3.1622776601683795,48.0,0.2757564,0.90531529,0.81602636,0.13708079,0.08928893,0.51836484,28842.95899033,29686.33255874,4978.03505715,11378.19009797,0.41794892,0.94810931
reporter_loss,primary_first,100.0,3.1622776601683795,72.0,0.09037034,0.99066557,0.97829066,0.01580695,0.01237491,0.35559624,27087.27609872,28184.81588847,5567.14227644,19416.71693281,0.92023721,0.9955953
reporter_loss,primary_first,100.0,8.25404185268019,24.0,0.18331582,0.47003152,0.23771677,0.5925253,0.23231474,0.21294133,45257.74926843,41731.73058302,4060.3796975,5860.30624305,0.07905186,0.52144032
reporter_loss,primary_first,100.0,8.25404185268019,48.0,0.25785633,0.95014302,0.88549791,0.0819297,0.0646451,0.53093079,38701.34291741,41332.39426393,7420.04143827,17745.6506171,0.87395561,0.95715932
reporter_loss,primary_first,100.0,8.25404185268019,72.0,0.06950804,0.99578231,0.98925809,0.00765541,0.00652422,0.3233696,34594.55622998,36551.10630066,7592.06481816,28498.53738619,0.98919683,0.9963831
reporter_loss,primary_first,100.0,21.544346900318843,24.0,0.20466081,0.52093916,0.27338393,0.5538453,0.24755524,0.24383042,47885.22691807,47199.52868205,4836.87579235,7038.99853681,0.48910655,0.52566515
reporter_loss,primary_first,100.0,21.544346900318843,48.0,0.2494192,0.95719654,0.89963295,0.07163716,0.05756359,0.5278409,39250.41947942,42302.91555329,7930.81604794,19642.48507935,0.95416734,0.95763839
reporter_loss,primary_first,100.0,21.544346900318843,72.0,0.06485154,0.99638927,0.99075617,0.00658523,0.00563309,0.31386447,35540.73293427,37409.11913973,7840.02465885,30618.36904146,0.99613673,0.99642599
reporter_loss,primary_first,100.0,56.23413251903491,24.0,0.1992623,0.51056173,0.26420241,0.56229417,0.24635932,0.23618815,47768.6738369,46616.99081424,4708.58739453,6820.74637834,0.4678513,0.52005528
reporter_loss,primary_first,100.0,56.23413251903491,48.0,0.25161917,0.95613257,0.89734344,0.07328263,0.05878913,0.52915362,39368.99933346,42339.32905123,7880.30519231,19372.65361106,0.95183958,0.95708114
reporter_loss,primary_first,100.0,56.23413251903491,72.0,0.06578888,0.99629893,0.99052921,0.00674696,0.00576972,0.31580099,35755.96590168,37593.87699658,7848.00670592,30382.23285772,0.99593647,0.99637906
reporter_loss,primary_first,100.0,146.77992676220705,24.0,0.13302495,0.38110787,0.16625599,0.66291954,0.21485188,0.15204907,31747.11713904,28992.33288399,2642.39238933,3712.54339712,0.3413193,0.39342076
reporter_loss,primary_first,100.0,146.77992676220705,48.0,0.27736171,0.94062901,0.86555859,0.09659454,0.07507042,0.54004171,26804.31721387,28559.23544458,5093.6962413,11947.15205753,0.93566627,0.9421524
reporter_loss,primary_first,100.0,146.77992676220705,72.0,0.07865031,0.9949273,0.98717864,0.00917087,0.00774866,0.33906994,24422.0145273,25641.72008946,5271.1815348,19426.55640802,0.99449916,0.99505879
reporter_loss,primary_first,100.0,383.1186849557293,24.0,0.05478306,0.18970368,0.06497078,0.79700598,0.1247329,0.0606644,12198.19150768,11128.89709247,1012.07632494,1420.34217686,0.16751992,0.1963845
reporter_loss,primary_first,100.0,383.1186849557293,48.0,0.30712628,0.90054986,0.79325713,0.15252397,0.10729273,0.53562037,10323.91607298,10992.26661942,1957.68832297,4585.86173129,0.89514271,0.9021585
reporter_loss,primary_first,100.0,383.1186849557293,72.0,0.10409541,0.99095738,0.97813623,0.01592801,0.01282115,0.37744251,9413.03940117,9880.78229242,2029.35699057,7466.56288154,0.99045095,0.99110818
reporter_loss,primary_first,100.0,1000.0,24.0,0.01079356,0.04467113,0.01240215,0.90265494,0.03226897,0.01172366,4686.86965916,4288.70503016,391.20402181,549.25497007,0.03845204,0.04649693
reporter_loss,primary_first,100.0,1000.0,48.0,0.30525022,0.78520682,0.62732476,0.29177455,0.15788206,0.46594995,3962.05536457,4220.22156241,752.85089231,1766.11140024,0.77687066,0.78761539
reporter_loss,primary_first,100.0,1000.0,72.0,0.15340359,0.97612454,0.9484415,0.03915717,0.02768303,0.43373247,3612.54373578,3792.0763544,779.25536553,2871.79394216,0.97509375,0.97642294
reporter_loss,secondary_first,0.1,0.01,24.0,0.0,0.0,0.0,0.99975837,0.0,0.0,26.93596672,16.912451,1.03336813,1.32886944,0.0,0.0
reporter_loss,secondary_first,0.1,0.01,48.0,2.33e-06,6.82e-06,2.93e-06,0.99705934,3.88e-06,2.62e-06,38.19677508,35.64125665,4.76857614,9.10511956,0.0,9.68e-06
reporter_loss,secondary_first,0.1,0.01,72.0,7.205e-05,0.00018543,0.00011407,0.99294026,7.135e-05,9.194e-05,39.68367458,40.05263625,7.03793429,19.78378085,1e-08,0.00026316
reporter_loss,secondary_first,0.1,0.026101572156825372,24.0,0.0,2e-08,0.0,0.99938406,2e-08,0.0,68.25842366,42.97084902,2.63319362,3.38818629,0.0,3e-08
reporter_loss,secondary_first,0.1,0.026101572156825372,48.0,3.672e-05,0.00010691,4.626e-05,0.99262495,6.065e-05,4.13e-05,96.51011071,90.0987659,12.07151135,23.07466702,0.0,0.00015182
reporter_loss,secondary_first,0.1,0.026101572156825372,72.0,0.00106527,0.00273799,0.00169949,0.98137856,0.00103851,0.0013652,100.23946387,101.17995164,17.78789192,50.05729525,2e-07,0.00388535
reporter_loss,secondary_first,0.1,0.06812920690579614,24.0,6e-08,3e-07,6e-08,0.99848614,2.4e-07,6e-08,165.17269623,104.68938779,6.46321327,8.3290193,0.0,4.3e-07
reporter_loss,secondary_first,0.1,0.06812920690579614,48.0,0.00048249,0.00139131,0.00061108,0.98228688,0.00078024,0.00054434,231.75659376,216.65063529,29.13301183,55.84667264,3e-08,0.00197561
reporter_loss,secondary_first,0.1,0.06812920690579614,72.0,0.01183711,0.03029902,0.01930836,0.9438986,0.01099066,0.01535876,240.52425297,242.83856881,42.74883135,120.64918828,2.78e-06,0.04298055
reporter_loss,secondary_first,0.1,0.1778279410038923,24.0,6.6e-07,3.54e-06,6.9e-07,0.99658753,2.85e-06,6.6e-07,357.80672253,230.5676753,14.49637923,18.75135292,0.0,5.03e-06
reporter_loss,secondary_first,0.1,0.1778279410038923,48.0,0.00422829,0.01192818,0.0054218,0.96012541,0.00650638,0.00480477,492.79274976,462.24582511,62.72105767,121.08343312,3.1e-07,0.01693483
reporter_loss,secondary_first,0.1,0.1778279410038923,72.0,0.06717846,0.17094879,0.11731261,0.82316217,0.05363618,0.09056984,510.19637463,515.48129216,91.0645874,258.89643763,2.86e-05,0.24218256
reporter_loss,secondary_first,0.1,0.464158883361278,24.0,4.75e-06,2.492e-05,5.01e-06,0.99354884,1.991e-05,4.81e-06,621.21794692,413.47097882,26.97770415,35.17382185,0.0,3.54e-05
reporter_loss,secondary_first,0.1,0.464158883361278,48.0,0.01808649,0.04913645,0.02373745,0.92235986,0.025399,0.02083306,825.03384602,779.87435819,107.78258446,211.07207395,1.74e-06,0.06973498
reporter_loss,secondary_first,0.1,0.464158883361278,72.0,0.14493386,0.37794457,0.28755349,0.64814171,0.09039107,0.2099749,846.74021318,857.76368959,152.8969513,441.66200062,0.00016409,0.53309467
reporter_loss,secondary_first,0.1,1.2115276586285888,24.0,1.611e-05,8.161e-05,1.707e-05,0.99057334,6.454e-05,1.636e-05,805.15006121,558.16377983,38.26310103,50.46446059,0.0,0.00011595
reporter_loss,secondary_first,0.1,1.2115276586285888,48.0,0.03472022,0.09123444,0.0467539,0.88837199,0.04448054,0.04059546,994.58976332,958.64139219,137.00586443,274.3090063,5.59e-06,0.12935145
reporter_loss,secondary_first,0.1,1.2115276586285888,72.0,0.173721,0.47442507,0.38107554,0.55687794,0.09334953,0.2663435,987.91238575,1010.63046324,184.70758049,551.03025199,0.00060573,0.66149712
reporter_loss,secondary_first,0.1,3.1622776601683795,24.0,2.601e-05,0.00012727,2.769e-05,0.98916487,9.958e-05,2.65e-05,775.88847723,577.21289396,42.12373168,56.27735414,0.0,0.00018078
reporter_loss,secondary_first,0.1,3.1622776601683795,48.0,0.03436315,0.08905921,0.04720015,0.88775149,0.04185906,0.04065138,800.28848598,805.91964187,124.51776226,260.78747393,3.178e-05,0.12539071
reporter_loss,secondary_first,0.1,3.1622776601683795,72.0,0.16258657,0.45116359,0.35808817,0.57518321,0.09307541,0.25009924,757.12941377,786.0189536,150.91461422,482.93572119,0.00497511,0.60091014
reporter_loss,secondary_first,0.1,8.25404185268019,24.0,1.86e-05,8.571e-05,1.999e-05,0.99033768,6.572e-05,1.906e-05,491.26053541,411.64789418,33.9452347,46.51319696,1e-08,0.0001212
reporter_loss,secondary_first,0.1,8.25404185268019,48.0,0.01360052,0.03571046,0.01904325,0.92987168,0.01666721,0.01631784,427.01959523,451.47430424,76.9935233,172.47005609,0.00119475,0.04735315
reporter_loss,secondary_first,0.1,8.25404185268019,72.0,0.08521707,0.23413785,0.17542342,0.75848829,0.05871444,0.12681381,384.42538117,405.35100779,82.60062523,291.01569983,0.05287036,0.28298428
reporter_loss,secondary_first,0.1,21.544346900318843,24.0,4.31e-06,1.896e-05,4.7e-06,0.99378559,1.425e-05,4.47e-06,221.49907941,208.19671512,19.44881237,27.45355449,5.3e-07,2.538e-05
reporter_loss,secondary_first,0.1,21.544346900318843,48.0,0.00216509,0.00578402,0.00310245,0.96842531,0.00268156,0.00264989,180.63516522,194.65265221,35.56499637,84.79954845,0.00179639,0.00688922
reporter_loss,secondary_first,0.1,21.544346900318843,72.0,0.01521947,0.04209553,0.03070443,0.92798686,0.01139109,0.02248809,161.45678299,170.68079182,35.72898234,135.14259104,0.02286137,0.04709872
reporter_loss,secondary_first,0.1,56.23413251903491,24.0,5.1e-07,2.23e-06,5.7e-07,0.99689306,1.66e-06,5.4e-07,89.71613168,88.77065331,8.96031498,12.94418502,5.3e-07,2.71e-06
reporter_loss,secondary_first,0.1,56.23413251903491,48.0,0.00020505,0.00055222,0.00029968,0.98672042,0.00025254,0.00025505,71.7325289,77.89533692,14.72369993,36.40986511,0.00032567,0.00060865
reporter_loss,secondary_first,0.1,56.23413251903491,72.0,0.00140376,0.00392359,0.00286241,0.97816972,0.00106118,0.00209196,64.04916831,67.74170086,14.3523226,56.44436341,0.00292215,0.0041692
reporter_loss,secondary_first,0.1,146.77992676220705,24.0,5e-08,2.1e-07,5e-08,0.99860121,1.5e-07,5e-08,35.09695776,35.92404746,3.82412865,5.61663126,9e-08,2.3e-07
reporter_loss,secondary_first,0.1,146.77992676220705,48.0,1.562e-05,4.211e-05,2.316e-05,0.99452172,1.895e-05,1.963e-05,27.85783083,30.36829662,5.86661623,14.88151904,2.992e-05,4.475e-05
reporter_loss,secondary_first,0.1,146.77992676220705,72.0,0.00010066,0.00028371,0.00020831,0.99194207,7.54e-05,0.00015137,24.87207536,26.31039511,5.61461779,22.67182871,0.00023311,0.00029455
reporter_loss,secondary_first,0.1,383.1186849557293,24.0,0.0,2e-08,1e-08,0.99936436,1e-08,1e-08,13.60345385,14.48864231,1.64350182,2.46077613,1e-08,2e-08
reporter_loss,secondary_first,0.1,383.1186849557293,48.0,1.19e-06,3.19e-06,1.79e-06,0.99772757,1.4e-06,1.51e-06,10.73289264,11.74893061,2.32964847,6.09604449,2.22e-06,3.35e-06
reporter_loss,secondary_first,0.1,383.1186849557293,72.0,6.9e-06,1.964e-05,1.459e-05,0.99681256,5.05e-06,1.049e-05,9.57922797,10.13636004,2.18196648,9.10143568,1.583e-05,2.026e-05
reporter_loss,secondary_first,0.1,1000.0,24.0,0.0,0.0,0.0,0.99968006,0.0,0.0,5.28391641,6.05532037,0.76405526,1.17841853,0.0,0.0
reporter_loss,secondary_first,0.1,1000.0,48.0,1.1e-07,2.9e-07,1.7e-07,0.9990069,1.2e-07,1.4e-07,4.12490781,4.55158627,0.94845386,2.62460669,1.9e-07,3e-07
reporter_loss,secondary_first,0.1,1000.0,72.0,5.2e-07,1.53e-06,1.16e-06,0.99868925,3.7e-07,8.2e-07,3.67775458,3.89456707,0.85288016,3.78252944,1.14e-06,1.56e-06
reporter_loss,secondary_first,3.0,0.01,24.0,4e-08,2.1e-07,5e-08,0.99871705,1.7e-07,4e-08,96.18029033,67.604868,4.79796254,6.39602455,0.0,3.1e-07
reporter_loss,secondary_first,3.0,0.01,48.0,0.00014183,0.00039929,0.00018332,0.98895451,0.00021597,0.00016187,126.73251181,119.70927448,16.82657533,33.7315759,0.0,0.0005672
reporter_loss,secondary_first,3.0,0.01,72.0,0.00291349,0.00750286,0.00481187,0.97246946,0.00269098,0.00380314,132.4511719,133.38132246,23.67589053,69.32072796,1.5e-07,0.01065382
reporter_loss,secondary_first,3.0,0.026101572156825372,24.0,7.5e-07,3.71e-06,7.9e-07,0.99668849,2.92e-06,7.6e-07,250.86345923,176.35134292,12.51634214,16.68509197,0.0,5.28e-06
reporter_loss,secondary_first,3.0,0.026101572156825372,48.0,0.0021544,0.00599008,0.00280592,0.97068091,0.00318416,0.00246973,330.35165878,312.09908157,43.87903499,87.97072261,4e-08,0.00850855
reporter_loss,secondary_first,3.0,0.026101572156825372,72.0,0.03405819,0.08737129,0.05868109,0.89275001,0.0286902,0.04552135,345.11406394,347.58340247,61.71366098,180.73363996,2.67e-06,0.12401958
reporter_loss,secondary_first,3.0,0.06812920690579614,24.0,1.242e-05,6.131e-05,1.321e-05,0.99159304,4.81e-05,1.264e-05,653.53600855,459.55968758,32.62056076,43.48476145,0.0,8.711e-05
reporter_loss,secondary_first,3.0,0.06812920690579614,48.0,0.02445774,0.06512631,0.03271463,0.91018445,0.03241168,0.02847859,859.23194962,812.13734118,114.24852161,229.10678551,6.8e-07,0.09248453
reporter_loss,secondary_first,3.0,0.06812920690579614,72.0,0.15525828,0.4124402,0.32168523,0.61798668,0.09075497,0.23026132,896.62781696,903.36057924,160.50154352,470.33263487,4.772e-05,0.5838422
reporter_loss,secondary_first,3.0,0.1778279410038923,24.0,0.00018731,0.0009042,0.00019975,0.97941992,0.00070445,0.00019103,1696.98646692,1194.26783044,84.79757343,113.03514997,0.0,0.00128471
reporter_loss,secondary_first,3.0,0.1778279410038923,48.0,0.1240513,0.29901023,0.18240337,0.73157973,0.11660687,0.15269819,2221.31559915,2102.26251466,296.2158143,594.40658072,1.245e-05,0.42386635
reporter_loss,secondary_first,3.0,0.1778279410038923,72.0,0.18960631,0.65723445,0.5929398,0.36416475,0.06429465,0.35571346,2310.86415704,2330.47856575,414.83786125,1217.69682709,0.0008564,0.90421933
reporter_loss,secondary_first,3.0,0.464158883361278,24.0,0.00221668,0.01009121,0.00238053,0.9527221,0.00771069,0.00227037,4363.6562013,3077.88788235,218.71390705,291.51246971,2e-08,0.01433649
reporter_loss,secondary_first,3.0,0.464158883361278,48.0,0.22500658,0.53058371,0.39762479,0.51679353,0.13295893,0.30857757,5638.32777924,5356.60498844,758.3459267,1524.66270634,0.00023996,0.73938359
reporter_loss,secondary_first,3.0,0.464158883361278,72.0,0.17196681,0.81264314,0.75377398,0.21115612,0.05886916,0.39171765,5811.46190502,5877.9910059,1052.22793748,3104.19322321,0.01536466,0.97320643
reporter_loss,secondary_first,3.0,1.2115276586285888,24.0,0.01518452,0.06032284,0.01660022,0.90143202,0.04372262,0.01572236,10816.16738026,7682.91084673,547.04645539,728.82615697,3.1e-07,0.08565729
reporter_loss,secondary_first,3.0,1.2115276586285888,48.0,0.26450388,0.68855157,0.55953459,0.36081806,0.12901698,0.40439336,13340.15065275,12852.4218367,1850.4590896,3744.83453458,0.00526053,0.86924969
reporter_loss,secondary_first,3.0,1.2115276586285888,72.0,0.15678465,0.93173886,0.89047359,0.08792757,0.04126527,0.41743772,13304.10565739,13596.13380489,2483.95954764,7460.9922386,0.2231483,0.98834115
reporter_loss,secondary_first,3.0,3.1622776601683795,24.0,0.04196155,0.14265803,0.04711384,0.83953951,0.09554419,0.04416301,20719.80898362,15244.41612612,1102.84874865,1471.08338662,5.28e-06,0.2019027
reporter_loss,secondary_first,3.0,3.1622776601683795,48.0,0.29356502,0.8201917,0.69277552,0.23590512,0.12741619,0.48186493,21215.17684118,21460.78498446,3316.28387761,6923.8026507,0.11484317,0.91230836
reporter_loss,secondary_first,3.0,3.1622776601683795,72.0,0.12788628,0.97918259,0.95521917,0.03310546,0.02396342,0.40438818,19922.53642262,20725.02771501,3997.50504647,12806.2839143,0.80673468,0.99243885
reporter_loss,secondary_first,3.0,8.25404185268019,24.0,0.04773077,0.15747322,0.05420577,0.82407462,0.10326744,0.05062161,15026.56183742,12581.09453213,1033.96892403,1414.56576554,8.997e-05,0.21808371
reporter_loss,secondary_first,3.0,8.25404185268019,48.0,0.30695412,0.87122172,0.74863106,0.18678359,0.12259066,0.51663316,13047.30367264,13837.63739476,2359.3051593,5275.65108109,0.56021117,0.91143561
reporter_loss,secondary_first,3.0,8.25404185268019,72.0,0.11483412,0.98821765,0.97180549,0.02046592,0.01641216,0.39324588,11644.65588453,12310.8580832,2520.46836488,8892.10221591,0.95568393,0.99213925
reporter_loss,secondary_first,3.0,21.544346900318843,24.0,0.02769341,0.09978891,0.0314239,0.86125411,0.06836501,0.02947793,6702.2763706,6321.26891092,591.02056814,834.0972193,0.00715327,0.12699437
reporter_loss,secondary_first,3.0,21.544346900318843,48.0,0.31190412,0.84634072,0.71094503,0.22041267,0.13539569,0.50536228,5437.22458073,5867.56208067,1075.34742557,2567.99674286,0.73237364,0.86686524
reporter_loss,secondary_first,3.0,21.544346900318843,72.0,0.1280792,0.98453639,0.96481161,0.02625087,0.01972477,0.40796054,4854.92293646,5134.14966718,1076.62662232,4083.61505822,0.97171221,0.98679354
reporter_loss,secondary_first,3.0,56.23413251903491,24.0,0.00700924,0.0278492,0.00795017,0.92203311,0.01989904,0.0074952,2694.93504431,2670.24703418,269.87336193,389.94760926,0.00856665,0.03285241
reporter_loss,secondary_first,3.0,56.23413251903491,48.0,0.27185739,0.68673468,0.52009674,0.39176704,0.16663794,0.39725781,2153.08573975,2338.68835429,442.4607863,1094.96544094,0.60188436,0.70436665
reporter_loss,secondary_first,3.0,56.23413251903491,72.0,0.1793979,0.95482333,0.91341974,0.06844682,0.04140358,0.45169681,1922.23023178,2033.14886807,430.92826629,1696.34315169,0.93889332,0.9580634
reporter_loss,secondary_first,3.0,146.77992676220705,24.0,0.00096191,0.00397651,0.0010952,0.96217147,0.00288132,0.00103409,1053.1050411,1078.27685352,114.82773705,168.66631586,0.00181999,0.00446994
reporter_loss,secondary_first,3.0,146.77992676220705,48.0,0.1208503,0.30831913,0.19727497,0.71208979,0.11104416,0.16081918,835.79982116,911.16326292,176.05762581,446.68657544,0.25262246,0.31964539
reporter_loss,secondary_first,3.0,146.77992676220705,72.0,0.21593411,0.75385985,0.6614889,0.29097626,0.09237095,0.40468662,746.20788036,789.3659273,168.46370157,680.41673932,0.71472374,0.7615812
reporter_loss,secondary_first,3.0,383.1186849557293,24.0,0.00011441,0.00047073,0.00013099,0.98193791,0.00033975,0.00012356,408.10711265,434.66087227,49.30486655,73.82267624,0.00021502,0.0005175
reporter_loss,secondary_first,3.0,383.1186849557293,48.0,0.02030776,0.05353697,0.03142631,0.91276384,0.02211066,0.02617761,321.98979269,352.4710303,69.88983674,182.88148912,0.03923919,0.05589154
reporter_loss,secondary_first,3.0,383.1186849557293,72.0,0.08048975,0.23907187,0.18799324,0.75091612,0.05107863,0.12933237,287.37944189,304.0935875,65.4595287,273.04404752,0.20483282,0.24451948
reporter_loss,secondary_first,3.0,1000.0,24.0,1.742e-05,6.974e-05,2.018e-05,0.99067576,4.956e-05,1.899e-05,158.51213922,181.62509161,22.91325478,35.33809868,2.941e-05,7.36e-05
reporter_loss,secondary_first,3.0,1000.0,48.0,0.00244486,0.00646735,0.00381886,0.9686799,0.00264849,0.00316895,123.7468902,136.54448939,28.45000111,78.72010107,0.00419822,0.00665919
reporter_loss,secondary_first,3.0,1000.0,72.0,0.01051281,0.03097515,0.02389395,0.9415221,0.00708119,0.01661815,110.33274655,116.83687251,25.58538333,113.45748454,0.0237569,0.03156113
reporter_loss,secondary_first,100.0,0.01,24.0,5e-08,2.4e-07,5e-08,0.99866943,1.9e-07,5e-08,101.12271757,70.5674714,4.98036176,6.63892722,0.0,3.4e-07
reporter_loss,secondary_first,100.0,0.01,48.0,0.00016265,0.00045853,0.00021002,0.98842181,0.00024852,0.00018552,134.62086263,126.83970516,17.74070852,35.4534095,0.0,0.0006514
reporter_loss,secondary_first,100.0,0.01,72.0,0.00339039,0.00872869,0.00559087,0.97054405,0.00313782,0.00442204,141.3048802,142.09945108,25.13977088,73.2786211,1.3e-07,0.01239575
reporter_loss,secondary_first,100.0,0.026101572156825372,24.0,8.4e-07,4.18e-06,8.9e-07,0.99656546,3.29e-06,8.6e-07,263.84688289,184.14400578,12.99723413,17.32581266,0.0,5.94e-06
reporter_loss,secondary_first,100.0,0.026101572156825372,48.0,0.00245324,0.00682428,0.00319328,0.96915105,0.003631,0.00281137,351.05432994,330.81667846,46.28002646,92.49573341,3e-08,0.00969417
reporter_loss,secondary_first,100.0,0.026101572156825372,72.0,0.03847646,0.09863116,0.06644692,0.88338671,0.03218423,0.05149638,368.34071595,370.45740599,65.55565615,191.12673426,2.3e-06,0.1400196
reporter_loss,secondary_first,100.0,0.06812920690579614,24.0,1.404e-05,6.912e-05,1.494e-05,0.99127916,5.418e-05,1.43e-05,687.99930654,480.31516879,33.90905942,45.20365372,0.0,9.822e-05
reporter_loss,secondary_first,100.0,0.06812920690579614,48.0,0.02720616,0.07224294,0.03644124,0.90465124,0.03580169,0.03170477,914.05033226,861.72792904,120.61923983,241.13103938,5.3e-07,0.10260055
reporter_loss,secondary_first,100.0,0.06812920690579614,72.0,0.16203562,0.4329121,0.34100432,0.59955046,0.09190779,0.24246122,958.06281184,963.88399177,170.67542726,497.89239593,4.111e-05,0.61292077
reporter_loss,secondary_first,100.0,0.1778279410038923,24.0,0.00021272,0.00102279,0.00022701,0.97862911,0.00079578,0.00021704,1791.04075196,1251.4124403,88.39895223,117.85425493,0.0,0.00145327
reporter_loss,secondary_first,100.0,0.1778279410038923,48.0,0.13086134,0.3139394,0.19373811,0.71981,0.12020129,0.16172782,2369.95621758,2236.93242217,313.58409094,627.31331068,9.79e-06,0.44512677
reporter_loss,secondary_first,100.0,0.1778279410038923,72.0,0.18744153,0.66277049,0.60094201,0.35730434,0.06182848,0.35671235,2476.95838271,2494.26367291,442.42897351,1292.70951863,0.00073734,0.91194971
reporter_loss,secondary_first,100.0,0.464158883361278,24.0,0.00254998,0.01150516,0.00274239,0.95061959,0.00876277,0.002614,4640.77117634,3250.07052025,229.96219966,306.66644052,1e-08,0.01634636
reporter_loss,secondary_first,100.0,0.464158883361278,48.0,0.22793456,0.53886608,0.40778079,0.50792645,0.13108529,0.31482065,6068.73299883,5748.1841548,809.37067537,1622.28107901,0.0001878,0.75166573
reporter_loss,secondary_first,100.0,0.464158883361278,72.0,0.16915919,0.81391223,0.75591921,0.20943165,0.05799302,0.38934426,6288.31165906,6349.52612893,1132.14327688,3323.57119917,0.01323515,0.97490917
reporter_loss,secondary_first,100.0,1.2115276586285888,24.0,0.01815345,0.0702594,0.01993463,0.89440975,0.05032477,0.01884704,11843.84161322,8357.02119448,594.37063976,793.24585594,1.9e-07,0.09978426
reporter_loss,secondary_first,100.0,1.2115276586285888,48.0,0.26322184,0.69325848,0.56774733,0.35444233,0.12551114,0.40687797,14854.19793315,14248.9744683,2037.7359594,4111.69247841,0.00409757,0.87704184
reporter_loss,secondary_first,100.0,1.2115276586285888,72.0,0.1538275,0.93146299,0.89106884,0.08764545,0.04039415,0.41366777,14925.06941107,15217.21233066,2764.70544684,8253.65137887,0.19801432,0.98912758
reporter_loss,secondary_first,100.0,3.1622776601683795,24.0,0.06047412,0.18951101,0.069186,0.80697112,0.12032501,0.06437421,28141.36153584,20576.3921535,1496.76061151,2003.98208833,5.19e-06,0.26808842
reporter_loss,secondary_first,100.0,3.1622776601683795,48.0,0.28899711,0.83733648,0.71898505,0.21490743,0.11835142,0.48912614,29405.50816897,29659.20731774,4549.49018898,9472.75864461,0.10988856,0.9255628
reporter_loss,secondary_first,100.0,3.1622776601683795,72.0,0.11936189,0.98090685,0.95907894,0.0302329,0.02182791,0.39329049,27624.67792533,28725.37894733,5525.99482553,17618.43000812,0.80283726,0.99366503
reporter_loss,secondary_first,100.0,8.25404185268019,24.0,0.11430495,0.31406387,0.13773182,0.70700997,0.17633205,0.12579452,45916.51577799,38805.46449232,3183.87607691,4348.04754898,0.00050433,0.41927616
reporter_loss,secondary_first,100.0,8.25404185268019,48.0,0.28499518,0.92064436,0.83033862,0.12244074,0.09030574,0.53281691,40732.52209344,43079.57193995,7297.45681459,16277.29500999,0.68809132,0.94663979
reporter_loss,secondary_first,100.0,8.25404185268019,72.0,0.08810544,0.99322365,0.98302457,0.01210167,0.01019908,0.35547825,35664.3428382,37941.23822678,7809.733462,27503.84296184,0.97216193,0.99549672
reporter_loss,secondary_first,100.0,21.544346900318843,24.0,0.16987098,0.44577844,0.21588411,0.60943269,0.22989432,0.1946358,53212.2465179,51392.03832114,4807.67326829,6770.79589289,0.11075318,0.50591626
reporter_loss,secondary_first,100.0,21.544346900318843,48.0,0.26324181,0.9490276,0.88229145,0.08402894,0.06673615,0.53496874,41043.85025349,44852.91793064,8436.05938308,20386.80867257,0.90306061,0.95591401
reporter_loss,secondary_first,100.0,21.544346900318843,72.0,0.07126546,0.99570325,0.98902839,0.00781305,0.00667486,0.32716663,36340.16026682,38547.93585165,8205.90167358,31848.09903133,0.99180622,0.99628588
reporter_loss,secondary_first,100.0,56.23413251903491,24.0,0.20569798,0.52070439,0.27275732,0.55308639,0.24794707,0.24332861,52066.27523606,53271.14029419,5529.27412533,8018.51777668,0.39525197,0.54319622
reporter_loss,secondary_first,100.0,56.23413251903491,48.0,0.24900969,0.95737061,0.89986763,0.07140773,0.05750298,0.52808684,40932.22190495,44720.96523116,8634.89351504,21713.97266343,0.94454623,0.95960749
reporter_loss,secondary_first,100.0,56.23413251903491,72.0,0.06456232,0.99640982,0.9907987,0.0065519,0.00561112,0.31385592,36447.15268536,38591.75665556,8250.9719101,33160.84592749,0.99532731,0.99659856
reporter_loss,secondary_first,100.0,146.77992676220705,24.0,0.19694894,0.5051759,0.26098918,0.56726649,0.24418671,0.23327706,35224.97794646,36453.30955062,3927.98913331,5783.19351597,0.44481577,0.516643
reporter_loss,secondary_first,100.0,146.77992676220705,48.0,0.25239482,0.95512723,0.89554989,0.07477517,0.05957735,0.52915109,27856.02978324,30415.52356373,5916.78331454,15106.20357265,0.9487608,0.95632145
reporter_loss,secondary_first,100.0,146.77992676220705,72.0,0.0663995,0.9961853,0.99028602,0.00694136,0.00589927,0.31679511,24855.81702774,26300.02838138,5627.6589593,22899.02578044,0.99564107,0.99628739
reporter_loss,secondary_first,100.0,383.1186849557293,24.0,0.13592981,0.38087062,0.17243158,0.66623343,0.20843904,0.15672788,13604.25043915,14476.1319322,1639.79781259,2454.10668614,0.30791236,0.39268821
reporter_loss,secondary_first,100.0,383.1186849557293,48.0,0.2756388,0.93653073,0.85999903,0.10214749,0.07653171,0.53594323,10735.4766756,11750.47731794,2328.49987629,6088.58596723,0.92558302,0.93823651
reporter_loss,secondary_first,100.0,383.1186849557293,72.0,0.08003131,0.9943344,0.98605402,0.01013067,0.00828038,0.34004232,9581.57025336,10138.78352975,2182.02516253,9094.59472932,0.99333204,0.99449041
reporter_loss,secondary_first,100.0,1000.0,24.0,0.07663759,0.23750527,0.0942115,0.76944152,0.14329377,0.08669255,5276.72768902,6011.11666748,753.11268592,1159.57041668,0.1588894,0.24460122
reporter_loss,secondary_first,100.0,1000.0,48.0,0.2951674,0.89668549,0.79439561,0.15607062,0.10228988,0.5260688,4124.43727629,4547.59934977,943.77916941,2601.08508568,0.87058565,0.89880422
reporter_loss,secondary_first,100.0,1000.0,72.0,0.10202637,0.98945446,0.97603838,0.0180318,0.01341608,0.37129656,3677.86466724,3894.35943111,851.55555964,3758.61745212,0.98654379,0.98968851
reporter_loss,precomplexed,0.1,0.01,24.0,2e-08,8e-08,2e-08,0.99916227,6e-08,2e-08,32.50122006,25.71091264,2.31787788,3.40377483,0.0,1.2e-07
reporter_loss,precomplexed,0.1,0.01,48.0,1.061e-05,2.867e-05,1.439e-05,0.99568364,1.427e-05,1.245e-05,39.10549589,37.84709699,5.73004184,12.56511987,0.0,4.071e-05
reporter_loss,precomplexed,0.1,0.01,72.0,0.00014173,0.00036901,0.00024571,0.99163071,0.0001233,0.00018971,39.52913273,40.24152838,7.39381322,23.51639881,2e-08,0.00052371
reporter_loss,precomplexed,0.1,0.026101572156825372,24.0,3.3e-07,1.33e-06,3.7e-07,0.99789212,9.6e-07,3.5e-07,82.16075549,65.01543583,5.86331554,8.61106799,0.0,1.89e-06
reporter_loss,precomplexed,0.1,0.026101572156825372,48.0,0.00016234,0.00043705,0.00022083,0.98915226,0.00021622,0.00019069,98.79065659,95.62911134,14.483046,31.76672142,1e-08,0.00062063
reporter_loss,precomplexed,0.1,0.026101572156825372,72.0,0.00204219,0.00532142,0.00357542,0.97682211,0.001746,0.00274824,99.83303926,101.64056985,18.67941528,59.43153855,4e-07,0.00755122
reporter_loss,precomplexed,0.1,0.06812920690579614,24.0,4.52e-06,1.801e-05,5.01e-06,0.99498127,1.3e-05,4.72e-06,197.5628253,156.46699455,14.12432362,20.74910583,0.0,2.559e-05
reporter_loss,precomplexed,0.1,0.06812920690579614,48.0,0.00198458,0.00529814,0.00272012,0.97308472,0.00257802,0.00234134,237.12954979,229.65326043,34.81231453,76.40585321,1.3e-07,0.00752285
reporter_loss,precomplexed,0.1,0.06812920690579614,72.0,0.02099536,0.0548516,0.03794443,0.92104634,0.01690716,0.02875229,239.45927921,243.84581601,44.84166953,142.80459816,5.75e-06,0.07779833
reporter_loss,precomplexed,0.1,0.1778279410038923,24.0,4.248e-05,0.00016792,4.719e-05,0.98944782,0.00012073,4.439e-05,421.67994093,334.74578636,30.29760671,44.54117286,0.0,0.00023856
reporter_loss,precomplexed,0.1,0.1778279410038923,48.0,0.01474661,0.03855459,0.02059956,0.93347123,0.01795503,0.01758964,503.61612527,488.40817666,74.22263882,163.196883,1.33e-06,0.05472718
reporter_loss,precomplexed,0.1,0.1778279410038923,72.0,0.09707761,0.25897148,0.19431173,0.74714827,0.06465975,0.14071342,507.57281615,517.16007286,95.26629873,304.1822607,6.014e-05,0.36657406
reporter_loss,precomplexed,0.1,0.464158883361278,24.0,0.00020345,0.0007938,0.00022657,0.98224821,0.00056723,0.00021294,714.45448813,570.7259505,52.00542965,76.59476079,0.0,0.00112771
reporter_loss,precomplexed,0.1,0.464158883361278,48.0,0.04851742,0.12276291,0.07016703,0.86472238,0.05259588,0.0590486,840.36860718,818.51069016,125.31273283,276.90497468,7.52e-06,0.17412005
reporter_loss,precomplexed,0.1,0.464158883361278,72.0,0.16509475,0.47617981,0.39255381,0.55205803,0.083626,0.26354178,841.35163501,858.91201321,159.09910891,511.96365177,0.00035337,0.66918161
reporter_loss,precomplexed,0.1,1.2115276586285888,24.0,0.0004421,0.00170156,0.00049367,0.97699794,0.00120789,0.00046348,898.63077441,730.42399785,67.64552027,100.02791196,1e-08,0.00241709
reporter_loss,precomplexed,0.1,1.2115276586285888,48.0,0.07561238,0.187449,0.11284806,0.81416206,0.07460094,0.09372248,1001.73233918,991.03696503,155.50340685,348.67978483,2.508e-05,0.26532175
reporter_loss,precomplexed,0.1,1.2115276586285888,72.0,0.17960254,0.55728978,0.47705039,0.47050817,0.08023939,0.30521125,978.01148074,1005.91036974,190.14356149,627.97910272,0.00134798,0.76891911
reporter_loss,precomplexed,0.1,3.1622776601683795,24.0,0.00051692,0.00195052,0.00057968,0.97579188,0.00137084,0.00054332,805.55595124,699.45111699,68.6255804,102.77709114,2e-08,0.00276899
reporter_loss,precomplexed,0.1,3.1622776601683795,48.0,0.06866853,0.17055914,0.10411658,0.82308741,0.06644255,0.08592542,790.90930551,808.97686841,135.93866699,319.50568755,0.00015997,0.23842718
reporter_loss,precomplexed,0.1,3.1622776601683795,72.0,0.1749593,0.54059329,0.45308438,0.48785318,0.08750891,0.29359682,746.31302713,775.57595238,152.61722431,539.88996719,0.01137811,0.70258183
reporter_loss,precomplexed,0.1,8.25404185268019,24.0,0.00026259,0.00094708,0.00029843,0.98038791,0.00064865,0.00027838,477.73134232,453.77809696,49.77270334,77.07219195,5.8e-07,0.00132772
reporter_loss,precomplexed,0.1,8.25404185268019,48.0,0.02727001,0.06968375,0.04159409,0.89957404,0.02808965,0.03436939,413.88974024,439.41479227,80.59819066,203.79302199,0.00456682,0.09037298
reporter_loss,precomplexed,0.1,8.25404185268019,72.0,0.10281238,0.30151219,0.23785867,0.69814071,0.06365352,0.16276501,377.37103646,396.36658818,81.89122654,319.24731049,0.08700432,0.35719915
reporter_loss,precomplexed,0.1,21.544346900318843,24.0,4.731e-05,0.00016748,5.488e-05,0.98848083,0.0001126,5.1e-05,207.61351924,212.41427641,26.00518113,41.81864938,1.425e-05,0.00021674
reporter_loss,precomplexed,0.1,21.544346900318843,48.0,0.00425815,0.01113006,0.00659715,0.96056976,0.00453292,0.00544962,174.42622348,187.39161827,36.25941944,97.669471,0.0042308,0.01301292
reporter_loss,precomplexed,0.1,21.544346900318843,72.0,0.01927925,0.05592425,0.04268965,0.91479202,0.0132346,0.0298885,158.54403663,166.69500257,35.11680251,146.45557881,0.03275165,0.0619644
reporter_loss,precomplexed,0.1,56.23413251903491,24.0,4.7e-06,1.663e-05,5.56e-06,0.9946195,1.107e-05,5.15e-06,83.24617341,87.5667971,11.3179476,18.63696453,6.18e-06,1.945e-05
reporter_loss,precomplexed,0.1,56.23413251903491,48.0,0.00038175,0.00100883,0.00060077,0.98463095,0.00040806,0.00049512,69.19885402,74.65340091,14.79014625,41.16434907,0.00065985,0.00109779
reporter_loss,precomplexed,0.1,56.23413251903491,72.0,0.00174879,0.0051058,0.00388316,0.97650083,0.00122264,0.00272181,62.91528584,66.14762994,14.04286192,60.544987,0.00397698,0.00539204
reporter_loss,precomplexed,0.1,146.77992676220705,24.0,3.4e-07,1.22e-06,4.1e-07,0.99775305,8.1e-07,3.8e-07,32.40761384,34.49616107,4.57020888,7.61101038,7.3e-07,1.34e-06
reporter_loss,precomplexed,0.1,146.77992676220705,48.0,2.625e-05,6.97e-05,4.168e-05,0.99391198,2.803e-05,3.429e-05,26.86415688,29.02099756,5.80737057,16.40888909,5.561e-05,7.316e-05
reporter_loss,precomplexed,0.1,146.77992676220705,72.0,0.0001189,0.00034888,0.00026562,0.99171059,8.326e-05,0.00018588,24.4352221,25.68795986,5.46987257,23.93686682,0.00030485,0.00035972
reporter_loss,precomplexed,0.1,383.1186849557293,24.0,2e-08,8e-08,3e-08,0.999109,5e-08,2e-08,12.48930271,13.35575188,1.78724078,2.99007607,5e-08,8e-08
reporter_loss,precomplexed,0.1,383.1186849557293,48.0,1.6e-06,4.26e-06,2.55e-06,0.99761931,1.71e-06,2.1e-06,10.34442229,11.1801664,2.24605177,6.38516894,3.64e-06,4.41e-06
reporter_loss,precomplexed,0.1,383.1186849557293,72.0,7.21e-06,2.119e-05,1.614e-05,0.99683222,5.05e-06,1.129e-05,9.41112308,9.89307563,2.10899016,9.28452239,1.929e-05,2.166e-05
reporter_loss,precomplexed,0.1,1000.0,24.0,0.0,0.0,0.0,0.99965428,0.0,0.0,4.79544609,5.13702005,0.68994476,1.15613672,0.0,0.0
reporter_loss,precomplexed,0.1,1000.0,48.0,9e-08,2.5e-07,1.5e-07,0.99907963,1e-07,1.2e-07,3.97079476,4.29231091,0.86355685,2.46040098,2.1e-07,2.6e-07
reporter_loss,precomplexed,0.1,1000.0,72.0,4.2e-07,1.23e-06,9.3e-07,0.9987801,2.9e-07,6.5e-07,3.61288923,3.79781052,0.80994394,3.57343055,1.13e-06,1.25e-06
reporter_loss,precomplexed,3.0,0.01,24.0,8.4e-07,3.33e-06,9.3e-07,0.99716152,2.4e-06,8.7e-07,107.38989773,85.65465167,7.82454318,11.5423937,0.0,4.73e-06
reporter_loss,precomplexed,3.0,0.01,48.0,0.00037398,0.00100331,0.00051079,0.98564822,0.00049251,0.00044029,129.38936069,125.05162532,18.98342358,41.84915423,1e-08,0.00142514
reporter_loss,precomplexed,3.0,0.01,72.0,0.00447505,0.01167545,0.00789427,0.96708823,0.00378118,0.00604624,132.26200633,134.10911357,24.53647669,78.16976818,2.9e-07,0.01657717
reporter_loss,precomplexed,3.0,0.026101572156825372,24.0,1.42e-05,5.611e-05,1.578e-05,0.99273131,4.033e-05,1.485e-05,280.05606092,223.40726973,20.41080848,30.10983366,0.0,7.973e-05
reporter_loss,precomplexed,3.0,0.026101572156825372,48.0,0.00541062,0.01432256,0.00748023,0.95943562,0.00684233,0.00641472,337.23738878,325.98663865,49.49830079,109.13389644,1.3e-07,0.02034234
reporter_loss,precomplexed,3.0,0.026101572156825372,72.0,0.0479914,0.12602015,0.08979704,0.85955788,0.03622311,0.06698679,344.59743242,349.45071437,63.95097656,203.79355299,5.17e-06,0.17883801
reporter_loss,precomplexed,3.0,0.06812920690579614,24.0,0.00022412,0.00087188,0.00024976,0.98179645,0.00062212,0.00023467,729.27620004,581.9928934,53.18927397,78.46971507,0.0,0.00123877
reporter_loss,precomplexed,3.0,0.06812920690579614,48.0,0.05169656,0.13054461,0.07493449,0.85973729,0.05561013,0.06299669,876.86545094,847.99333017,128.8436684,284.17388729,2.3e-06,0.18532704
reporter_loss,precomplexed,3.0,0.06812920690579614,72.0,0.16819276,0.48821813,0.40536146,0.54221634,0.08285666,0.27046176,895.12090721,908.0107372,166.27943952,530.26412503,9.196e-05,0.68992571
reporter_loss,precomplexed,3.0,0.1778279410038923,24.0,0.00293583,0.0109399,0.00329803,0.95555395,0.00764187,0.00308894,1891.47279127,1511.11074937,138.22593383,203.96128381,2e-08,0.01554231
reporter_loss,precomplexed,3.0,0.1778279410038923,48.0,0.17746034,0.42378148,0.30041059,0.62036203,0.12337089,0.23667319,2264.93871224,2193.07849945,333.80498156,736.93211482,4.204e-05,0.59930165
reporter_loss,precomplexed,3.0,0.1778279410038923,72.0,0.16320193,0.69591195,0.64673846,0.31793635,0.04917348,0.34826552,2305.80755268,2341.02980362,429.4820396,1372.3076818,0.00163687,0.94180684
reporter_loss,precomplexed,3.0,0.464158883361278,24.0,0.02404387,0.079431,0.0276783,0.89295513,0.0517527,0.02567377,4847.67615735,3885.00635003,356.27718082,525.9832055,3.6e-07,0.11280765
reporter_loss,precomplexed,3.0,0.464158883361278,48.0,0.2369042,0.62075131,0.51393312,0.41709812,0.10681819,0.36527579,5734.14139872,5572.91784581,852.71049654,1887.76361462,0.00080487,0.84654723
reporter_loss,precomplexed,3.0,0.464158883361278,72.0,0.14683419,0.85361651,0.80441896,0.16756581,0.04919754,0.3757497,5789.89475778,5893.65983448,1087.18842899,3494.25767278,0.02844283,0.98487948
reporter_loss,precomplexed,3.0,1.2115276586285888,24.0,0.08619536,0.23588697,0.10489341,0.77972936,0.13099355,0.09517772,11881.95005286,9626.38049817,890.29672727,1316.57648515,7.67e-06,0.33404879
reporter_loss,precomplexed,3.0,1.2115276586285888,48.0,0.25454164,0.77865728,0.67298889,0.26592352,0.10566838,0.44239891,13439.84415801,13242.2192364,2065.23895368,4617.52823432,0.01708075,0.92755862
reporter_loss,precomplexed,3.0,1.2115276586285888,72.0,0.12263019,0.95213348,0.92314491,0.06181662,0.02898856,0.38046813,13187.78131795,13545.21386062,2548.47146669,8366.55695564,0.34175477,0.99362036
reporter_loss,precomplexed,3.0,3.1622776601683795,24.0,0.14792788,0.36341639,0.19162443,0.67362125,0.17179196,0.16971268,21563.80857157,18508.04738885,1788.95077733,2668.50792536,0.00019301,0.50224302
reporter_loss,precomplexed,3.0,3.1622776601683795,48.0,0.2624978,0.89023579,0.80049446,0.15144493,0.08974133,0.49943961,20906.22418942,21461.76540669,3606.21449018,8432.98410642,0.27855674,0.95312828
reporter_loss,precomplexed,3.0,3.1622776601683795,72.0,0.09228598,0.98822207,0.97371941,0.01932875,0.01450267,0.35429367,19634.84559825,20433.77197749,4033.88577436,14256.32296868,0.88406317,0.99597797
reporter_loss,precomplexed,3.0,8.25404185268019,24.0,0.15899398,0.39867447,0.20834222,0.64674358,0.19033225,0.18429825,14686.54019292,13916.4840956,1523.40796529,2356.40401454,0.00572584,0.50728715
reporter_loss,precomplexed,3.0,8.25404185268019,48.0,0.26518898,0.92865629,0.84930579,0.11069183,0.0793505,0.52224086,12611.97555081,13442.81609781,2471.70749186,6245.36368084,0.7419872,0.95200046
reporter_loss,precomplexed,3.0,8.25404185268019,72.0,0.0800487,0.99358824,0.98436099,0.01134268,0.00922724,0.33935314,11418.74180566,12020.31267348,2496.03844563,9760.80072794,0.97560627,0.99576157
reporter_loss,precomplexed,3.0,21.544346900318843,24.0,0.11778415,0.32009724,0.15083261,0.71143941,0.16926463,0.13541629,6268.8012228,6437.43925167,790.48317069,1271.7211363,0.09467653,0.37173838
reporter_loss,precomplexed,3.0,21.544346900318843,48.0,0.27970469,0.91190683,0.82157893,0.13459246,0.09032791,0.52373719,5248.47883882,5644.80190174,1095.66121408,2958.28759571,0.84340871,0.92425549
reporter_loss,precomplexed,3.0,21.544346900318843,72.0,0.09121269,0.99128743,0.97983861,0.01503409,0.01144881,0.35515106,4766.87795672,5013.329145,1057.79050794,4426.46018012,0.98403202,0.99258026
reporter_loss,precomplexed,3.0,56.23413251903491,24.0,0.04139452,0.12797744,0.05115191,0.84667942,0.07682553,0.04672784,2499.8687176,2632.6246405,340.8480739,561.57643086,0.06560228,0.14312216
reporter_loss,precomplexed,3.0,56.23413251903491,48.0,0.28566085,0.79563517,0.66179832,0.27253817,0.13383685,0.46517483,2076.95621476,2241.12185903,444.41643933,1238.22534137,0.73751057,0.80807907
reporter_loss,precomplexed,3.0,56.23413251903491,72.0,0.13913759,0.97179411,0.94485582,0.04354438,0.02693829,0.4101848,1888.18113237,1985.26248356,421.61604426,1819.94526961,0.96222566,0.97382285
reporter_loss,precomplexed,3.0,146.77992676220705,24.0,0.00592089,0.02000593,0.00719529,0.93717771,0.01281064,0.0066309,972.39626387,1035.40679237,137.26258688,228.64896756,0.01289865,0.02174004
reporter_loss,precomplexed,3.0,146.77992676220705,48.0,0.16081496,0.41573575,0.2931066,0.62131937,0.12262915,0.22769809,805.9854929,870.73559149,174.29087453,492.65353419,0.37085602,0.42615294
reporter_loss,precomplexed,3.0,146.77992676220705,72.0,0.20180843,0.8044061,0.72716469,0.234223,0.07724141,0.41140783,733.10057178,770.69025477,164.12336437,718.5123952,0.77981853,0.81006987
reporter_loss,precomplexed,3.0,383.1186849557293,24.0,0.00048662,0.00169573,0.00058874,0.97466717,0.00110699,0.00054409,374.69314702,400.73138875,53.63778989,89.74599113,0.0012226,0.00181395
reporter_loss,precomplexed,3.0,383.1186849557293,48.0,0.02648765,0.06965607,0.04368983,0.89897242,0.02596625,0.03539769,310.33658922,335.41372991,67.38971906,191.60574039,0.0610461,0.07177457
reporter_loss,precomplexed,3.0,383.1186849557293,72.0,0.08234957,0.25576273,0.20585653,0.73480143,0.0499062,0.13689732,282.33627637,296.79549356,63.27242574,278.58775198,0.23939695,0.25979142
reporter_loss,precomplexed,3.0,1000.0,24.0,3.172e-05,0.00011168,3.83e-05,0.98990004,7.337e-05,3.543e-05,143.86484735,154.11827343,20.70123547,34.6903687,8.28e-05,0.00011904
reporter_loss,precomplexed,3.0,1000.0,48.0,0.00210308,0.00557793,0.00339005,0.97095466,0.00218787,0.00277376,119.12413415,128.77022819,25.90779132,73.8191508,0.00488141,0.00575318
reporter_loss,precomplexed,3.0,1000.0,72.0,0.00858244,0.02556838,0.01974583,0.94768546,0.00582255,0.01363651,108.38683102,113.93453802,24.29864625,107.21016092,0.02365872,0.02604886
reporter_loss,precomplexed,100.0,0.01,24.0,1e-06,3.99e-06,1.12e-06,0.99698862,2.87e-06,1.05e-06,114.00915406,90.88821043,8.3031167,12.25096274,0.0,5.67e-06
reporter_loss,precomplexed,100.0,0.01,48.0,0.00044612,0.00119651,0.0006095,0.98474279,0.00058701,0.00052531,137.77520406,133.0332682,20.17197477,44.45117148,1e-08,0.00169966
reporter_loss,precomplexed,100.0,0.01,72.0,0.00530854,0.01385059,0.00937393,0.96423488,0.00447667,0.00717623,141.1963552,143.04397991,26.13142248,83.14232353,2.7e-07,0.01966732
reporter_loss,precomplexed,100.0,0.026101572156825372,24.0,1.702e-05,6.718e-05,1.892e-05,0.99229396,4.826e-05,1.779e-05,297.42555187,237.14103062,21.66672479,31.96935338,0.0,9.545e-05
reporter_loss,precomplexed,100.0,0.026101572156825372,48.0,0.00636962,0.01683685,0.00881751,0.95638296,0.00801934,0.00755732,359.23876171,346.92878649,52.61702615,115.96178486,1.2e-07,0.02391472
reporter_loss,precomplexed,100.0,0.026101572156825372,72.0,0.05456016,0.14344132,0.1028562,0.84508738,0.04058513,0.0764731,368.03263118,372.88908709,68.13540991,216.84060423,4.79e-06,0.20358022
reporter_loss,precomplexed,100.0,0.06812920690579614,24.0,0.00026737,0.00103806,0.00029808,0.98071751,0.00073998,0.00028003,775.25160217,618.34870015,56.51429298,83.39292809,0.0,0.00147491
reporter_loss,precomplexed,100.0,0.06812920690579614,48.0,0.05819564,0.14624728,0.08485422,0.84795435,0.06139306,0.07115946,935.07466167,903.4089117,137.09778774,302.24662716,2.09e-06,0.20763192
reporter_loss,precomplexed,100.0,0.06812920690579614,72.0,0.1727749,0.5097691,0.42810575,0.52117795,0.08166335,0.2821904,957.08657398,969.99762079,177.34939472,564.78912331,8.523e-05,0.72033541
reporter_loss,precomplexed,100.0,0.1778279410038923,24.0,0.00345972,0.01282312,0.00389061,0.95284346,0.00893251,0.00364244,2016.02090925,1609.62520648,147.23867909,217.30728414,2e-08,0.01821826
reporter_loss,precomplexed,100.0,0.1778279410038923,48.0,0.18492722,0.44183832,0.31789626,0.60370292,0.12394207,0.24883654,2422.4302479,2343.07722708,356.15889713,785.89047937,3.824e-05,0.62481529
reporter_loss,precomplexed,100.0,0.1778279410038923,72.0,0.15933188,0.70170298,0.65470865,0.31097275,0.04699433,0.34708754,2473.18428555,2508.56021083,459.42671122,1465.76567731,0.00151541,0.94789902
reporter_loss,precomplexed,100.0,0.464158883361278,24.0,0.0274316,0.08935962,0.03168127,0.88593638,0.05767835,0.02934869,5207.60876285,4169.92678756,382.36637796,564.62516049,3.2e-07,0.12691259
reporter_loss,precomplexed,100.0,0.464158883361278,48.0,0.23716261,0.62900484,0.52497544,0.40755955,0.1040294,0.36996901,6187.50011119,6005.30138576,917.25128315,2029.23323873,0.00072823,0.85672527
reporter_loss,precomplexed,100.0,0.464158883361278,72.0,0.14428141,0.85726539,0.80892747,0.16366106,0.04833791,0.37373967,6269.18760441,6374.26394903,1173.32941567,3763.69917981,0.02630484,0.98609906
reporter_loss,precomplexed,100.0,1.2115276586285888,24.0,0.09477766,0.25429585,0.11627612,0.7661056,0.13801973,0.10516443,13151.08580851,10634.25217187,982.85724717,1453.75985408,6.81e-06,0.36010002
reporter_loss,precomplexed,100.0,1.2115276586285888,48.0,0.25248838,0.7852424,0.68195759,0.25848261,0.10328481,0.44423715,15007.09027894,14747.49552464,2291.6974276,5115.68335007,0.01531394,0.93243412
reporter_loss,precomplexed,100.0,1.2115276586285888,72.0,0.11946244,0.95259155,0.9247206,0.06069999,0.02787096,0.3763151,14803.07700356,15178.92813605,2845.29369874,9304.99163865,0.32256815,0.99409338
reporter_loss,precomplexed,100.0,3.1622776601683795,24.0,0.16975974,0.40523363,0.2256991,0.63766997,0.17953453,0.19785217,29615.82664009,25164.54745159,2414.63536666,3598.11476812,0.00021505,0.5559342
reporter_loss,precomplexed,100.0,3.1622776601683795,48.0,0.25442113,0.90093987,0.81849893,0.13730426,0.08244094,0.49933323,28961.61161216,29687.11707649,4956.05477754,11526.63779595,0.28080677,0.95966145
reporter_loss,precomplexed,100.0,3.1622776601683795,72.0,0.08593291,0.98933465,0.97619145,0.01748326,0.01314321,0.34420024,27224.32896299,28317.71207615,5577.42311634,19590.71659148,0.88500876,0.99657821
reporter_loss,precomplexed,100.0,8.25404185268019,24.0,0.23899463,0.56186675,0.34250851,0.50840039,0.21935823,0.29314329,45143.00473595,42631.05503195,4655.64518574,7182.19558718,0.02303278,0.66863527
reporter_loss,precomplexed,100.0,8.25404185268019,48.0,0.23009705,0.95684671,0.9017347,0.07045057,0.05511201,0.51011882,39203.02481706,41838.57254499,7645.53303874,19214.48410167,0.82603876,0.97117768
reporter_loss,precomplexed,100.0,8.25404185268019,72.0,0.0602356,0.99634179,0.99070457,0.00662469,0.00563722,0.30402262,34852.66312103,36892.31765306,7711.80900451,30090.20295816,0.98495099,0.99757023
reporter_loss,precomplexed,100.0,21.544346900318843,24.0,0.29456361,0.68306318,0.45352845,0.40447246,0.22953473,0.38014727,48571.73679714,51400.89235051,6422.66776293,10343.13292073,0.42611499,0.72325173
reporter_loss,precomplexed,100.0,21.544346900318843,48.0,0.20241558,0.97247175,0.93375443,0.04721328,0.03871732,0.49377673,39493.07997915,42861.2200882,8529.33619732,23417.41480198,0.94754854,0.97620292
reporter_loss,precomplexed,100.0,21.544346900318843,72.0,0.04795575,0.99768173,0.99402989,0.00425184,0.00365183,0.27793639,35648.89851299,37575.85328414,8029.90613565,34478.66541977,0.99557857,0.99799633
reporter_loss,precomplexed,100.0,56.23413251903491,24.0,0.31668494,0.73194455,0.51233831,0.35694747,0.21960624,0.42225141,47999.18135116,51927.88441429,6994.5257803,11664.91224283,0.65460974,0.74556913
reporter_loss,precomplexed,100.0,56.23413251903491,48.0,0.18835217,0.97698286,0.94396585,0.039916,0.03301701,0.48136794,39451.85841248,42760.28892853,8663.28429424,24735.4875418,0.97003589,0.97819705
reporter_loss,precomplexed,100.0,56.23413251903491,72.0,0.04324067,0.9980625,0.99499784,0.00356232,0.00306466,0.2661052,35792.04104716,37663.72163093,8065.88604404,35795.36899096,0.99747741,0.99816475
reporter_loss,precomplexed,100.0,146.77992676220705,24.0,0.30788252,0.71433503,0.49120466,0.37570559,0.22313037,0.40738182,32529.05200767,35104.10046121,4774.72065558,8034.49857724,0.68040508,0.72084626
reporter_loss,precomplexed,100.0,146.77992676220705,48.0,0.19415719,0.97509369,0.93993913,0.04294434,0.03515456,0.48576859,26861.96951646,29072.72484816,5885.54248362,16897.63842343,0.97197001,0.97569146
reporter_loss,precomplexed,100.0,146.77992676220705,72.0,0.04529824,0.99788365,0.99457242,0.00387927,0.00331123,0.27051643,24418.12912815,25677.11136428,5489.99992766,24428.41856472,0.99761755,0.99793459
reporter_loss,precomplexed,100.0,383.1186849557293,24.0,0.2431968,0.58667264,0.35426919,0.4997552,0.23240345,0.30480672,12505.28956361,13426.94748002,1812.53047905,3043.96630944,0.55398201,0.59372322
reporter_loss,precomplexed,100.0,383.1186849557293,48.0,0.22894314,0.9602774,0.90934389,0.0660439,0.05093351,0.51016628,10348.30204989,11189.8756739,2255.92880903,6447.30719968,0.95659505,0.96106885
reporter_loss,precomplexed,100.0,383.1186849557293,72.0,0.0591311,0.9964524,0.99121736,0.00638491,0.00523505,0.29960656,9413.46171789,9896.1541893,2112.15493838,9348.12841886,0.99611901,0.99652412
reporter_loss,precomplexed,100.0,1000.0,24.0,0.1270948,0.34561889,0.16841498,0.69522551,0.17720391,0.1504162,4797.15851509,5146.04473107,693.36468062,1163.552376,0.30886425,0.35424632
reporter_loss,precomplexed,100.0,1000.0,48.0,0.27481184,0.9136873,0.82716813,0.13167716,0.08651917,0.52090448,3971.11566911,4293.35205226,864.83605344,2468.81743057,0.9056301,0.91555001
reporter_loss,precomplexed,100.0,1000.0,72.0,0.08962899,0.99104237,0.97977709,0.01526768,0.01126528,0.35032373,3613.05519999,3798.05583359,810.32776271,3581.98702037,0.99016013,0.99124641
poor_release,simultaneous,0.1,0.01,24.0,0.0,0.0,0.0,0.99999684,0.0,0.0,31.60471892,23.67622079,0.00968837,0.01371655,0.0,0.0
poor_release,simultaneous,0.1,0.01,48.0,0.0,0.0,0.0,0.99998004,0.0,0.0,39.04906864,37.56822528,0.0276146,0.05823001,0.0,0.0
poor_release,simultaneous,0.1,0.01,72.0,0.0,0.0,0.0,0.99995969,0.0,0.0,39.50449858,40.20175834,0.03664268,0.11282923,0.0,0.0
poor_release,simultaneous,0.1,0.026101572156825372,24.0,0.0,0.0,0.0,0.99999194,0.0,0.0,79.96518984,60.0156764,0.0246214,0.03488561,0.0,0.0
poor_release,simultaneous,0.1,0.026101572156825372,48.0,0.0,0.0,0.0,0.99994944,0.0,0.0,98.65136972,94.94070506,0.06986265,0.1474835,0.0,0.0
poor_release,simultaneous,0.1,0.026101572156825372,72.0,0.0,0.0,0.0,0.99989805,0.0,0.0,99.78535594,101.55186045,0.09259622,0.28542507,0.0,0.0
poor_release,simultaneous,0.1,0.06812920690579614,24.0,0.0,0.0,0.0,0.99998023,0.0,0.0,192.72763234,145.33922346,0.06001993,0.08521241,0.0,0.0
poor_release,simultaneous,0.1,0.06812920690579614,48.0,0.0,0.0,0.0,0.99987768,0.0,0.0,236.81699944,228.10545389,0.16833447,0.3564085,0.0,0.0
poor_release,simultaneous,0.1,0.06812920690579614,72.0,1e-08,1e-08,1e-08,0.9997546,0.0,0.0,239.42390222,243.69838389,0.22243154,0.68757219,0.0,1e-08
poor_release,simultaneous,0.1,0.1778279410038923,24.0,0.0,0.0,0.0,0.99995573,0.0,0.0,413.53422304,315.49368785,0.13240309,0.1889114,0.0,0.0
poor_release,simultaneous,0.1,0.1778279410038923,48.0,0.0,1e-08,0.0,0.99973507,0.0,0.0,503.04911741,485.65176992,0.36097628,0.76987384,0.0,1e-08
poor_release,simultaneous,0.1,0.1778279410038923,72.0,6e-08,9e-08,6e-08,0.99947489,3e-08,5e-08,507.7763413,517.08750342,0.47325801,1.47342839,0.0,1.3e-07
poor_release,simultaneous,0.1,0.464158883361278,24.0,0.0,0.0,0.0,0.99991783,0.0,0.0,705.83376647,550.51388434,0.2385239,0.34382267,0.0,0.0
poor_release,simultaneous,0.1,0.464158883361278,48.0,2e-08,3e-08,2e-08,0.99953902,2e-08,1e-08,839.56019743,815.23593466,0.6152829,1.33200477,0.0,5e-08
poor_release,simultaneous,0.1,0.464158883361278,72.0,3.2e-07,4.6e-07,3.1e-07,0.99910889,1.6e-07,2.4e-07,841.95298795,859.05146325,0.79209946,2.5057438,0.0,6.6e-07
poor_release,simultaneous,0.1,1.2115276586285888,24.0,0.0,0.0,0.0,0.99988359,0.0,0.0,892.6151777,717.88284913,0.32454182,0.47452766,0.0,0.0
poor_release,simultaneous,0.1,1.2115276586285888,48.0,4e-08,7e-08,4e-08,0.99940251,4e-08,3e-08,1000.94594208,988.58056498,0.7701007,1.7089262,0.0,1.1e-07
poor_release,simultaneous,0.1,1.2115276586285888,72.0,6.3e-07,8.9e-07,6e-07,0.99889717,2.9e-07,4.6e-07,978.45206267,1005.95861452,0.94837253,3.10415041,0.0,1.26e-06
poor_release,simultaneous,0.1,3.1622776601683795,24.0,0.0,0.0,0.0,0.99987239,0.0,0.0,803.05042678,694.1255657,0.3372094,0.50265566,0.0,0.0
poor_release,simultaneous,0.1,3.1622776601683795,48.0,3e-08,6e-08,3e-08,0.99943412,3e-08,3e-08,790.58492585,807.96995892,0.67655031,1.58259225,0.0,9e-08
poor_release,simultaneous,0.1,3.1622776601683795,72.0,4e-07,5.4e-07,3.8e-07,0.99904868,1.6e-07,2.9e-07,746.44362306,775.558258,0.76208293,2.68396806,0.0,7.5e-07
poor_release,simultaneous,0.1,8.25404185268019,24.0,0.0,0.0,0.0,0.99989721,0.0,0.0,477.21231124,452.37451561,0.24706086,0.38182248,0.0,0.0
poor_release,simultaneous,0.1,8.25404185268019,48.0,1e-08,2e-08,1e-08,0.99962803,1e-08,1e-08,413.84090596,439.20935583,0.40215268,1.01453901,0.0,2e-08
poor_release,simultaneous,0.1,8.25404185268019,72.0,8e-08,1e-07,8e-08,0.99944061,3e-08,5e-08,377.39551078,396.36565125,0.40920665,1.59170771,2e-08,1.3e-07
poor_release,simultaneous,0.1,21.544346900318843,24.0,0.0,0.0,0.0,0.99994072,0.0,0.0,207.5609733,212.19483994,0.1296713,0.20835567,0.0,0.0
poor_release,simultaneous,0.1,21.544346900318843,48.0,0.0,0.0,0.0,0.99981868,0.0,0.0,174.42339161,187.36874901,0.18115652,0.48748658,0.0,0.0
poor_release,simultaneous,0.1,21.544346900318843,72.0,1e-08,1e-08,1e-08,0.99974621,0.0,1e-08,158.54652977,166.69525513,0.17554502,0.73140683,1e-08,1e-08
poor_release,simultaneous,0.1,56.23413251903491,24.0,0.0,0.0,0.0,0.99997269,0.0,0.0,83.24378129,87.55076515,0.05655659,0.09311041,0.0,0.0
poor_release,simultaneous,0.1,56.23413251903491,48.0,0.0,0.0,0.0,0.99992308,0.0,0.0,69.19875449,74.65202039,0.07393899,0.20573898,0.0,0.0
poor_release,simultaneous,0.1,56.23413251903491,72.0,0.0,0.0,0.0,0.9998958,0.0,0.0,62.91538478,66.14761713,0.07021114,0.30264155,0.0,0.0
poor_release,simultaneous,0.1,146.77992676220705,24.0,0.0,0.0,0.0,0.99998868,0.0,0.0,32.408582,34.50208729,0.0228619,0.03807803,0.0,0.0
poor_release,simultaneous,0.1,146.77992676220705,48.0,0.0,0.0,0.0,0.99996926,0.0,0.0,26.86422936,29.02154475,0.02904087,0.08207056,0.0,0.0
poor_release,simultaneous,0.1,146.77992676220705,72.0,0.0,0.0,0.0,0.99995894,0.0,0.0,24.43521491,25.68799624,0.02735048,0.11971073,0.0,0.0
poor_release,simultaneous,0.1,383.1186849557293,24.0,0.0,0.0,0.0,0.99999552,0.0,0.0,12.48995661,13.36041029,0.00894576,0.01497145,0.0,0.0
poor_release,simultaneous,0.1,383.1186849557293,48.0,0.0,0.0,0.0,0.99998802,0.0,0.0,10.34447378,11.18057331,0.01123365,0.03194934,0.0,0.0
poor_release,simultaneous,0.1,383.1186849557293,72.0,0.0,0.0,0.0,0.9999841,0.0,0.0,9.41112286,9.89310655,0.01054588,0.04644631,0.0,0.0
poor_release,simultaneous,0.1,1000.0,24.0,0.0,0.0,0.0,0.99999827,0.0,0.0,4.79571548,5.13908037,0.0034541,0.00579045,0.0,0.0
poor_release,simultaneous,0.1,1000.0,48.0,0.0,0.0,0.0,0.99999538,0.0,0.0,3.97081691,4.29248766,0.00431932,0.01231284,0.0,0.0
poor_release,simultaneous,0.1,1000.0,72.0,0.0,0.0,0.0,0.99999388,0.0,0.0,3.61289028,3.79782484,0.00405014,0.01787808,0.0,0.0
poor_release,simultaneous,3.0,0.01,24.0,0.0,0.0,0.0,0.99998531,0.0,0.0,108.02299957,86.59184962,0.03981929,0.05882934,0.0,0.0
poor_release,simultaneous,3.0,0.01,48.0,0.0,0.0,0.0,0.99992638,0.0,0.0,129.53649506,125.34788345,0.09547223,0.21116541,0.0,0.0
poor_release,simultaneous,3.0,0.01,72.0,0.0,0.0,0.0,0.99986063,0.0,0.0,132.24299906,134.1430829,0.12290773,0.39296745,0.0,0.0
poor_release,simultaneous,3.0,0.026101572156825372,24.0,0.0,0.0,0.0,0.99996168,0.0,0.0,281.70615646,225.85088386,0.10386893,0.15345862,0.0,0.0
poor_release,simultaneous,3.0,0.026101572156825372,48.0,0.0,0.0,0.0,0.99980807,0.0,0.0,337.61895976,326.75725222,0.24893757,0.55066923,0.0,0.0
poor_release,simultaneous,3.0,0.026101572156825372,72.0,2e-08,3e-08,2e-08,0.99963692,1e-08,2e-08,344.54652515,349.53763528,0.32034076,1.02448373,0.0,5e-08
poor_release,simultaneous,3.0,0.06812920690579614,24.0,0.0,0.0,0.0,0.99990015,0.0,0.0,733.56578443,588.35309408,0.27066015,0.39989298,0.0,0.0
poor_release,simultaneous,3.0,0.06812920690579614,48.0,2e-08,5e-08,2e-08,0.99950069,2e-08,2e-08,877.84423014,849.98602841,0.64797275,1.43384374,0.0,7e-08
poor_release,simultaneous,3.0,0.06812920690579614,72.0,4.1e-07,5.9e-07,3.9e-07,0.99905682,2e-07,3e-07,894.97911624,908.22564505,0.8329098,2.66562029,0.0,8.4e-07
poor_release,simultaneous,3.0,0.1778279410038923,24.0,0.0,0.0,0.0,0.99974068,0.0,0.0,1902.54055641,1527.57315921,0.70326107,1.03913558,0.0,0.0
poor_release,simultaneous,3.0,0.1778279410038923,48.0,4.2e-07,8e-07,4e-07,0.99870798,4e-07,3.5e-07,2267.36889595,2198.14318873,1.67867631,3.71796837,0.0,1.13e-06
poor_release,simultaneous,3.0,0.1778279410038923,72.0,7.09e-06,1.01e-05,6.73e-06,0.99756571,3.37e-06,5.19e-06,2305.37438976,2341.50565092,2.15123658,6.89814487,0.0,1.435e-05
poor_release,simultaneous,3.0,0.464158883361278,24.0,1e-08,4e-08,1e-08,0.99933274,3e-08,1e-08,4875.47182242,3926.73100745,1.81160922,2.67741368,0.0,6e-08
poor_release,simultaneous,3.0,0.464158883361278,48.0,7.04e-06,1.32e-05,6.69e-06,0.99670445,6.51e-06,5.77e-06,5739.5029463,5585.03109076,4.28749914,9.52115998,0.0,1.874e-05
poor_release,simultaneous,3.0,0.464158883361278,72.0,0.00011363,0.00016109,0.00010796,0.99378852,5.312e-05,8.303e-05,5788.28084525,5894.23136023,5.44498281,17.56099175,1e-08,0.00022866
poor_release,simultaneous,3.0,1.2115276586285888,24.0,1.9e-07,6.5e-07,1.8e-07,0.99834117,4.7e-07,1.7e-07,11941.9389983,9719.68846964,4.51428641,6.67585908,0.0,9.3e-07
poor_release,simultaneous,3.0,1.2115276586285888,48.0,0.00010021,0.00018548,9.521e-05,0.99196451,9.027e-05,8.192e-05,13444.9641343,13262.97077495,10.3752062,23.25338119,0.0,0.00026332
poor_release,simultaneous,3.0,1.2115276586285888,72.0,0.00146189,0.00203783,0.00138924,0.98441228,0.00064859,0.001059,13180.29504666,13541.46342965,12.75700197,42.0065461,1.7e-07,0.00288887
poor_release,simultaneous,3.0,3.1622776601683795,24.0,1.51e-06,5.06e-06,1.43e-06,0.99669731,3.63e-06,1.35e-06,21554.95790506,18500.87922284,8.90502375,13.24149938,0.0,7.18e-06
poor_release,simultaneous,3.0,3.1622776601683795,48.0,0.00059422,0.00105542,0.00056492,0.98508619,0.00049049,0.00048158,20894.25064844,21448.65499398,18.01186953,42.04765404,2.1e-07,0.00149093
poor_release,simultaneous,3.0,3.1622776601683795,72.0,0.00641841,0.00856447,0.00611391,0.97056639,0.00245056,0.00453153,19626.73863128,20424.20891568,20.15638498,71.1485459,1.618e-05,0.01191443
poor_release,simultaneous,3.0,8.25404185268019,24.0,1.24e-06,3.83e-06,1.18e-06,0.99690369,2.66e-06,1.1e-06,14659.92755587,13857.22727993,7.54786342,11.64935659,0.0,5.39e-06
poor_release,simultaneous,3.0,8.25404185268019,48.0,0.00024073,0.00040796,0.00023094,0.98872933,0.00017702,0.0001936,12607.08144923,13430.71785408,12.32245911,31.05260755,1.649e-05,0.00053721
poor_release,simultaneous,3.0,8.25404185268019,72.0,0.0019828,0.00261408,0.00192178,0.98177054,0.00069231,0.00138909,11418.47686552,12018.47468046,12.46768843,48.6218715,0.00050385,0.00320923
poor_release,simultaneous,3.0,21.544346900318843,24.0,2.1e-07,6.3e-07,2e-07,0.99820792,4.2e-07,1.9e-07,6266.28715102,6428.42409019,3.93885264,6.33091736,5e-08,8.1e-07
poor_release,simultaneous,3.0,21.544346900318843,48.0,2.838e-05,4.757e-05,2.771e-05,0.99455753,1.986e-05,2.301e-05,5248.19617615,5643.66155771,5.47263753,14.75844216,1.76e-05,5.568e-05
poor_release,simultaneous,3.0,21.544346900318843,72.0,0.00020354,0.00026754,0.00020032,0.99229155,6.722e-05,0.00014246,4766.90095786,5013.23142936,5.28727063,22.0986701,0.00015185,0.00029756
poor_release,simultaneous,3.0,56.23413251903491,24.0,2e-08,6e-08,2e-08,0.99917892,4e-08,2e-08,2499.73614037,2631.93341967,1.70291302,2.80497026,2e-08,7e-08
poor_release,simultaneous,3.0,56.23413251903491,48.0,2.24e-06,3.74e-06,2.22e-06,0.99769788,1.53e-06,1.83e-06,2076.94138982,2241.04919431,2.22159112,6.18783622,2.45e-06,4.07e-06
poor_release,simultaneous,3.0,56.23413251903491,72.0,1.497e-05,1.963e-05,1.485e-05,0.99688032,4.79e-06,1.046e-05,1888.18077717,1985.25540277,2.10794075,9.09639587,1.526e-05,2.073e-05
poor_release,simultaneous,3.0,146.77992676220705,24.0,0.0,0.0,0.0,0.99966021,0.0,0.0,972.42124178,1035.56369149,0.68660314,1.14385777,0.0,0.0
poor_release,simultaneous,3.0,146.77992676220705,48.0,1.5e-07,2.4e-07,1.5e-07,0.99907907,1e-07,1.2e-07,805.9869284,870.74947528,0.87156109,2.46396315,2e-07,2.6e-07
poor_release,simultaneous,3.0,146.77992676220705,72.0,9.5e-07,1.24e-06,9.4e-07,0.99877084,3e-07,6.6e-07,733.10015042,770.69089237,0.82064613,3.59326414,1.08e-06,1.28e-06
poor_release,simultaneous,3.0,383.1186849557293,24.0,0.0,0.0,0.0,0.99986572,0.0,0.0,374.71212713,400.86960819,0.26847135,0.44935295,0.0,0.0
poor_release,simultaneous,3.0,383.1186849557293,48.0,1e-08,1e-08,1e-08,0.99964094,1e-08,1e-08,310.33807075,335.4257359,0.33704883,0.95872347,1e-08,2e-08
poor_release,simultaneous,3.0,383.1186849557293,72.0,6e-08,7e-08,6e-08,0.99952335,2e-08,4e-08,282.33625453,296.79638673,0.31638967,1.39363961,7e-08,7e-08
poor_release,simultaneous,3.0,1000.0,24.0,0.0,0.0,0.0,0.99994797,0.0,0.0,143.8729539,154.17971949,0.10363704,0.17374396,0.0,0.0
poor_release,simultaneous,3.0,1000.0,48.0,0.0,0.0,0.0,0.99986153,0.0,0.0,119.12479254,128.77550009,0.12958477,0.36941963,0.0,0.0
poor_release,simultaneous,3.0,1000.0,72.0,0.0,0.0,0.0,0.99981652,0.0,0.0,108.38686167,113.93496446,0.12150579,0.53637738,0.0,0.0
poor_release,simultaneous,100.0,0.01,24.0,0.0,0.0,0.0,0.99998472,0.0,0.0,114.03431767,90.92928852,0.04155436,0.06132572,0.0,0.0
poor_release,simultaneous,100.0,0.01,48.0,0.0,0.0,0.0,0.9999226,0.0,0.0,137.78115278,133.04534829,0.10088525,0.2223604,0.0,0.0
poor_release,simultaneous,100.0,0.01,72.0,0.0,0.0,0.0,0.99985252,0.0,0.0,141.19559624,143.04533765,0.1306672,0.41582437,0.0,0.0
poor_release,simultaneous,100.0,0.026101572156825372,24.0,0.0,0.0,0.0,0.99996013,0.0,0.0,297.49106199,237.24819664,0.10843481,0.16003177,0.0,0.0
poor_release,simultaneous,100.0,0.026101572156825372,48.0,0.0,0.0,0.0,0.99979815,0.0,0.0,359.25412203,346.96014391,0.26315143,0.58008168,0.0,0.0
poor_release,simultaneous,100.0,0.026101572156825372,72.0,3e-08,4e-08,3e-08,0.99961566,1e-08,2e-08,368.03063945,372.89262216,0.34070308,1.08449688,0.0,6e-08
poor_release,simultaneous,100.0,0.06812920690579614,24.0,0.0,0.0,0.0,0.999896,0.0,0.0,775.42153936,618.62794913,0.2828352,0.41744707,0.0,0.0
poor_release,simultaneous,100.0,0.06812920690579614,48.0,3e-08,5e-08,3e-08,0.9994744,3e-08,2e-08,935.11356739,903.49008387,0.68566289,1.51194378,0.0,8e-08
poor_release,simultaneous,100.0,0.06812920690579614,72.0,4.9e-07,7e-07,4.7e-07,0.99900064,2.4e-07,3.6e-07,957.08098694,970.00625136,0.88681452,2.82471034,0.0,1e-06
poor_release,simultaneous,100.0,0.1778279410038923,24.0,0.0,0.0,0.0,0.99972911,0.0,0.0,2016.4581763,1610.34929273,0.73687976,1.08779285,0.0,0.0
poor_release,simultaneous,100.0,0.1778279410038923,48.0,5e-07,9.4e-07,4.7e-07,0.99863642,4.7e-07,4.1e-07,2422.52667466,2343.28345989,1.7812436,3.9312965,0.0,1.34e-06
poor_release,simultaneous,100.0,0.1778279410038923,72.0,8.47e-06,1.211e-05,8.05e-06,0.99741352,4.06e-06,6.22e-06,2473.16734707,2508.57948549,2.29730482,7.33080704,0.0,1.719e-05
poor_release,simultaneous,100.0,0.464158883361278,24.0,1e-08,5e-08,1e-08,0.99929684,4e-08,1e-08,5208.70306232,4171.78139264,1.91360855,2.82638477,0.0,7e-08
poor_release,simultaneous,100.0,0.464158883361278,48.0,8.47e-06,1.591e-05,8.04e-06,0.9964945,7.86e-06,6.94e-06,6187.71312192,6005.79660211,4.58739208,10.15089921,0.0,2.26e-05
poor_release,simultaneous,100.0,0.464158883361278,72.0,0.00013911,0.0001977,0.00013218,0.99333656,6.553e-05,0.00010179,6269.12535748,6374.28908644,5.8670577,18.82353036,0.0,0.00028069
poor_release,simultaneous,100.0,1.2115276586285888,24.0,2.5e-07,8.6e-07,2.4e-07,0.99819278,6.2e-07,2.3e-07,13153.54012496,10638.78776431,4.91880295,7.2771386,0.0,1.22e-06
poor_release,simultaneous,100.0,1.2115276586285888,48.0,0.00013233,0.00024549,0.00012572,0.99118032,0.00011977,0.00010823,15007.31778481,14748.40765277,11.46112635,25.59008211,0.0,0.00034859
poor_release,simultaneous,100.0,1.2115276586285888,72.0,0.00196253,0.00274207,0.00186487,0.98250724,0.0008772,0.00142352,14802.77366914,15178.78496145,14.22724369,46.53699351,1.5e-07,0.00388926
poor_release,simultaneous,100.0,3.1622776601683795,24.0,3.93e-06,1.308e-05,3.73e-06,0.99551587,9.34e-06,3.51e-06,29617.76930106,25172.8785993,12.08362552,18.01048969,0.0,1.857e-05
poor_release,simultaneous,100.0,3.1622776601683795,48.0,0.00150018,0.00266094,0.00142581,0.97932079,0.00123513,0.00121509,28960.61348545,29686.92344642,24.78427969,57.6568958,1.9e-07,0.00376748
poor_release,simultaneous,100.0,3.1622776601683795,72.0,0.01597979,0.02122038,0.01520854,0.9539499,0.00601184,0.01125015,27223.44578602,28316.79926539,27.88751484,97.97626859,1.603e-05,0.02971662
poor_release,simultaneous,100.0,8.25404185268019,24.0,3.629e-05,0.00011198,3.45e-05,0.99065222,7.748e-05,3.224e-05,45141.04601417,42637.07900644,23.29402658,35.94536603,1e-08,0.00015823
poor_release,simultaneous,100.0,8.25404185268019,48.0,0.00624423,0.01036032,0.00598152,0.96222294,0.00437881,0.00498723,39199.43194915,41835.35941258,38.23067562,96.10635556,0.00015281,0.01375112
poor_release,simultaneous,100.0,8.25404185268019,72.0,0.04527312,0.05851579,0.04392647,0.9120489,0.01458932,0.03125139,34850.84333156,36889.92824407,38.55762216,150.48076977,0.00929168,0.07081342
poor_release,simultaneous,100.0,21.544346900318843,24.0,0.00010855,0.00031557,0.00010435,0.98579087,0.00021122,9.689e-05,48561.91387203,51396.93710437,32.12919349,51.75789224,1.602e-05,0.00040783
poor_release,simultaneous,100.0,21.544346900318843,48.0,0.01153771,0.01882373,0.01131843,0.94998177,0.0075053,0.00930837,39489.41489792,42856.35015426,42.64638296,117.1213489,0.00828049,0.02118568
poor_release,simultaneous,100.0,21.544346900318843,72.0,0.06777845,0.08666227,0.06713769,0.88530572,0.01952458,0.04639742,35647.26046745,37573.54039748,40.14706621,172.42279525,0.06142943,0.09181447
poor_release,simultaneous,100.0,56.23413251903491,24.0,0.00017442,0.00049854,0.00017106,0.98332282,0.00032748,0.00015828,47988.13761195,51918.38909238,34.98385676,58.36317722,0.00021645,0.00056287
poor_release,simultaneous,100.0,56.23413251903491,48.0,0.01436042,0.02315777,0.01425671,0.94510379,0.00890106,0.01161994,39447.50835844,42754.254375,43.31335099,123.7045329,0.01798594,0.02419982
poor_release,simultaneous,100.0,56.23413251903491,72.0,0.07642218,0.09702858,0.07616983,0.87569948,0.02085874,0.0518462,35790.11267522,37660.9745151,40.32578666,178.99812475,0.0870052,0.0989872
poor_release,simultaneous,100.0,146.77992676220705,24.0,6.031e-05,0.00017306,5.97e-05,0.98833661,0.00011336,5.52e-05,32522.36196681,35070.82487497,23.81052137,40.03532784,0.0001186,0.00018467
poor_release,simultaneous,100.0,146.77992676220705,48.0,0.00503675,0.00820144,0.00501522,0.9659868,0.00318622,0.0040946,26860.54032916,29068.56740695,29.40390419,84.3322181,0.00711321,0.00842644
poor_release,simultaneous,100.0,146.77992676220705,72.0,0.02833307,0.03641435,0.02826777,0.93553253,0.00814659,0.01942354,24417.65264186,25676.21981831,27.44277265,121.9833088,0.03380927,0.03695523
poor_release,simultaneous,100.0,383.1186849557293,24.0,3.46e-06,1e-05,3.42e-06,0.99548925,6.58e-06,3.17e-06,12505.42085872,13428.66923533,9.06642964,15.22822569,7.34e-06,1.063e-05
poor_release,simultaneous,100.0,383.1186849557293,48.0,0.00031531,0.00051976,0.0003139,0.98797782,0.00020585,0.00025733,10348.27683581,11189.97024116,11.28091688,32.24575407,0.00045343,0.00053538
poor_release,simultaneous,100.0,383.1186849557293,72.0,0.00190937,0.00248389,0.00190423,0.98282789,0.00057966,0.0013235,9413.44211802,9896.13805867,10.56109595,46.74988011,0.00229281,0.00252915
poor_release,simultaneous,100.0,1000.0,24.0,2e-07,5.7e-07,1.9e-07,0.99826153,3.8e-07,1.8e-07,4797.38247969,5147.79934038,3.47060014,5.82620436,4.2e-07,6.1e-07
poor_release,simultaneous,100.0,1000.0,48.0,1.852e-05,3.065e-05,1.844e-05,0.99540584,1.222e-05,1.513e-05,3971.13199048,4293.49882206,4.3254959,12.35343195,2.676e-05,3.162e-05
poor_release,simultaneous,100.0,1000.0,72.0,0.00011476,0.00014981,0.00011444,0.99386051,3.537e-05,7.98e-05,3613.0550901,3798.06652455,4.05199768,17.91935351,0.00013813,0.0001527
poor_release,primary_first,0.1,0.01,24.0,0.0,0.0,0.0,0.99999818,0.0,0.0,30.17163975,20.57734356,0.0070085,0.00925659,0.0,0.0
poor_release,primary_first,0.1,0.01,48.0,0.0,0.0,0.0,0.99998271,0.0,0.0,38.93345561,37.09966281,0.02605787,0.0517438,0.0,0.0
poor_release,primary_first,0.1,0.01,72.0,0.0,0.0,0.0,0.99996183,0.0,0.0,39.48010587,40.14145546,0.03613835,0.10607393,0.0,0.0
poor_release,primary_first,0.1,0.026101572156825372,24.0,0.0,0.0,0.0,0.99999537,0.0,0.0,76.34064541,52.14814216,0.01779069,0.02350531,0.0,0.0
poor_release,primary_first,0.1,0.026101572156825372,48.0,0.0,0.0,0.0,0.99995624,0.0,0.0,98.35741291,93.74789458,0.06590231,0.13095773,0.0,0.0
poor_release,primary_first,0.1,0.026101572156825372,72.0,0.0,0.0,0.0,0.99990352,0.0,0.0,99.74013043,101.41067945,0.09131787,0.26822133,0.0,0.0
poor_release,primary_first,0.1,0.06812920690579614,24.0,0.0,0.0,0.0,0.9999887,0.0,0.0,184.00710573,126.22279251,0.04324941,0.05719273,0.0,0.0
poor_release,primary_first,0.1,0.06812920690579614,48.0,0.0,0.0,0.0,0.99989434,0.0,0.0,236.09867784,225.18715034,0.15865963,0.31587822,0.0,0.0
poor_release,primary_first,0.1,0.06812920690579614,72.0,0.0,1e-08,0.0,0.99976795,0.0,0.0,239.41343945,243.42537072,0.21933792,0.64542608,0.0,1e-08
poor_release,primary_first,0.1,0.1778279410038923,24.0,0.0,0.0,0.0,0.99997502,0.0,0.0,394.81635347,273.69031575,0.09481743,0.12567235,0.0,0.0
poor_release,primary_first,0.1,0.1778279410038923,48.0,0.0,0.0,0.0,0.99977229,0.0,0.0,501.4007964,479.09524151,0.33949696,0.67914885,0.0,0.0
poor_release,primary_first,0.1,0.1778279410038923,72.0,5e-08,7e-08,5e-08,0.9995046,3e-08,4e-08,508.21660498,516.80126989,0.46649756,1.37924823,0.0,1e-07
poor_release,primary_first,0.1,0.464158883361278,24.0,0.0,0.0,0.0,0.99995483,0.0,0.0,671.44018805,475.06747037,0.16836942,0.22426122,0.0,0.0
poor_release,primary_first,0.1,0.464158883361278,48.0,1e-08,2e-08,1e-08,0.99960875,1e-08,1e-08,835.71337752,801.98378596,0.57492942,1.16119888,0.0,2e-08
poor_release,primary_first,0.1,0.464158883361278,72.0,2.3e-07,3.4e-07,2.2e-07,0.99916476,1.2e-07,1.7e-07,843.80858343,859.04046414,0.77933185,2.32807825,0.0,4.9e-07
poor_release,primary_first,0.1,1.2115276586285888,24.0,0.0,0.0,0.0,0.99993927,0.0,0.0,836.15834426,605.98140277,0.22093595,0.29625416,0.0,0.0
poor_release,primary_first,0.1,1.2115276586285888,48.0,2e-08,4e-08,2e-08,0.99950747,2e-08,1e-08,992.8114313,965.43541715,0.70767594,1.45006498,0.0,5e-08
poor_release,primary_first,0.1,1.2115276586285888,72.0,4.2e-07,6.2e-07,4e-07,0.998983,2.2e-07,3.1e-07,981.38584816,1005.33960025,0.92755648,2.83237853,0.0,8.7e-07
poor_release,primary_first,0.1,3.1622776601683795,24.0,0.0,0.0,0.0,0.99993932,0.0,0.0,738.5553573,562.95720378,0.2142425,0.2896943,0.0,0.0
poor_release,primary_first,0.1,3.1622776601683795,48.0,1e-08,2e-08,1e-08,0.99955823,1e-08,1e-08,781.30747589,781.80588705,0.60390019,1.27673632,0.0,3e-08
poor_release,primary_first,0.1,3.1622776601683795,72.0,2.3e-07,3.2e-07,2.2e-07,0.99914957,1.1e-07,1.7e-07,748.54808989,773.92718146,0.73762292,2.36292142,0.0,4.5e-07
poor_release,primary_first,0.1,8.25404185268019,24.0,0.0,0.0,0.0,0.99995834,0.0,0.0,437.05696115,352.92765989,0.14158038,0.19354222,0.0,0.0
poor_release,primary_first,0.1,8.25404185268019,48.0,0.0,0.0,0.0,0.99973122,0.0,0.0,409.29121651,423.25541757,0.34722508,0.76145226,0.0,1e-08
poor_release,primary_first,0.1,8.25404185268019,72.0,4e-08,5e-08,3e-08,0.99952056,2e-08,3e-08,378.50229344,395.5288846,0.39191656,1.32989413,1e-08,6e-08
poor_release,primary_first,0.1,21.544346900318843,24.0,0.0,0.0,0.0,0.99997872,0.0,0.0,194.30606728,165.0343141,0.06970864,0.09633945,0.0,0.0
poor_release,primary_first,0.1,21.544346900318843,48.0,0.0,0.0,0.0,0.99987561,0.0,0.0,173.40759721,181.84065349,0.15446634,0.34802832,0.0,0.0
poor_release,primary_first,0.1,21.544346900318843,72.0,0.0,0.0,0.0,0.9997879,0.0,0.0,158.88824922,166.49340552,0.16777439,0.58918128,0.0,0.0
poor_release,primary_first,0.1,56.23413251903491,24.0,0.0,0.0,0.0,0.99999042,0.0,0.0,79.81451165,70.24645149,0.03068394,0.04268542,0.0,0.0
poor_release,primary_first,0.1,56.23413251903491,48.0,0.0,0.0,0.0,0.99994742,0.0,0.0,68.9562756,72.95452516,0.06353022,0.14589641,0.0,0.0
poor_release,primary_first,0.1,56.23413251903491,72.0,0.0,0.0,0.0,0.99991303,0.0,0.0,62.97161578,66.0591972,0.06727051,0.24195438,0.0,0.0
poor_release,primary_first,0.1,146.77992676220705,24.0,0.0,0.0,0.0,0.999996,0.0,0.0,31.40678742,28.23253879,0.0126149,0.01763316,0.0,0.0
poor_release,primary_first,0.1,146.77992676220705,48.0,0.0,0.0,0.0,0.99997889,0.0,0.0,26.78805432,28.45086665,0.02510397,0.05831273,0.0,0.0
poor_release,primary_first,0.1,146.77992676220705,72.0,0.0,0.0,0.0,0.99996566,0.0,0.0,24.4407236,25.64828663,0.02624868,0.09566388,0.0,0.0
poor_release,primary_first,0.1,383.1186849557293,24.0,0.0,0.0,0.0,0.9999984,0.0,0.0,12.16516909,11.05460021,0.00499999,0.007007,0.0,0.0
poor_release,primary_first,0.1,383.1186849557293,48.0,0.0,0.0,0.0,0.99999173,0.0,0.0,10.31838465,10.9784761,0.00975085,0.02278423,0.0,0.0
poor_release,primary_first,0.1,383.1186849557293,72.0,0.0,0.0,0.0,0.99998666,0.0,0.0,9.41069679,9.87723922,0.01013284,0.0371779,0.0,0.0
poor_release,primary_first,0.1,1000.0,24.0,0.0,0.0,0.0,0.99999937,0.0,0.0,4.68273821,4.27849645,0.00194732,0.00273253,0.0,0.0
poor_release,primary_first,0.1,1000.0,48.0,0.0,0.0,0.0,0.9999968,0.0,0.0,3.96148214,4.21854469,0.00375915,0.00881017,0.0,0.0
poor_release,primary_first,0.1,1000.0,72.0,0.0,0.0,0.0,0.99999486,0.0,0.0,3.6123624,3.79174547,0.00389451,0.01433748,0.0,0.0
poor_release,primary_first,3.0,0.01,24.0,0.0,0.0,0.0,0.99998815,0.0,0.0,112.83721284,90.26751393,0.03793965,0.05281799,0.0,0.0
poor_release,primary_first,3.0,0.01,48.0,0.0,0.0,0.0,0.99992706,0.0,0.0,130.7431056,127.46004891,0.09728952,0.20969677,0.0,0.0
poor_release,primary_first,3.0,0.01,72.0,0.0,0.0,0.0,0.99985956,0.0,0.0,132.20290622,134.49116161,0.12405012,0.39303839,0.0,0.0
poor_release,primary_first,3.0,0.026101572156825372,24.0,0.0,0.0,0.0,0.99996913,0.0,0.0,294.22014156,235.35650097,0.09888453,0.13764126,0.0,0.0
poor_release,primary_first,3.0,0.026101572156825372,48.0,0.0,0.0,0.0,0.99980994,0.0,0.0,340.74323827,332.23463514,0.2536233,0.54663086,0.0,0.0
poor_release,primary_first,3.0,0.026101572156825372,72.0,2e-08,3e-08,2e-08,0.99963421,1e-08,2e-08,344.43292525,350.43147727,0.32329172,1.02443036,0.0,5e-08
poor_release,primary_first,3.0,0.06812920690579614,24.0,0.0,0.0,0.0,0.99991987,0.0,0.0,765.87293274,612.55172301,0.25711209,0.35773614,0.0,0.0
poor_release,primary_first,3.0,0.06812920690579614,48.0,2e-08,4e-08,2e-08,0.99950612,2e-08,2e-08,885.82573793,864.03695067,0.65980497,1.42189159,0.0,6e-08
poor_release,primary_first,3.0,0.06812920690579614,72.0,4.1e-07,5.9e-07,3.9e-07,0.99905031,2e-07,3e-07,894.62098451,910.45734883,0.84040014,2.6638389,0.0,8.3e-07
poor_release,primary_first,3.0,0.1778279410038923,24.0,0.0,0.0,0.0,0.99979387,0.0,0.0,1984.35842826,1586.41881343,0.66413264,0.92302776,0.0,0.0
poor_release,primary_first,3.0,0.1778279410038923,48.0,3.6e-07,7.1e-07,3.5e-07,0.99872603,3.6e-07,3e-07,2286.98692519,2233.09109184,1.70676344,3.67689703,0.0,1.01e-06
poor_release,primary_first,3.0,0.1778279410038923,72.0,6.92e-06,9.95e-06,6.57e-06,0.99755273,3.37e-06,5.11e-06,2304.01062575,2346.62205329,2.16929948,6.88200406,0.0,1.412e-05
poor_release,primary_first,3.0,0.464158883361278,24.0,0.0,2e-08,0.0,0.99948373,1e-08,0.0,5070.39785551,4048.17434551,1.68207678,2.3306765,0.0,2e-08
poor_release,primary_first,3.0,0.464158883361278,48.0,5.8e-06,1.128e-05,5.51e-06,0.99678008,5.77e-06,4.8e-06,5781.85782676,5663.56942976,4.34023842,9.34209206,0.0,1.602e-05
poor_release,primary_first,3.0,0.464158883361278,72.0,0.00010852,0.00015545,0.00010311,0.99378617,5.233e-05,7.994e-05,5781.72603001,5902.52579813,5.4812271,17.43520444,1e-08,0.00022058
poor_release,primary_first,3.0,1.2115276586285888,24.0,4e-08,1.7e-07,4e-08,0.9988219,1.3e-07,4e-08,12291.3600127,9760.2974405,3.96064078,5.44060847,0.0,2.5e-07
poor_release,primary_first,3.0,1.2115276586285888,48.0,7.248e-05,0.00014089,6.887e-05,0.99239443,7.202e-05,6.005e-05,13489.87279128,13367.29038791,10.34480949,22.21924992,1e-08,0.00019989
poor_release,primary_first,3.0,1.2115276586285888,72.0,0.00129747,0.00183899,0.00123315,0.98474405,0.00060584,0.00095164,13147.48803669,13530.25565461,12.767973,41.0242897,2.6e-07,0.00260471
poor_release,primary_first,3.0,3.1622776601683795,24.0,1.3e-07,5.7e-07,1.3e-07,0.99820638,4.4e-07,1.2e-07,20869.70020247,16289.10547416,6.31524746,8.5656351,0.0,8e-07
poor_release,primary_first,3.0,3.1622776601683795,48.0,0.00026362,0.00050964,0.00025076,0.9876457,0.00025888,0.00021856,20829.43150931,21163.90134491,16.79392264,36.04617141,2.3e-07,0.00071693
poor_release,primary_first,3.0,3.1622776601683795,72.0,0.00424408,0.00591159,0.00404749,0.97413165,0.00186409,0.00309265,19637.763692,20405.3760138,19.78932837,64.99440643,1.92e-05,0.00815442
poor_release,primary_first,3.0,8.25404185268019,24.0,4e-08,1.6e-07,4e-08,0.9987195,1.3e-07,4e-08,13447.78581664,10868.49783535,4.3675346,5.97314472,0.0,2.2e-07
poor_release,primary_first,3.0,8.25404185268019,48.0,6.026e-05,0.00011684,5.816e-05,0.99185212,5.868e-05,5.054e-05,12460.29624377,12938.98185919,10.6607996,23.41517468,9.89e-06,0.00014771
poor_release,primary_first,3.0,8.25404185268019,72.0,0.00092441,0.00131372,0.00090097,0.98498018,0.00041275,0.00068703,11445.69496871,11985.80825745,11.93845495,40.70872367,0.00036816,0.00155471
poor_release,primary_first,3.0,21.544346900318843,24.0,0.0,2e-08,0.0,0.99935459,1e-08,0.0,5866.58739045,4995.6988775,2.11522944,2.92479101,0.0,2e-08
poor_release,primary_first,3.0,21.544346900318843,48.0,5.7e-06,1.109e-05,5.58e-06,0.99626911,5.51e-06,4.84e-06,5217.05483733,5476.11588558,4.66199875,10.51997805,5.95e-06,1.278e-05
poor_release,primary_first,3.0,21.544346900318843,72.0,8.223e-05,0.00011735,8.111e-05,0.99362697,3.624e-05,6.155e-05,4776.67810152,5006.5299492,5.05099082,17.77579995,8.084e-05,0.00012903
poor_release,primary_first,3.0,56.23413251903491,24.0,0.0,0.0,0.0,0.99971192,0.0,0.0,2397.21584407,2111.68065456,0.92330294,1.28474846,0.0,0.0
poor_release,primary_first,3.0,56.23413251903491,48.0,4.4e-07,8.5e-07,4.3e-07,0.9984255,4.2e-07,3.7e-07,2069.66025581,2190.10770669,1.90833737,4.38471029,6.2e-07,9.2e-07
poor_release,primary_first,3.0,56.23413251903491,72.0,5.92e-06,8.43e-06,5.88e-06,0.99739978,2.56e-06,4.44e-06,1889.83895199,1982.57331981,2.01945573,7.26790021,7.02e-06,8.87e-06
poor_release,primary_first,3.0,146.77992676220705,24.0,0.0,0.0,0.0,0.99987994,0.0,0.0,942.43026583,847.40696611,0.37877097,0.529495,0.0,0.0
poor_release,primary_first,3.0,146.77992676220705,48.0,3e-08,6e-08,3e-08,0.99936731,3e-08,2e-08,803.70594833,853.63798355,0.75335024,1.75020687,5e-08,6e-08
poor_release,primary_first,3.0,146.77992676220705,72.0,3.8e-07,5.3e-07,3.7e-07,0.9989719,1.6e-07,2.8e-07,733.26404732,769.4994139,0.78756816,2.87084208,4.9e-07,5.5e-07
poor_release,primary_first,3.0,383.1186849557293,24.0,0.0,0.0,0.0,0.99995204,0.0,0.0,364.98033451,331.69372407,0.15004471,0.21028056,0.0,0.0
poor_release,primary_first,3.0,383.1186849557293,48.0,0.0,0.0,0.0,0.99975208,0.0,0.0,309.5564775,329.36541376,0.29255411,0.68363609,0.0,0.0
poor_release,primary_first,3.0,383.1186849557293,72.0,2e-08,3e-08,2e-08,0.99960029,1e-08,2e-08,282.32346706,296.32066479,0.3039964,1.11545449,3e-08,3e-08
poor_release,primary_first,3.0,1000.0,24.0,0.0,0.0,0.0,0.99998124,0.0,0.0,140.48551658,128.36322321,0.05842684,0.08198721,0.0,0.0
poor_release,primary_first,3.0,1000.0,48.0,0.0,0.0,0.0,0.999904,0.0,0.0,118.84494687,126.55775103,0.11277866,0.26432171,0.0,0.0
poor_release,primary_first,3.0,1000.0,72.0,0.0,0.0,0.0,0.99984583,0.0,0.0,108.37103752,113.75265347,0.1168367,0.43014205,0.0,0.0
poor_release,primary_first,100.0,0.01,24.0,0.0,0.0,0.0,0.99998614,0.0,0.0,120.00959655,97.22137664,0.04237426,0.05989107,0.0,0.0
poor_release,primary_first,100.0,0.01,48.0,0.0,0.0,0.0,0.99992064,0.0,0.0,139.26110074,135.74721129,0.10423395,0.22734229,0.0,0.0
poor_release,primary_first,100.0,0.01,72.0,0.0,0.0,0.0,0.99984929,0.0,0.0,141.15687868,143.48623647,0.13237154,0.42274989,0.0,0.0
poor_release,primary_first,100.0,0.026101572156825372,24.0,0.0,0.0,0.0,0.99996383,0.0,0.0,313.05315458,253.64148945,0.11056092,0.15626711,0.0,0.0
poor_release,primary_first,100.0,0.026101572156825372,48.0,0.0,0.0,0.0,0.99979308,0.0,0.0,363.09281327,353.98398708,0.27186526,0.59302179,0.0,0.0
poor_release,primary_first,100.0,0.026101572156825372,72.0,3e-08,4e-08,3e-08,0.99960725,1e-08,2e-08,367.9184501,374.02755506,0.34512956,1.10247942,0.0,6e-08
poor_release,primary_first,100.0,0.06812920690579614,24.0,0.0,0.0,0.0,0.99990571,0.0,0.0,815.80551467,661.20969365,0.28828834,0.40748335,0.0,0.0
poor_release,primary_first,100.0,0.06812920690579614,48.0,3e-08,6e-08,3e-08,0.99946133,3e-08,2e-08,944.96597057,921.6265562,0.70822157,1.54528318,0.0,8e-08
poor_release,primary_first,100.0,0.06812920690579614,72.0,5.2e-07,7.4e-07,4.9e-07,0.99897899,2.5e-07,3.8e-07,956.71143707,972.85928033,0.89821387,2.87099761,0.0,1.06e-06
poor_release,primary_first,100.0,0.1778279410038923,24.0,0.0,0.0,0.0,0.99975464,0.0,0.0,2120.21188213,1720.04507997,0.75044417,1.0608306,0.0,0.0
poor_release,primary_first,100.0,0.1778279410038923,48.0,5e-07,9.7e-07,4.8e-07,0.99860359,4.9e-07,4.2e-07,2447.05613671,2389.23296139,1.83883126,4.01526184,0.0,1.37e-06
poor_release,primary_first,100.0,0.1778279410038923,72.0,8.95e-06,1.28e-05,8.51e-06,0.99735882,4.29e-06,6.58e-06,2471.65832178,2515.25061735,2.32597015,7.44705592,0.0,1.817e-05
poor_release,primary_first,100.0,0.464158883361278,24.0,1e-08,3e-08,1e-08,0.99936489,2e-08,1e-08,5467.31485582,4447.54369743,1.94417944,2.74912399,0.0,4e-08
poor_release,primary_first,100.0,0.464158883361278,48.0,8.48e-06,1.62e-05,8.05e-06,0.99641787,8.14e-06,6.99e-06,6242.83757547,6115.35893683,4.7281444,10.34764923,0.0,2.3e-05
poor_release,primary_first,100.0,0.464158883361278,72.0,0.00014592,0.00020745,0.00013865,0.99320372,6.88e-05,0.00010696,6261.12925257,6385.90115227,5.93375958,19.09322923,1e-08,0.00029444
poor_release,primary_first,100.0,1.2115276586285888,24.0,1.3e-07,5.1e-07,1.3e-07,0.99838168,3.8e-07,1.2e-07,13726.37921957,11272.42605575,4.96015805,7.02099765,0.0,7.2e-07
poor_release,primary_first,100.0,1.2115276586285888,48.0,0.00012867,0.00024302,0.00012225,0.99105184,0.00012077,0.00010585,15077.44371103,14947.39795724,11.74895356,25.91943826,1e-08,0.0003449
poor_release,primary_first,100.0,1.2115276586285888,72.0,0.00200983,0.00281178,0.00191001,0.98224014,0.00090177,0.00146126,14752.50854826,15164.13747808,14.33510009,46.9643849,2.5e-07,0.0039854
poor_release,primary_first,100.0,3.1622776601683795,24.0,1.78e-06,6.73e-06,1.69e-06,0.99612094,5.04e-06,1.61e-06,30112.38895248,25946.90700543,11.80438129,16.79773484,0.0,9.55e-06
poor_release,primary_first,100.0,3.1622776601683795,48.0,0.0012939,0.00234824,0.00123036,0.97970839,0.00111788,0.00105623,28842.9581551,29686.3314359,24.89017735,56.89095087,4.9e-07,0.00331266
poor_release,primary_first,100.0,3.1622776601683795,72.0,0.0149755,0.0200424,0.01426576,0.95489095,0.00577664,0.01061989,27087.27607364,28184.81551083,27.83571063,97.08358464,2.686e-05,0.02788164
poor_release,primary_first,100.0,8.25404185268019,24.0,8e-06,2.931e-05,7.65e-06,0.99309181,2.166e-05,7.25e-06,45257.75123577,41731.72943962,20.30190052,29.30153304,5e-08,3.967e-05
poor_release,primary_first,100.0,8.25404185268019,48.0,0.0037968,0.00677344,0.00368042,0.96677157,0.00309302,0.00313021,38701.34269757,41332.39544716,37.1002039,88.72825186,0.00036272,0.008246
poor_release,primary_first,100.0,8.25404185268019,72.0,0.03564687,0.04784721,0.03496826,0.92206439,0.01287895,0.02553616,34594.55630099,36551.10751247,37.96032398,142.49268605,0.01323626,0.05359498
poor_release,primary_first,100.0,21.544346900318843,24.0,1.137e-05,4.347e-05,1.133e-05,0.99158644,3.214e-05,1.074e-05,47885.20787863,47199.5775142,24.18435242,35.19497434,3.76e-05,4.401e-05
poor_release,primary_first,100.0,21.544346900318843,48.0,0.00506388,0.00921146,0.00507672,0.96210052,0.00413473,0.00430375,39250.42008838,42302.91298896,39.65408201,98.21242644,0.01003245,0.00903075
poor_release,primary_first,100.0,21.544346900318843,72.0,0.04376261,0.05917023,0.04388375,0.91101353,0.01528648,0.03170327,35540.73294204,37409.11848259,39.200123,153.09184551,0.06500231,0.05803758
poor_release,primary_first,100.0,56.23413251903491,24.0,1.002e-05,3.832e-05,9.9e-06,0.99191013,2.842e-05,9.38e-06,47768.69053192,46616.95370879,23.54295788,34.10374524,2.58e-05,4.144e-05
poor_release,primary_first,100.0,56.23413251903491,48.0,0.00478718,0.00870601,0.00477123,0.9628682,0.00393479,0.00405111,39369.0001045,42339.3247057,39.4015282,96.86326999,0.00797417,0.00889048
poor_release,primary_first,100.0,56.23413251903491,72.0,0.04249923,0.05744642,0.04244716,0.91262626,0.01499927,0.03075971,35755.96655291,37593.87704438,39.24002842,151.91116316,0.05588569,0.05788795
poor_release,primary_first,100.0,146.77992676220705,24.0,1.19e-06,4.86e-06,1.17e-06,0.99580713,3.69e-06,1.11e-06,31747.12227907,28992.34089321,13.21195818,18.56271297,3.09e-06,5.44e-06
poor_release,primary_first,100.0,146.77992676220705,48.0,0.00104481,0.00198264,0.00103779,0.97849564,0.00094485,0.00089178,26804.31705461,28559.23641733,25.46848218,59.73575989,0.00169463,0.00207697
poor_release,primary_first,100.0,146.77992676220705,72.0,0.01188953,0.01657727,0.01184638,0.95676258,0.00473089,0.00880018,24422.01456802,25641.72024144,26.35590734,97.13278167,0.01530291,0.01700106
poor_release,primary_first,100.0,383.1186849557293,24.0,7e-08,2.7e-07,7e-08,0.99838459,2.1e-07,6e-08,12198.20012868,11128.90357328,5.0603755,7.10170709,2.1e-07,2.9e-07
poor_release,primary_first,100.0,383.1186849557293,48.0,6.351e-05,0.000122,6.325e-05,0.99179403,5.875e-05,5.447e-05,10323.91609611,10992.26799483,9.78844077,22.92930771,0.00011096,0.00012544
poor_release,primary_first,100.0,383.1186849557293,72.0,0.00077359,0.00109183,0.00077188,0.98632497,0.00031995,0.00057721,9413.0394046,9880.78228545,10.14678499,37.33281421,0.0010382,0.00110877
poor_release,primary_first,100.0,1000.0,24.0,0.0,2e-08,0.0,0.9993724,1e-08,0.0,4686.87166223,4288.70762616,1.95601778,2.74627334,1e-08,2e-08
poor_release,primary_first,100.0,1000.0,48.0,3.76e-06,7.24e-06,3.75e-06,0.99681493,3.49e-06,3.23e-06,3962.05538283,4220.22177782,3.7642543,8.83055667,6.75e-06,7.38e-06
poor_release,primary_first,100.0,1000.0,72.0,4.647e-05,6.58e-05,4.64e-05,0.99487738,1.94e-05,3.475e-05,3612.54374198,3792.07645804,3.89627692,14.35896944,6.343e-05,6.651e-05
poor_release,secondary_first,0.1,0.01,24.0,0.0,0.0,0.0,0.99999879,0.0,0.0,26.9359705,16.91244959,0.00516684,0.00664435,0.0,0.0
poor_release,secondary_first,0.1,0.01,48.0,0.0,0.0,0.0,0.99998515,0.0,0.0,38.19680316,35.64120969,0.02384287,0.04552561,0.0,0.0
poor_release,secondary_first,0.1,0.01,72.0,0.0,0.0,0.0,0.99996443,0.0,0.0,39.68364933,40.05261435,0.03518974,0.09891894,0.0,0.0
poor_release,secondary_first,0.1,0.026101572156825372,24.0,0.0,0.0,0.0,0.99999691,0.0,0.0,68.25843999,42.97085573,0.01316596,0.01694093,0.0,0.0
poor_release,secondary_first,0.1,0.026101572156825372,48.0,0.0,0.0,0.0,0.99996235,0.0,0.0,96.51010339,90.09877501,0.06035756,0.11537334,0.0,0.0
poor_release,secondary_first,0.1,0.026101572156825372,72.0,0.0,0.0,0.0,0.99991002,0.0,0.0,100.23942494,101.17992987,0.0889396,0.25028652,0.0,0.0
poor_release,secondary_first,0.1,0.06812920690579614,24.0,0.0,0.0,0.0,0.99999237,0.0,0.0,165.17272416,104.68939127,0.03231606,0.04164509,0.0,0.0
poor_release,secondary_first,0.1,0.06812920690579614,48.0,0.0,0.0,0.0,0.99990872,0.0,0.0,231.75669783,216.65059674,0.14566485,0.27923331,0.0,0.0
poor_release,secondary_first,0.1,0.06812920690579614,72.0,0.0,1e-08,0.0,0.99978321,0.0,0.0,240.5242541,242.83857715,0.21374416,0.60324593,0.0,1e-08
poor_release,secondary_first,0.1,0.1778279410038923,24.0,0.0,0.0,0.0,0.99998262,0.0,0.0,357.8068623,230.5677561,0.07248186,0.09375674,0.0,0.0
poor_release,secondary_first,0.1,0.1778279410038923,48.0,0.0,0.0,0.0,0.99980125,0.0,0.0,492.79278503,462.24596728,0.31360548,0.60541709,0.0,0.0
poor_release,secondary_first,0.1,0.1778279410038923,72.0,4e-08,6e-08,3e-08,0.99953512,2e-08,3e-08,510.19655065,515.48155274,0.45532235,1.29448191,0.0,8e-08
poor_release,secondary_first,0.1,0.464158883361278,24.0,0.0,0.0,0.0,0.99996661,0.0,0.0,621.2179856,413.4710202,0.13488854,0.17586912,0.0,0.0
poor_release,secondary_first,0.1,0.464158883361278,48.0,1e-08,1e-08,1e-08,0.99965057,1e-08,0.0,825.03403954,779.87437047,0.53891238,1.0553602,0.0,2e-08
poor_release,secondary_first,0.1,0.464158883361278,72.0,1.9e-07,2.8e-07,1.8e-07,0.99920743,1.1e-07,1.4e-07,846.73964761,857.76276785,0.7644848,2.2083111,0.0,4e-07
poor_release,secondary_first,0.1,1.2115276586285888,24.0,0.0,0.0,0.0,0.9999505,0.0,0.0,805.15007117,558.16381193,0.19131554,0.25232235,0.0,0.0
poor_release,secondary_first,0.1,1.2115276586285888,48.0,1e-08,3e-08,1e-08,0.99953976,2e-08,1e-08,994.58972033,958.64148886,0.68502923,1.37154499,0.0,4e-08
poor_release,secondary_first,0.1,1.2115276586285888,72.0,3.8e-07,5.6e-07,3.6e-07,0.99900948,2e-07,2.8e-07,987.91234703,1010.630373,0.92353707,2.75515118,0.0,7.9e-07
poor_release,secondary_first,0.1,3.1622776601683795,24.0,0.0,0.0,0.0,0.99994283,0.0,0.0,775.88855476,577.21268348,0.21061861,0.28138677,0.0,0.0
poor_release,secondary_first,0.1,3.1622776601683795,48.0,1e-08,3e-08,1e-08,0.99955018,1e-08,1e-08,800.28855477,805.91939495,0.62258883,1.30393753,0.0,4e-08
poor_release,secondary_first,0.1,3.1622776601683795,72.0,2.6e-07,3.6e-07,2.4e-07,0.99912853,1.2e-07,1.9e-07,757.12943203,786.01916377,0.75457298,2.41467843,0.0,5.1e-07
poor_release,secondary_first,0.1,8.25404185268019,24.0,0.0,0.0,0.0,0.99994961,0.0,0.0,491.26053541,411.64789418,0.16972617,0.23256598,0.0,0.0
poor_release,secondary_first,0.1,8.25404185268019,48.0,0.0,1e-08,0.0,0.99969224,0.0,0.0,427.01959518,451.47430416,0.38496762,0.86235028,0.0,1e-08
poor_release,secondary_first,0.1,8.25404185268019,72.0,5e-08,7e-08,5e-08,0.9994752,2e-08,4e-08,384.42538144,405.35100426,0.41300313,1.4550785,1e-08,9e-08
poor_release,secondary_first,0.1,21.544346900318843,24.0,0.0,0.0,0.0,0.9999682,0.0,0.0,221.49908984,208.19668465,0.09724408,0.13726779,0.0,0.0
poor_release,secondary_first,0.1,21.544346900318843,48.0,0.0,0.0,0.0,0.99984498,0.0,0.0,180.63516524,194.65263923,0.17782497,0.42399774,0.0,0.0
poor_release,secondary_first,0.1,21.544346900318843,72.0,1e-08,1e-08,1e-08,0.99975815,0.0,0.0,161.45678307,170.68079041,0.17864491,0.67571294,0.0,1e-08
poor_release,secondary_first,0.1,56.23413251903491,24.0,0.0,0.0,0.0,0.99998429,0.0,0.0,89.71613168,88.77065331,0.04480157,0.06472093,0.0,0.0
poor_release,secondary_first,0.1,56.23413251903491,48.0,0.0,0.0,0.0,0.99993271,0.0,0.0,71.7325289,77.89533692,0.0736185,0.18204933,0.0,0.0
poor_release,secondary_first,0.1,56.23413251903491,72.0,0.0,0.0,0.0,0.99989961,0.0,0.0,64.04916831,67.74170086,0.07176161,0.28222182,0.0,0.0
poor_release,secondary_first,0.1,146.77992676220705,24.0,0.0,0.0,0.0,0.99999297,0.0,0.0,35.09695776,35.92404746,0.01912064,0.02808316,0.0,0.0
poor_release,secondary_first,0.1,146.77992676220705,48.0,0.0,0.0,0.0,0.99997232,0.0,0.0,27.85783083,30.36829662,0.02933308,0.0744076,0.0,0.0
poor_release,secondary_first,0.1,146.77992676220705,72.0,0.0,0.0,0.0,0.99995987,0.0,0.0,24.87207536,26.31039511,0.02807309,0.11335914,0.0,0.0
poor_release,secondary_first,0.1,383.1186849557293,24.0,0.0,0.0,0.0,0.99999681,0.0,0.0,13.60345385,14.48864231,0.00821751,0.01230388,0.0,0.0
poor_release,secondary_first,0.1,383.1186849557293,48.0,0.0,0.0,0.0,0.99998858,0.0,0.0,10.73289264,11.74893061,0.01164824,0.03048022,0.0,0.0
poor_release,secondary_first,0.1,383.1186849557293,72.0,0.0,0.0,0.0,0.99998399,0.0,0.0,9.57922797,10.13636004,0.01090983,0.04550718,0.0,0.0
poor_release,secondary_first,0.1,1000.0,24.0,0.0,0.0,0.0,0.9999984,0.0,0.0,5.28391641,6.05532037,0.00382028,0.00589209,0.0,0.0
poor_release,secondary_first,0.1,1000.0,48.0,0.0,0.0,0.0,0.99999502,0.0,0.0,4.12490781,4.55158627,0.00474227,0.01312303,0.0,0.0
poor_release,secondary_first,0.1,1000.0,72.0,0.0,0.0,0.0,0.99999343,0.0,0.0,3.67775458,3.89456707,0.0042644,0.01891265,0.0,0.0
poor_release,secondary_first,3.0,0.01,24.0,0.0,0.0,0.0,0.99999354,0.0,0.0,96.18039232,67.60474603,0.02398985,0.03198016,0.0,0.0
poor_release,secondary_first,3.0,0.01,48.0,0.0,0.0,0.0,0.99994343,0.0,0.0,126.73245558,119.70930513,0.08413295,0.16865789,0.0,0.0
poor_release,secondary_first,3.0,0.01,72.0,0.0,0.0,0.0,0.99987579,0.0,0.0,132.45112738,133.38127526,0.11837965,0.34660371,0.0,0.0
poor_release,secondary_first,3.0,0.026101572156825372,24.0,0.0,0.0,0.0,0.99998315,0.0,0.0,250.86344771,176.35135841,0.06258171,0.08342546,0.0,0.0
poor_release,secondary_first,3.0,0.026101572156825372,48.0,0.0,0.0,0.0,0.9998525,0.0,0.0,330.35150044,312.09920722,0.21939537,0.43985362,0.0,0.0
poor_release,secondary_first,3.0,0.026101572156825372,72.0,1e-08,2e-08,1e-08,0.99967636,1e-08,1e-08,345.11397027,347.58329613,0.30856877,0.90366836,0.0,3e-08
poor_release,secondary_first,3.0,0.06812920690579614,24.0,0.0,0.0,0.0,0.99995611,0.0,0.0,653.53583726,459.55989647,0.16310274,0.21742375,0.0,0.0
poor_release,secondary_first,3.0,0.06812920690579614,48.0,1e-08,2e-08,1e-08,0.99961611,1e-08,1e-08,859.23149318,812.13772607,0.57124308,1.14553393,0.0,2e-08
poor_release,secondary_first,3.0,0.06812920690579614,72.0,2.4e-07,3.6e-07,2.3e-07,0.999159,1.3e-07,1.8e-07,896.62757844,903.3602752,0.80250899,2.35166362,0.0,5.1e-07
poor_release,secondary_first,3.0,0.1778279410038923,24.0,0.0,0.0,0.0,0.99988595,0.0,0.0,1696.98760079,1194.26649527,0.42398806,0.56517606,0.0,0.0
poor_release,secondary_first,3.0,0.1778279410038923,48.0,1.4e-07,3e-07,1.4e-07,0.99900565,1.6e-07,1.2e-07,2221.31465601,2102.2633248,1.48108006,2.97203291,0.0,4.3e-07
poor_release,secondary_first,3.0,0.1778279410038923,72.0,4.13e-06,6.21e-06,3.92e-06,0.99782871,2.29e-06,3.12e-06,2310.86359353,2330.47785055,2.07419237,6.08848522,0.0,8.82e-06
poor_release,secondary_first,3.0,0.464158883361278,24.0,0.0,0.0,0.0,0.99970622,0.0,0.0,4363.65479526,3077.88939224,1.09356906,1.45756194,0.0,0.0
poor_release,secondary_first,3.0,0.464158883361278,48.0,2.4e-06,5e-06,2.28e-06,0.99745836,2.72e-06,2.02e-06,5638.32711961,5356.60566573,3.79173066,7.62331359,0.0,7.1e-06
poor_release,secondary_first,3.0,0.464158883361278,72.0,6.676e-05,9.989e-05,6.343e-05,0.99447021,3.646e-05,5.034e-05,5811.46165468,5877.99094315,5.26114213,15.52096648,0.0,0.00014182
poor_release,secondary_first,3.0,1.2115276586285888,24.0,1e-08,4e-08,1e-08,0.99926786,3e-08,1e-08,10816.16408867,7682.91375862,2.73523136,3.64412996,0.0,6e-08
poor_release,secondary_first,3.0,1.2115276586285888,48.0,3.498e-05,7.208e-05,3.323e-05,0.9937819,3.884e-05,2.933e-05,13340.14803489,12852.42533651,9.25230084,18.72417317,0.0,0.00010235
poor_release,secondary_first,3.0,1.2115276586285888,72.0,0.0008811,0.00129718,0.00083727,0.98632718,0.00045991,0.00065988,13304.1051355,13596.13331279,12.41980211,37.30496406,8e-08,0.0018397
poor_release,secondary_first,3.0,3.1622776601683795,24.0,7e-08,3.2e-07,7e-08,0.99852259,2.5e-07,6e-08,20719.82418967,15244.38897553,5.51424861,7.35542415,0.0,4.5e-07
poor_release,secondary_first,3.0,3.1622776601683795,48.0,0.00022494,0.00044685,0.00021379,0.98830703,0.00023306,0.00018749,21215.17780183,21460.78426475,16.58141783,34.61901241,4e-08,0.00063257
poor_release,secondary_first,3.0,3.1622776601683795,72.0,0.00414835,0.00583693,0.00394904,0.97450378,0.00188789,0.00304261,19922.53676632,20725.02981964,19.9875238,64.03141727,6.79e-06,0.00815946
poor_release,secondary_first,3.0,8.25404185268019,24.0,8e-08,3.3e-07,8e-08,0.99848312,2.6e-07,7e-08,15026.56501562,12581.09594836,5.16984423,7.07282922,0.0,4.7e-07
poor_release,secondary_first,3.0,8.25404185268019,48.0,0.00010327,0.00019351,9.881e-05,0.99073546,9.47e-05,8.542e-05,13047.30325667,13837.63735817,11.79652665,26.37825757,3.7e-06,0.00025978
poor_release,secondary_first,3.0,8.25404185268019,72.0,0.00134884,0.00186143,0.00130419,0.98333292,0.00055724,0.00098152,11644.65577191,12310.8575398,12.60234236,44.46051337,0.00027696,0.00232164
poor_release,secondary_first,3.0,21.544346900318843,24.0,2e-08,7e-08,2e-08,0.99903761,5e-08,2e-08,6702.27636796,6321.26886468,2.95510288,4.17048612,0.0,9e-08
poor_release,secondary_first,3.0,21.544346900318843,48.0,1.311e-05,2.417e-05,1.276e-05,0.99534713,1.14e-05,1.094e-05,5437.22493597,5867.56133241,5.37673779,12.83998432,7.24e-06,2.885e-05
poor_release,secondary_first,3.0,21.544346900318843,72.0,0.00014366,0.00019721,0.00014116,0.992692,5.606e-05,0.00010464,4854.92281136,5134.14986263,5.38313422,20.41807585,0.00010343,0.00022164
poor_release,secondary_first,3.0,56.23413251903491,24.0,0.0,1e-08,0.0,0.99952742,1e-08,0.0,2694.93576943,2670.24433098,1.34936802,1.94973913,0.0,1e-08
poor_release,secondary_first,3.0,56.23413251903491,48.0,1.11e-06,2.03e-06,1.1e-06,0.9979855,9.4e-07,9.3e-07,2153.085719,2338.68852347,2.21230396,5.47482722,1.19e-06,2.24e-06
poor_release,secondary_first,3.0,56.23413251903491,72.0,1.097e-05,1.5e-05,1.087e-05,0.99699646,4.12e-06,7.98e-06,1922.23023552,2033.14883379,2.15464134,8.48171587,1.112e-05,1.594e-05
poor_release,secondary_first,3.0,146.77992676220705,24.0,0.0,0.0,0.0,0.99978907,0.0,0.0,1053.10492724,1078.27732163,0.57413839,0.84333142,0.0,0.0
poor_release,secondary_first,3.0,146.77992676220705,48.0,8e-08,1.5e-07,8e-08,0.99917072,7e-08,7e-08,835.79978752,911.16339064,0.88028809,2.23343281,1e-07,1.6e-07
poor_release,secondary_first,3.0,146.77992676220705,72.0,7.4e-07,1e-06,7.4e-07,0.99879891,2.7e-07,5.4e-07,746.20788319,789.36593455,0.8423185,3.40208368,8.2e-07,1.04e-06
poor_release,secondary_first,3.0,383.1186849557293,24.0,0.0,0.0,0.0,0.99990448,0.0,0.0,408.10711265,434.66087227,0.24652433,0.36911338,0.0,0.0
poor_release,secondary_first,3.0,383.1186849557293,48.0,1e-08,1e-08,1e-08,0.99965761,0.0,1e-08,321.98978471,352.4710428,0.3494492,0.91440745,1e-08,1e-08
poor_release,secondary_first,3.0,383.1186849557293,72.0,5e-08,7e-08,5e-08,0.99952041,2e-08,4e-08,287.37944125,304.09358656,0.32729765,1.36522024,5e-08,7e-08
poor_release,secondary_first,3.0,1000.0,24.0,0.0,0.0,0.0,0.99995199,0.0,0.0,158.51213376,181.62510012,0.11456627,0.17669049,0.0,0.0
poor_release,secondary_first,3.0,1000.0,48.0,0.0,0.0,0.0,0.99985076,0.0,0.0,123.74689467,136.54448279,0.14225001,0.39360051,0.0,0.0
poor_release,secondary_first,3.0,1000.0,72.0,0.0,1e-08,0.0,0.99980297,0.0,0.0,110.33274695,116.83687309,0.12792691,0.56728742,0.0,1e-08
poor_release,secondary_first,100.0,0.01,24.0,0.0,0.0,0.0,0.9999933,0.0,0.0,101.12272747,70.56745909,0.02490181,0.03319464,0.0,0.0
poor_release,secondary_first,100.0,0.01,48.0,0.0,0.0,0.0,0.99994066,0.0,0.0,134.62080864,126.83975281,0.0887036,0.17726705,0.0,0.0
poor_release,secondary_first,100.0,0.01,72.0,0.0,0.0,0.0,0.99986874,0.0,0.0,141.30483883,142.09940898,0.12569906,0.36639317,0.0,0.0
poor_release,secondary_first,100.0,0.026101572156825372,24.0,0.0,0.0,0.0,0.99998252,0.0,0.0,263.84692236,184.14395866,0.06498618,0.08662908,0.0,0.0
poor_release,secondary_first,100.0,0.026101572156825372,48.0,0.0,0.0,0.0,0.99984524,0.0,0.0,351.05432553,330.81672751,0.23140007,0.46247863,0.0,0.0
poor_release,secondary_first,100.0,0.026101572156825372,72.0,2e-08,2e-08,2e-08,0.99965788,1e-08,1e-08,368.34063786,370.45730958,0.32777872,0.95563381,0.0,3e-08
poor_release,secondary_first,100.0,0.06812920690579614,24.0,0.0,0.0,0.0,0.99995439,0.0,0.0,687.99907476,480.31545792,0.16954521,0.22601819,0.0,0.0
poor_release,secondary_first,100.0,0.06812920690579614,48.0,1e-08,2e-08,1e-08,0.99959683,1e-08,1e-08,914.04984293,861.72836187,0.60309671,1.20565519,0.0,3e-08
poor_release,secondary_first,100.0,0.06812920690579614,72.0,2.8e-07,4.3e-07,2.7e-07,0.99911015,1.6e-07,2.1e-07,958.06256013,963.88371725,0.85337843,2.48946242,0.0,6.1e-07
poor_release,secondary_first,100.0,0.1778279410038923,24.0,0.0,0.0,0.0,0.9998811,0.0,0.0,1791.04115481,1251.41196828,0.44199482,0.58927138,0.0,0.0
poor_release,secondary_first,100.0,0.1778279410038923,48.0,1.7e-07,3.5e-07,1.6e-07,0.99895299,1.9e-07,1.4e-07,2369.95615296,2236.9324904,1.56792054,3.13656655,0.0,5e-07
poor_release,secondary_first,100.0,0.1778279410038923,72.0,4.91e-06,7.41e-06,4.67e-06,0.99769641,2.74e-06,3.72e-06,2476.95828571,2494.26352109,2.21214481,6.46354779,0.0,1.053e-05
poor_release,secondary_first,100.0,0.464158883361278,24.0,0.0,0.0,0.0,0.9996907,0.0,0.0,4640.77101498,3250.07079697,1.1498108,1.53333211,0.0,0.0
poor_release,secondary_first,100.0,0.464158883361278,48.0,2.87e-06,5.99e-06,2.73e-06,0.99730274,3.26e-06,2.41e-06,6068.72866243,5748.18864086,4.04685629,8.11140496,0.0,8.51e-06
poor_release,secondary_first,100.0,0.464158883361278,72.0,8.141e-05,0.00012212,7.734e-05,0.99408102,4.477e-05,6.145e-05,6288.30934558,6349.5223542,5.66071908,16.61786139,0.0,0.0001734
poor_release,secondary_first,100.0,1.2115276586285888,24.0,1e-08,5e-08,1e-08,0.99920026,4e-08,1e-08,11843.83654705,8357.0280415,2.97185102,3.96622748,0.0,7e-08
poor_release,secondary_first,100.0,1.2115276586285888,48.0,4.597e-05,9.49e-05,4.367e-05,0.99319671,5.123e-05,3.855e-05,14854.19822153,14248.9745048,10.18867607,20.55846197,0.0,0.00013479
poor_release,secondary_first,100.0,1.2115276586285888,72.0,0.00117818,0.0017388,0.0011195,0.984768,0.00061931,0.00088333,14925.06965404,15217.21286279,13.82352773,41.2682562,7e-08,0.00246711
poor_release,secondary_first,100.0,3.1622776601683795,24.0,1.9e-07,8.5e-07,1.8e-07,0.99797451,6.7e-07,1.8e-07,28141.3452592,20576.41069992,7.48379653,10.01990518,0.0,1.21e-06
poor_release,secondary_first,100.0,3.1622776601683795,48.0,0.00056787,0.00112687,0.00053963,0.98403528,0.00058725,0.00047312,29405.50946327,29659.21159434,22.7474495,47.3637884,4e-08,0.00159766
poor_release,secondary_first,100.0,3.1622776601683795,72.0,0.01036958,0.01453622,0.0098645,0.96150354,0.00467172,0.00759152,27624.67794057,28725.37926079,27.62997422,88.09214792,6.62e-06,0.02043041
poor_release,secondary_first,100.0,8.25404185268019,24.0,2.31e-06,9.61e-06,2.19e-06,0.99542413,7.42e-06,2.09e-06,45916.52309616,38805.46515179,15.91937925,21.74023783,0.0,1.364e-05
poor_release,secondary_first,100.0,8.25404185268019,48.0,0.00274923,0.00505459,0.00262623,0.97072976,0.00242835,0.00226241,40732.52344054,43079.57332881,36.48728287,81.38647719,2.669e-05,0.00685715
poor_release,secondary_first,100.0,8.25404185268019,72.0,0.03156169,0.0426854,0.03052617,0.92722376,0.01215923,0.0226922,35664.34294462,37941.23813709,39.04866555,137.51921715,0.00456116,0.05279376
poor_release,secondary_first,100.0,21.544346900318843,24.0,9.26e-06,3.552e-05,8.85e-06,0.99241281,2.667e-05,8.41e-06,53212.24689495,51392.03815554,24.03836647,33.85397974,2.7e-07,4.81e-05
poor_release,secondary_first,100.0,21.544346900318843,48.0,0.005483,0.0098705,0.00535793,0.96081814,0.00451257,0.00456396,41043.85296809,44852.91183171,42.18029722,101.93404538,0.00338752,0.01139249
poor_release,secondary_first,100.0,21.544346900318843,72.0,0.04930425,0.06589985,0.04875268,0.90450808,0.01714717,0.03536356,36340.15951959,38547.93500913,41.02951105,159.24049707,0.04336074,0.07056732
poor_release,secondary_first,100.0,56.23413251903491,24.0,1.705e-05,6.391e-05,1.661e-05,0.99050491,4.73e-05,1.574e-05,52066.29297271,53271.11386744,27.64638083,40.09259454,1.738e-05,7.55e-05
poor_release,secondary_first,100.0,56.23413251903491,48.0,0.00711642,0.01264763,0.00705215,0.95685915,0.00559547,0.00596218,40932.22331392,44720.96278753,43.17446879,108.56986233,0.00913648,0.01336764
poor_release,secondary_first,100.0,56.23413251903491,72.0,0.05659699,0.07503218,0.05637191,0.8960116,0.01866027,0.04033525,36447.15285068,38591.75657982,41.254859,165.80422796,0.06573825,0.07686007
poor_release,secondary_first,100.0,146.77992676220705,24.0,7.38e-06,2.724e-05,7.26e-06,0.99290203,1.999e-05,6.86e-06,35224.98169882,36453.30245142,19.63994878,28.91596972,1.412e-05,3.029e-05
poor_release,secondary_first,100.0,146.77992676220705,48.0,0.0027021,0.00479839,0.00268434,0.97123817,0.00211405,0.00226575,27856.02918115,30415.52523015,29.58391583,75.53101703,0.00384481,0.00500481
poor_release,secondary_first,100.0,146.77992676220705,72.0,0.02178002,0.02906348,0.02170338,0.9427386,0.0073601,0.01557343,24855.8171132,26300.02827635,28.13829416,114.49512871,0.02596366,0.02973011
poor_release,secondary_first,100.0,383.1186849557293,24.0,6.9e-07,2.46e-06,6.7e-07,0.99685945,1.79e-06,6.4e-07,13604.24186595,14476.14348858,8.19898509,12.27053046,1.13e-06,2.73e-06
poor_release,secondary_first,100.0,383.1186849557293,48.0,0.00021187,0.00037278,0.00021015,0.98872716,0.00016263,0.00017688,10735.47712807,11750.47648349,11.64250007,30.44293075,0.00026652,0.00039246
poor_release,secondary_first,100.0,383.1186849557293,72.0,0.00167798,0.00223807,0.00166961,0.98304556,0.00056846,0.001197,9581.57025601,10138.78343484,10.91012574,45.47297427,0.00183915,0.00231011
poor_release,secondary_first,100.0,1000.0,24.0,9e-08,3.3e-07,9e-08,0.9984366,2.3e-07,9e-08,5276.72569224,6011.11823438,3.76556295,5.79785164,1.3e-07,3.5e-07
poor_release,secondary_first,100.0,1000.0,48.0,2.006e-05,3.427e-05,1.993e-05,0.99511619,1.434e-05,1.661e-05,4124.43698634,4547.59944641,4.71889641,13.00542549,2.15e-05,3.55e-05
poor_release,secondary_first,100.0,1000.0,72.0,0.00013696,0.00017933,0.00013636,0.99344669,4.297e-05,9.604e-05,3677.8646627,3894.35941412,4.2577777,18.79308723,0.00013372,0.00018353
poor_release,precomplexed,0.1,0.01,24.0,0.0,0.0,0.0,0.9999958,0.0,0.0,32.50121493,25.71092233,0.01158939,0.01701887,0.0,0.0
poor_release,precomplexed,0.1,0.01,48.0,0.0,0.0,0.0,0.99997816,0.0,0.0,39.10549853,37.84710134,0.02865019,0.06282559,0.0,0.0
poor_release,precomplexed,0.1,0.01,72.0,0.0,0.0,0.0,0.99995821,0.0,0.0,39.52912098,40.24151428,0.03696913,0.11758202,0.0,0.0
poor_release,precomplexed,0.1,0.026101572156825372,24.0,0.0,0.0,0.0,0.99998936,0.0,0.0,82.16075501,65.01543657,0.02931658,0.04305534,0.0,0.0
poor_release,precomplexed,0.1,0.026101572156825372,48.0,0.0,0.0,0.0,0.99994478,0.0,0.0,98.79062961,95.6291358,0.07241528,0.15883361,0.0,0.0
poor_release,precomplexed,0.1,0.026101572156825372,72.0,0.0,0.0,0.0,0.99989442,0.0,0.0,99.83304179,101.64057876,0.09339712,0.29715769,0.0,0.0
poor_release,precomplexed,0.1,0.06812920690579614,24.0,0.0,0.0,0.0,0.99997436,0.0,0.0,197.56276107,156.46699844,0.07062175,0.10374558,0.0,0.0
poor_release,precomplexed,0.1,0.06812920690579614,48.0,0.0,0.0,0.0,0.99986719,0.0,0.0,237.12956154,229.65330855,0.17406145,0.38202921,0.0,0.0
poor_release,precomplexed,0.1,0.06812920690579614,72.0,1e-08,1e-08,1e-08,0.99974643,0.0,1e-08,239.45923745,243.84577234,0.22420856,0.71402307,0.0,2e-08
poor_release,precomplexed,0.1,0.1778279410038923,24.0,0.0,0.0,0.0,0.99994488,0.0,0.0,421.68010502,334.74554286,0.15148811,0.22270595,0.0,0.0
poor_release,precomplexed,0.1,0.1778279410038923,48.0,0.0,1e-08,0.0,0.99971625,0.0,0.0,503.61611592,488.40824033,0.37111312,0.81598437,0.0,1e-08
poor_release,precomplexed,0.1,0.1778279410038923,72.0,7e-08,1.1e-07,7e-08,0.99946034,4e-08,5e-08,507.57294241,517.16025445,0.47633097,1.52091104,0.0,1.5e-07
poor_release,precomplexed,0.1,0.464158883361278,24.0,0.0,0.0,0.0,0.99990492,0.0,0.0,714.45473145,570.72561179,0.26002719,0.3829739,0.0,0.0
poor_release,precomplexed,0.1,0.464158883361278,48.0,2e-08,4e-08,2e-08,0.99951774,2e-08,2e-08,840.3685785,818.51088544,0.62656343,1.38452467,0.0,6e-08
poor_release,precomplexed,0.1,0.464158883361278,72.0,3.6e-07,5.1e-07,3.4e-07,0.99909251,1.7e-07,2.6e-07,841.3516976,858.91211451,0.79549551,2.55981808,0.0,7.2e-07
poor_release,precomplexed,0.1,1.2115276586285888,24.0,0.0,0.0,0.0,0.99987495,0.0,0.0,898.63070768,730.42403444,0.33822756,0.50013954,0.0,0.0
poor_release,precomplexed,0.1,1.2115276586285888,48.0,4e-08,8e-08,4e-08,0.99938867,4e-08,4e-08,1001.73207817,991.03650854,0.7775171,1.74339923,0.0,1.2e-07
poor_release,precomplexed,0.1,1.2115276586285888,72.0,6.7e-07,9.3e-07,6.3e-07,0.99888638,3e-07,4.8e-07,978.01190987,1005.91115524,0.95071688,3.13989428,0.0,1.32e-06
poor_release,precomplexed,0.1,3.1622776601683795,24.0,0.0,0.0,0.0,0.99986856,0.0,0.0,805.55654953,699.45007219,0.34312774,0.51388551,0.0,0.0
poor_release,precomplexed,0.1,3.1622776601683795,48.0,4e-08,6e-08,3e-08,0.99942813,3e-08,3e-08,790.90936768,808.9770985,0.6796932,1.59752794,0.0,9e-08
poor_release,precomplexed,0.1,3.1622776601683795,72.0,4.1e-07,5.6e-07,3.9e-07,0.99904405,1.6e-07,2.9e-07,746.31306414,775.57602186,0.76308624,2.69944943,0.0,7.7e-07
poor_release,precomplexed,0.1,8.25404185268019,24.0,0.0,0.0,0.0,0.99989597,0.0,0.0,477.73134232,453.77809696,0.24886352,0.38536096,0.0,0.0
poor_release,precomplexed,0.1,8.25404185268019,48.0,1e-08,2e-08,1e-08,0.99962626,1e-08,1e-08,413.88972902,439.41486372,0.40299093,1.01896507,0.0,2e-08
poor_release,precomplexed,0.1,8.25404185268019,72.0,8e-08,1e-07,8e-08,0.9994393,3e-08,6e-08,377.37103638,396.36659474,0.40945615,1.59623654,2e-08,1.3e-07
poor_release,precomplexed,0.1,21.544346900318843,24.0,0.0,0.0,0.0,0.99994045,0.0,0.0,207.61351924,212.41427641,0.13002591,0.20909325,0.0,0.0
poor_release,precomplexed,0.1,21.544346900318843,48.0,0.0,0.0,0.0,0.99981834,0.0,0.0,174.42622716,187.39161053,0.1812971,0.48834736,0.0,0.0
poor_release,precomplexed,0.1,21.544346900318843,72.0,1e-08,1e-08,1e-08,0.99974597,0.0,1e-08,158.54403855,166.69500724,0.17558401,0.73227789,1e-08,1e-08
poor_release,precomplexed,0.1,56.23413251903491,24.0,0.0,0.0,0.0,0.99997267,0.0,0.0,83.24616722,87.56681569,0.05658973,0.09318482,0.0,0.0
poor_release,precomplexed,0.1,56.23413251903491,48.0,0.0,0.0,0.0,0.99992305,0.0,0.0,69.19885585,74.65338814,0.07395073,0.20582175,0.0,0.0
poor_release,precomplexed,0.1,56.23413251903491,72.0,0.0,0.0,0.0,0.99989578,0.0,0.0,62.91528596,66.14762801,0.07021431,0.30272494,0.0,0.0
poor_release,precomplexed,0.1,146.77992676220705,24.0,0.0,0.0,0.0,0.99998869,0.0,0.0,32.40761316,34.49616086,0.02285104,0.03805505,0.0,0.0
poor_release,precomplexed,0.1,146.77992676220705,48.0,0.0,0.0,0.0,0.99996927,0.0,0.0,26.86415657,29.02099863,0.02903685,0.08204445,0.0,0.0
poor_release,precomplexed,0.1,146.77992676220705,72.0,0.0,0.0,0.0,0.99995895,0.0,0.0,24.43522206,25.68795971,0.02734936,0.11968433,0.0,0.0
poor_release,precomplexed,0.1,383.1186849557293,24.0,0.0,0.0,0.0,0.99999553,0.0,0.0,12.48930271,13.35575188,0.0089362,0.01495038,0.0,0.0
poor_release,precomplexed,0.1,383.1186849557293,48.0,0.0,0.0,0.0,0.99998803,0.0,0.0,10.34442229,11.1801664,0.01123026,0.03192584,0.0,0.0
poor_release,precomplexed,0.1,383.1186849557293,72.0,0.0,0.0,0.0,0.9999841,0.0,0.0,9.41112308,9.89307563,0.01054495,0.04642261,0.0,0.0
poor_release,precomplexed,0.1,1000.0,24.0,0.0,0.0,0.0,0.99999827,0.0,0.0,4.79544609,5.13702005,0.00344972,0.00578068,0.0,0.0
poor_release,precomplexed,0.1,1000.0,48.0,0.0,0.0,0.0,0.99999539,0.0,0.0,3.97079476,4.29231091,0.00431778,0.012302,0.0,0.0
poor_release,precomplexed,0.1,1000.0,72.0,0.0,0.0,0.0,0.99999388,0.0,0.0,3.61288923,3.79781052,0.00404972,0.01786715,0.0,0.0
poor_release,precomplexed,3.0,0.01,24.0,0.0,0.0,0.0,0.99998563,0.0,0.0,107.38990368,85.65464437,0.03912272,0.05771197,0.0,0.0
poor_release,precomplexed,3.0,0.01,48.0,0.0,0.0,0.0,0.99992715,0.0,0.0,129.38938383,125.05164478,0.09491704,0.20924574,0.0,0.0
poor_release,precomplexed,3.0,0.01,72.0,0.0,0.0,0.0,0.99986135,0.0,0.0,132.26202332,134.10914187,0.12268238,0.3908488,0.0,0.0
poor_release,precomplexed,3.0,0.026101572156825372,24.0,0.0,0.0,0.0,0.99996251,0.0,0.0,280.05600886,223.40733343,0.10205403,0.15054915,0.0,0.0
poor_release,precomplexed,3.0,0.026101572156825372,48.0,0.0,0.0,0.0,0.99981008,0.0,0.0,337.23727863,325.98669558,0.24749173,0.54566952,0.0,0.0
poor_release,precomplexed,3.0,0.026101572156825372,72.0,2e-08,3e-08,2e-08,0.99963878,1e-08,2e-08,344.59733124,349.45057156,0.31975538,1.01896797,0.0,5e-08
poor_release,precomplexed,3.0,0.06812920690579614,24.0,0.0,0.0,0.0,0.99990232,0.0,0.0,729.27588246,581.99322201,0.26594639,0.39234853,0.0,0.0
poor_release,precomplexed,3.0,0.06812920690579614,48.0,2e-08,4e-08,2e-08,0.99950589,2e-08,2e-08,876.865828,847.99363627,0.64421687,1.42086889,0.0,6e-08
poor_release,precomplexed,3.0,0.06812920690579614,72.0,4e-07,5.8e-07,3.8e-07,0.99906162,1.9e-07,3e-07,895.12090292,908.01073475,0.83139739,2.65132063,0.0,8.2e-07
poor_release,precomplexed,3.0,0.1778279410038923,24.0,0.0,0.0,0.0,0.9997462,0.0,0.0,1891.47160756,1511.1122136,0.69112931,1.01980605,0.0,0.0
poor_release,precomplexed,3.0,0.1778279410038923,48.0,4.1e-07,7.7e-07,3.9e-07,0.99872127,3.8e-07,3.4e-07,2264.93802748,2193.07881404,1.66902658,3.68466087,0.0,1.1e-06
poor_release,precomplexed,3.0,0.1778279410038923,72.0,6.93e-06,9.9e-06,6.59e-06,0.99757802,3.32e-06,5.09e-06,2305.80712134,2341.02914629,2.1474124,6.86153939,0.0,1.406e-05
poor_release,precomplexed,3.0,0.464158883361278,24.0,1e-08,4e-08,1e-08,0.99934603,3e-08,1e-08,4847.67837919,3885.00378378,1.78138561,2.62991647,0.0,6e-08
poor_release,precomplexed,3.0,0.464158883361278,48.0,6.79e-06,1.276e-05,6.45e-06,0.99673721,6.31e-06,5.57e-06,5734.1414164,5572.9187448,4.26355121,9.438817,0.0,1.813e-05
poor_release,precomplexed,3.0,0.464158883361278,72.0,0.00011129,0.00015806,0.00010574,0.99381995,5.232e-05,8.141e-05,5789.89443317,5893.65930221,5.43594411,17.47128881,1e-08,0.00022437
poor_release,precomplexed,3.0,1.2115276586285888,24.0,1.9e-07,6.3e-07,1.8e-07,0.99836499,4.5e-07,1.7e-07,11881.9424929,9626.39062305,4.45148128,6.58287996,0.0,9e-07
poor_release,precomplexed,3.0,1.2115276586285888,48.0,9.744e-05,0.0001807,9.258e-05,0.99203169,8.812e-05,7.969e-05,13439.84257391,13242.22130923,10.32620118,23.08764292,0.0,0.00025655
poor_release,precomplexed,3.0,1.2115276586285888,72.0,0.00143839,0.00200811,0.0013669,0.98448893,0.00064121,0.00104293,13187.78086033,13545.21302956,12.7423589,41.83278819,1.6e-07,0.00284695
poor_release,precomplexed,3.0,3.1622776601683795,24.0,1.6e-06,5.34e-06,1.52e-06,0.99665653,3.81e-06,1.43e-06,21563.81170971,18508.01776576,8.94475132,13.34254351,0.0,7.58e-06
poor_release,precomplexed,3.0,3.1622776601683795,48.0,0.0006055,0.00107335,0.00057562,0.98503719,0.00049774,0.0004904,20906.22776843,21461.76767302,18.03105505,42.16489957,1.9e-07,0.00151682
poor_release,precomplexed,3.0,3.1622776601683795,72.0,0.00648692,0.00864754,0.00617855,0.9704758,0.00246898,0.00457622,19634.84750678,20433.7741097,20.16942739,71.28159734,1.549e-05,0.01203871
poor_release,precomplexed,3.0,8.25404185268019,24.0,1.31e-06,4.05e-06,1.25e-06,0.99685903,2.8e-06,1.17e-06,14686.53996307,13916.48520233,7.61703855,11.78201863,0.0,5.69e-06
poor_release,precomplexed,3.0,8.25404185268019,48.0,0.00024758,0.00041847,0.00023746,0.98865751,0.00018101,0.00019891,12611.97562949,13442.81712177,12.358537,31.22681713,1.645e-05,0.00055194
poor_release,precomplexed,3.0,8.25404185268019,72.0,0.00201598,0.00265344,0.00195345,0.98169058,0.0007,0.00141024,11418.74180114,12020.3127041,12.4801926,48.80400277,0.00050422,0.00326316
poor_release,precomplexed,3.0,21.544346900318843,24.0,2.2e-07,6.4e-07,2.1e-07,0.99819802,4.3e-07,1.9e-07,6268.80086193,6437.43946873,3.95241542,6.35860513,5e-08,8.3e-07
poor_release,precomplexed,3.0,21.544346900318843,48.0,2.87e-05,4.805e-05,2.802e-05,0.9945444,2.003e-05,2.325e-05,5248.47905391,5644.80092031,5.47830631,14.79143791,1.762e-05,5.634e-05
poor_release,precomplexed,3.0,21.544346900318843,72.0,0.00020492,0.00026914,0.00020163,0.99228125,6.751e-05,0.00014332,4766.87798474,5013.32924884,5.28895266,22.13230035,0.00015199,0.00029976
poor_release,precomplexed,3.0,56.23413251903491,24.0,2e-08,6e-08,2e-08,0.99917782,4e-08,2e-08,2499.86867571,2632.62411842,1.70424057,2.80788219,2e-08,7e-08
poor_release,precomplexed,3.0,56.23413251903491,48.0,2.25e-06,3.75e-06,2.22e-06,0.99769659,1.53e-06,1.83e-06,2076.95627285,2241.12167265,2.2220822,6.19112662,2.45e-06,4.08e-06
poor_release,precomplexed,3.0,56.23413251903491,72.0,1.499e-05,1.966e-05,1.487e-05,0.99687943,4.79e-06,1.047e-05,1888.18113716,1985.26245511,2.10808019,9.09972621,1.525e-05,2.078e-05
poor_release,precomplexed,3.0,146.77992676220705,24.0,0.0,0.0,0.0,0.99966044,0.0,0.0,972.39608981,1035.40721974,0.68631269,1.14324471,0.0,0.0
poor_release,precomplexed,3.0,146.77992676220705,48.0,1.5e-07,2.4e-07,1.5e-07,0.99907935,1e-07,1.2e-07,805.98548598,870.73566322,0.87145434,2.46326766,1.9e-07,2.6e-07
poor_release,precomplexed,3.0,146.77992676220705,72.0,9.5e-07,1.24e-06,9.4e-07,0.99877103,3e-07,6.6e-07,733.10057638,770.69025286,0.82061681,3.592562,1.08e-06,1.28e-06
poor_release,precomplexed,3.0,383.1186849557293,24.0,0.0,0.0,0.0,0.99986596,0.0,0.0,374.69290869,400.73190853,0.26818872,0.44872978,0.0,0.0
poor_release,precomplexed,3.0,383.1186849557293,48.0,1e-08,1e-08,1e-08,0.99964122,1e-08,1e-08,310.33658324,335.41375778,0.33694861,0.95802869,1e-08,2e-08
poor_release,precomplexed,3.0,383.1186849557293,72.0,6e-08,7e-08,6e-08,0.99952353,2e-08,4e-08,282.33627557,296.79549383,0.31636214,1.39293876,7e-08,7e-08
poor_release,precomplexed,3.0,1000.0,24.0,0.0,0.0,0.0,0.99994808,0.0,0.0,143.86484534,154.1182778,0.10350618,0.17345184,0.0,0.0
poor_release,precomplexed,3.0,1000.0,48.0,0.0,0.0,0.0,0.99986166,0.0,0.0,119.12413383,128.77022757,0.12953896,0.36909575,0.0,0.0
poor_release,precomplexed,3.0,1000.0,72.0,0.0,0.0,0.0,0.99981661,0.0,0.0,108.38683104,113.93453775,0.12149323,0.5360508,0.0,0.0
poor_release,precomplexed,100.0,0.01,24.0,0.0,0.0,0.0,0.99998474,0.0,0.0,114.00914966,90.88821512,0.04151558,0.06125481,0.0,0.0
poor_release,precomplexed,100.0,0.01,48.0,0.0,0.0,0.0,0.99992264,0.0,0.0,137.77515065,133.03330533,0.10085997,0.22225587,0.0,0.0
poor_release,precomplexed,100.0,0.01,72.0,0.0,0.0,0.0,0.99985256,0.0,0.0,141.19631424,143.04392111,0.13065732,0.4157117,0.0,0.0
poor_release,precomplexed,100.0,0.026101572156825372,24.0,0.0,0.0,0.0,0.99996019,0.0,0.0,297.42570881,237.14082187,0.10833367,0.15984683,0.0,0.0
poor_release,precomplexed,100.0,0.026101572156825372,48.0,0.0,0.0,0.0,0.99979826,0.0,0.0,359.23861338,346.92887439,0.26308539,0.57980896,0.0,0.0
poor_release,precomplexed,100.0,0.026101572156825372,72.0,3e-08,4e-08,3e-08,0.99961575,1e-08,2e-08,368.03252188,372.88892853,0.34067758,1.08420324,0.0,6e-08
poor_release,precomplexed,100.0,0.06812920690579614,24.0,0.0,0.0,0.0,0.99989616,0.0,0.0,775.25081526,618.34967277,0.2825712,0.41696439,0.0,0.0
poor_release,precomplexed,100.0,0.06812920690579614,48.0,3e-08,5e-08,3e-08,0.99947468,3e-08,2e-08,935.07503736,903.40930382,0.68548805,1.51123251,0.0,8e-08
poor_release,precomplexed,100.0,0.06812920690579614,72.0,4.9e-07,7e-07,4.7e-07,0.99900088,2.4e-07,3.6e-07,957.0864143,969.9974413,0.88674819,2.8239459,0.0,1e-06
poor_release,precomplexed,100.0,0.1778279410038923,24.0,0.0,0.0,0.0,0.99972952,0.0,0.0,2016.02203326,1609.62384854,0.73619347,1.08653676,0.0,0.0
poor_release,precomplexed,100.0,0.1778279410038923,48.0,5e-07,9.4e-07,4.7e-07,0.99863715,4.7e-07,4.1e-07,2422.43017735,2343.0773937,1.78079448,3.92945229,0.0,1.33e-06
poor_release,precomplexed,100.0,0.1778279410038923,72.0,8.46e-06,1.209e-05,8.04e-06,0.99741414,4.06e-06,6.21e-06,2473.18405569,2508.55989566,2.29713467,7.32882883,0.0,1.717e-05
poor_release,precomplexed,100.0,0.464158883361278,24.0,1e-08,5e-08,1e-08,0.9992979,4e-08,1e-08,5207.61198373,4169.92332264,1.91183144,2.82312641,0.0,7e-08
poor_release,precomplexed,100.0,0.464158883361278,48.0,8.45e-06,1.588e-05,8.03e-06,0.99649635,7.85e-06,6.93e-06,6187.50169189,6005.30231153,4.5862507,10.14616414,0.0,2.255e-05
poor_release,precomplexed,100.0,0.464158883361278,72.0,0.00013896,0.0001975,0.00013203,0.99333821,6.547e-05,0.00010169,6269.1885233,6374.26559779,5.86664652,18.81849349,0.0,0.00028041
poor_release,precomplexed,100.0,1.2115276586285888,24.0,2.5e-07,8.5e-07,2.4e-07,0.99819552,6.1e-07,2.3e-07,13151.08413113,10634.25465022,4.91428572,7.26879871,0.0,1.21e-06
poor_release,precomplexed,100.0,1.2115276586285888,48.0,0.00013205,0.00024502,0.00012546,0.99118501,0.00011957,0.000108,15007.08887861,14747.49677763,11.45849137,25.57841745,0.0,0.00034793
poor_release,precomplexed,100.0,1.2115276586285888,72.0,0.00196047,0.0027395,0.00186291,0.9825125,0.00087659,0.00142213,14803.07762983,15178.92899036,14.22646724,46.52495786,1.5e-07,0.00388561
poor_release,precomplexed,100.0,3.1622776601683795,24.0,3.91e-06,1.301e-05,3.71e-06,0.99552249,9.3e-06,3.49e-06,29615.81638933,25164.55772021,12.07317611,17.99057199,0.0,1.848e-05
poor_release,precomplexed,100.0,3.1622776601683795,48.0,0.00149728,0.00265639,0.00142305,0.97933214,0.00123334,0.00121281,28961.61071109,29687.11614508,24.7802744,57.63319121,1.9e-07,0.00376106
poor_release,precomplexed,100.0,3.1622776601683795,72.0,0.01596564,0.02120391,0.01519504,0.95396805,0.00600887,0.01124119,27224.32845854,28317.71166892,27.88711507,97.95358441,1.599e-05,0.02969392
poor_release,precomplexed,100.0,8.25404185268019,24.0,3.611e-05,0.00011148,3.433e-05,0.99066468,7.715e-05,3.209e-05,45143.00196098,42631.07749796,23.27821584,35.91097235,1e-08,0.00015754
poor_release,precomplexed,100.0,8.25404185268019,48.0,0.00623396,0.01034535,0.00597161,0.96224414,0.00437374,0.00497936,39203.02365384,41838.57355099,38.22766421,96.0724228,0.00015218,0.01373233
poor_release,precomplexed,100.0,8.25404185268019,72.0,0.04523918,0.05847717,0.04389308,0.91208563,0.01458409,0.03123081,34852.66302066,36892.31845473,38.55904539,150.45101655,0.0092762,0.07077178
poor_release,precomplexed,100.0,21.544346900318843,24.0,0.00010805,0.00031428,0.00010387,0.98580789,0.00021041,9.645e-05,48571.73710506,51400.89238864,32.11333849,51.71566337,1.588e-05,0.00040627
poor_release,precomplexed,100.0,21.544346900318843,48.0,0.01152032,0.01879895,0.01130113,0.95000911,0.00749782,0.00929492,39493.08048988,42861.21933697,42.64668094,117.0870732,0.00826238,0.02116082
poor_release,precomplexed,100.0,21.544346900318843,72.0,0.06773428,0.08661329,0.06709318,0.88535105,0.01952011,0.04637207,35648.89873375,37575.85249229,40.14952888,172.39332638,0.06137521,0.09176937
poor_release,precomplexed,100.0,56.23413251903491,24.0,0.00017371,0.00049673,0.00017035,0.98333991,0.00032638,0.00015763,47999.19479613,51927.86151714,34.97263956,58.32456966,0.00021487,0.00056124
poor_release,precomplexed,100.0,56.23413251903491,48.0,0.014343,0.02313318,0.01423871,0.9451289,0.00889447,0.01160627,39451.8587408,42760.28771132,43.31642142,123.67743911,0.01794723,0.02418232
poor_release,precomplexed,100.0,56.23413251903491,72.0,0.07638732,0.09699014,0.0761331,0.87573511,0.02085704,0.0518271,35792.0411275,37663.72114401,40.32942877,178.97684593,0.08692539,0.09896596
poor_release,precomplexed,100.0,146.77992676220705,24.0,6.135e-05,0.00017569,6.068e-05,0.98828743,0.000115,5.61e-05,32529.04622016,35104.11186736,23.87359835,40.17248854,0.00011842,0.00018854
poor_release,precomplexed,100.0,146.77992676220705,48.0,0.00507927,0.00826142,0.00505549,0.96589575,0.00320592,0.00412632,26861.96999467,29072.72347395,29.42771309,84.48819215,0.00711216,0.00851317
poor_release,precomplexed,100.0,146.77992676220705,72.0,0.02847715,0.03657528,0.02840446,0.93536866,0.00817083,0.0195084,24418.12919278,25677.11139365,27.4499994,122.14209218,0.03381155,0.03718564
poor_release,precomplexed,100.0,383.1186849557293,24.0,3.45e-06,9.98e-06,3.42e-06,0.9954924,6.56e-06,3.16e-06,12505.29247007,13426.94081443,9.06265577,15.21983388,7.32e-06,1.062e-05
poor_release,precomplexed,100.0,383.1186849557293,48.0,0.00031494,0.00051916,0.00031351,0.98798163,0.00020565,0.00025702,10348.30232121,11189.87473132,11.27964422,32.23653656,0.00045284,0.00053508
poor_release,precomplexed,100.0,383.1186849557293,72.0,0.001908,0.00248214,0.00190277,0.98283152,0.00057937,0.00132257,9413.46172867,9896.15414686,10.56077456,46.7406423,0.00229103,0.00252831
poor_release,precomplexed,100.0,1000.0,24.0,2e-07,5.7e-07,1.9e-07,0.99826474,3.7e-07,1.8e-07,4797.15773956,5146.04633473,3.46682304,5.81776149,4.2e-07,6e-07
poor_release,precomplexed,100.0,1000.0,48.0,1.846e-05,3.056e-05,1.837e-05,0.99540951,1.218e-05,1.508e-05,3971.1157272,4293.35177596,4.32418044,12.34408741,2.673e-05,3.151e-05
poor_release,precomplexed,100.0,1000.0,72.0,0.00011452,0.00014952,0.0001142,0.99386313,3.532e-05,7.965e-05,3613.05519467,3798.0558097,4.0516388,17.90993524,0.00013804,0.00015238
